8.840183019638061523e-01
7.378641963005065918e-01
9.257627725601196289e-01
8.824715018272399902e-01
9.768537878990173340e-01
9.041120409965515137e-01
9.237931966781616211e-01
9.529320597648620605e-01
9.748743176460266113e-01
9.094661474227905273e-01
9.460264444351196289e-01
9.290009737014770508e-01
9.650253057479858398e-01
9.530750513076782227e-01
8.282752037048339844e-01
9.832598567008972168e-01
9.148850440979003906e-01
9.619905352592468262e-01
9.569683074951171875e-01
9.602512717247009277e-01
9.073437452316284180e-01
9.174125790596008301e-01
9.574465155601501465e-01
7.210490703582763672e-01
9.355527758598327637e-01
9.053089618682861328e-01
8.813325166702270508e-01
7.277271151542663574e-01
4.947241544723510742e-01
8.884528279304504395e-01
9.182453155517578125e-01
8.712761402130126953e-01
8.728624582290649414e-01
9.489027261734008789e-01
8.443629741668701172e-01
8.583778142929077148e-01
9.440826773643493652e-01
8.637293577194213867e-01
9.297376275062561035e-01
9.029769897460937500e-01
8.533049225807189941e-01
9.596584439277648926e-01
9.144879579544067383e-01
9.494806528091430664e-01
8.385435938835144043e-01
9.477467536926269531e-01
6.810535192489624023e-01
7.529663443565368652e-01
8.279616832733154297e-01
8.971843719482421875e-01
7.587869167327880859e-01
8.510494232177734375e-01
9.807676076889038086e-01
6.159732937812805176e-01
9.659571647644042969e-01
8.653305768966674805e-01
9.811034798622131348e-01
4.712980687618255615e-01
9.090632796287536621e-01
9.496632218360900879e-01
9.598040580749511719e-01
9.550410509109497070e-01
9.240224361419677734e-01
9.731367230415344238e-01
9.278737306594848633e-01
9.521480202674865723e-01
9.734376668930053711e-01
9.703031778335571289e-01
9.082290530204772949e-01
9.576672911643981934e-01
9.306172132492065430e-01
9.794631004333496094e-01
9.099177718162536621e-01
8.742719888687133789e-01
9.548441767692565918e-01
9.086241722106933594e-01
9.229613542556762695e-01
9.354287981986999512e-01
8.911904692649841309e-01
9.166066050529479980e-01
9.688849747180938721e-02
9.506149291992187500e-01
9.155370593070983887e-01
9.772715568542480469e-01
9.174340963363647461e-01
8.630586266517639160e-01
9.678961634635925293e-01
8.212312459945678711e-01
9.289878010749816895e-01
9.690783023834228516e-01
9.260993003845214844e-01
9.240961074829101562e-01
9.693639278411865234e-01
9.635696411132812500e-01
9.074246287345886230e-01
9.166167974472045898e-01
8.114305734634399414e-01
7.765573263168334961e-01
8.382605314254760742e-01
8.932855129241943359e-01
9.567745327949523926e-01
8.517526984214782715e-01
9.177874922752380371e-01
9.020169973373413086e-01
9.533791542053222656e-01
9.529588818550109863e-01
1.169999837875366211e-01
9.552481174468994141e-01
9.248329401016235352e-01
9.856257438659667969e-01
9.606017470359802246e-01
9.602999091148376465e-01
8.978888988494873047e-01
9.555067420005798340e-01
9.807481169700622559e-01
8.975193500518798828e-01
8.908858895301818848e-01
8.129467964172363281e-01
9.163846373558044434e-01
9.416384696960449219e-01
4.553878009319305420e-01
7.223656773567199707e-01
9.650388360023498535e-01
8.320232629776000977e-01
8.899763226509094238e-01
9.341507554054260254e-01
9.581879973411560059e-01
1.990054249763488770e-01
5.397195816040039062e-01
8.917824029922485352e-01
5.058218240737915039e-01
9.833137989044189453e-01
9.190638661384582520e-01
9.166820049285888672e-01
9.258467555046081543e-01
9.834445118904113770e-01
8.603597283363342285e-01
9.569126367568969727e-01
9.170976877212524414e-01
8.205445408821105957e-01
9.103138446807861328e-01
9.232022166252136230e-01
8.947935104370117188e-01
8.436886668205261230e-01
8.707507848739624023e-01
7.439017891883850098e-01
8.955764770507812500e-01
8.101478815078735352e-01
9.389808177947998047e-01
6.657081842422485352e-01
8.693172335624694824e-01
8.940516114234924316e-01
8.972169160842895508e-01
9.527652263641357422e-01
9.619038701057434082e-01
7.227926850318908691e-01
9.295337200164794922e-01
8.679959774017333984e-01
9.375956058502197266e-01
8.665603995323181152e-01
9.504485130310058594e-01
9.466327428817749023e-01
9.659229516983032227e-01
8.856245875358581543e-01
8.917456865310668945e-01
9.081892371177673340e-01
9.444181919097900391e-01
8.303686380386352539e-01
9.237841963768005371e-01
8.948216438293457031e-01
9.124435782432556152e-01
9.077500700950622559e-01
8.983921408653259277e-01
8.073818087577819824e-01
9.326870441436767578e-01
9.784345626831054688e-01
9.085740447044372559e-01
9.779713153839111328e-01
9.479247927665710449e-01
8.893586397171020508e-01
9.643980264663696289e-01
9.409770965576171875e-01
9.372205734252929688e-01
9.354885220527648926e-01
9.731368422508239746e-01
8.761460781097412109e-01
8.625757694244384766e-01
8.134091496467590332e-01
8.969685435295104980e-01
8.684415221214294434e-01
9.702640175819396973e-01
9.766886830329895020e-01
2.405757904052734375e-01
9.397768378257751465e-01
9.433115720748901367e-01
9.298603534698486328e-01
9.827300310134887695e-01
9.220400452613830566e-01
9.627388715744018555e-01
9.421211481094360352e-01
8.993346691131591797e-01
8.414151668548583984e-01
9.444847702980041504e-01
8.923768401145935059e-01
9.523813724517822266e-01
9.187737703323364258e-01
9.824675321578979492e-01
8.239166736602783203e-01
9.443947076797485352e-01
8.421517014503479004e-01
9.607658386230468750e-01
9.678083062171936035e-01
9.195971488952636719e-01
8.948098421096801758e-01
9.213214516639709473e-01
7.694483995437622070e-01
8.595863580703735352e-01
8.840495944023132324e-01
8.526690602302551270e-01
9.018864035606384277e-01
3.416449725627899170e-01
8.928864598274230957e-01
7.923442721366882324e-01
9.382484555244445801e-01
9.030281305313110352e-01
9.807371497154235840e-01
8.583341240882873535e-01
9.341412186622619629e-01
8.961830139160156250e-01
8.744944930076599121e-01
9.601159691810607910e-01
9.102017283439636230e-01
9.721200466156005859e-01
9.745441079139709473e-01
9.175052642822265625e-01
8.759741783142089844e-01
9.513120651245117188e-01
9.397867918014526367e-01
9.448214173316955566e-01
6.338897943496704102e-01
4.207834228873252869e-02
8.436195254325866699e-01
8.892093896865844727e-01
9.356862306594848633e-01
9.009323716163635254e-01
9.422916769981384277e-01
8.631281852722167969e-01
6.620218753814697266e-01
8.039255142211914062e-01
9.335376620292663574e-01
7.780640721321105957e-01
9.664228558540344238e-01
8.862878680229187012e-01
9.706053733825683594e-01
9.903197884559631348e-01
9.828929305076599121e-01
9.862353205680847168e-01
9.478766322135925293e-01
8.142679929733276367e-01
8.294400572776794434e-01
8.907754421234130859e-01
7.553994059562683105e-01
9.588193893432617188e-01
7.595902085304260254e-01
8.807901144027709961e-01
8.581431508064270020e-01
8.958858847618103027e-01
2.585411369800567627e-01
9.494152069091796875e-01
9.572552442550659180e-01
7.784453034400939941e-01
9.711982607841491699e-01
9.449309706687927246e-01
8.719927072525024414e-01
9.553070664405822754e-01
8.205679655075073242e-01
9.735140204429626465e-01
8.725788593292236328e-01
9.712634086608886719e-01
8.618581295013427734e-01
9.632005691528320312e-01
9.777556657791137695e-01
9.855418205261230469e-01
9.440883994102478027e-01
9.217160940170288086e-01
9.582887291908264160e-01
9.802463054656982422e-01
9.642096757888793945e-01
8.820222616195678711e-01
9.458323121070861816e-01
8.115662336349487305e-01
9.600254893302917480e-01
9.858641624450683594e-01
9.780092239379882812e-01
9.882415533065795898e-01
9.284930825233459473e-01
9.734116196632385254e-01
9.233959913253784180e-01
9.205402135848999023e-01
9.377185106277465820e-01
8.815153241157531738e-01
9.389358758926391602e-01
9.311167597770690918e-01
8.917288780212402344e-01
9.781914353370666504e-01
9.805525541305541992e-01
8.349875807762145996e-01
9.073647856712341309e-01
8.995450139045715332e-01
9.695386886596679688e-01
9.062407612800598145e-01
8.668599724769592285e-01
8.991220593452453613e-01
8.880512714385986328e-01
8.785700201988220215e-01
9.102550745010375977e-01
9.508371353149414062e-01
9.366161227226257324e-01
9.499064087867736816e-01
9.662016034126281738e-01
9.456791281700134277e-01
9.095987677574157715e-01
8.301675915718078613e-01
8.970987200736999512e-01
8.737663626670837402e-01
7.943441271781921387e-01
8.512722253799438477e-01
9.654745459556579590e-01
9.132391214370727539e-01
8.673860430717468262e-01
9.599572420120239258e-01
8.799867630004882812e-01
9.371337294578552246e-01
8.458677530288696289e-01
8.956658840179443359e-01
9.126954078674316406e-01
8.829108476638793945e-01
2.696620821952819824e-01
9.146976470947265625e-01
8.108166456222534180e-01
8.715826272964477539e-01
7.122414112091064453e-01
8.937450647354125977e-01
9.512489438056945801e-01
9.029848575592041016e-01
8.404368162155151367e-01
9.673015475273132324e-01
8.691904544830322266e-01
9.672414660453796387e-01
9.508852362632751465e-01
8.622054457664489746e-01
9.759782552719116211e-01
8.624486327171325684e-01
9.441317319869995117e-01
8.709519505500793457e-01
9.555208683013916016e-01
9.616875648498535156e-01
9.620624184608459473e-01
9.355190396308898926e-01
3.751343488693237305e-01
6.088219881057739258e-01
9.559580087661743164e-01
9.333655238151550293e-01
9.297398924827575684e-01
8.640177845954895020e-01
9.033012390136718750e-01
9.063601493835449219e-01
8.390207886695861816e-01
9.182403087615966797e-01
6.570237278938293457e-01
9.471035599708557129e-01
9.440799951553344727e-01
9.747276306152343750e-01
8.371664881706237793e-01
8.633998036384582520e-01
9.244973659515380859e-01
9.600028395652770996e-01
9.727875590324401855e-01
9.303973317146301270e-01
8.590790033340454102e-01
9.341033697128295898e-01
7.553933858871459961e-01
4.906671047210693359e-01
9.642738103866577148e-01
9.411976337432861328e-01
8.500555753707885742e-01
9.392095804214477539e-01
9.355162382125854492e-01
9.257200956344604492e-01
9.082421660423278809e-01
7.706711888313293457e-01
9.169629812240600586e-01
7.773329615592956543e-01
9.384651184082031250e-01
9.004658460617065430e-01
9.651160836219787598e-01
9.777219891548156738e-01
9.704428911209106445e-01
9.862173795700073242e-01
9.841184616088867188e-01
9.677217602729797363e-01
8.895902633666992188e-01
9.125999212265014648e-01
9.509711265563964844e-01
7.753522396087646484e-01
8.867406249046325684e-01
9.853925704956054688e-01
9.358817934989929199e-01
9.919633865356445312e-01
8.724560141563415527e-01
9.002521038055419922e-01
9.280464053153991699e-01
7.724349498748779297e-01
9.075527191162109375e-01
8.997090458869934082e-01
4.670840799808502197e-01
9.431614875793457031e-01
7.765717506408691406e-01
9.791226387023925781e-01
9.147878289222717285e-01
9.757581949234008789e-01
8.754433393478393555e-01
9.530091881752014160e-01
1.777231693267822266e-01
9.163342714309692383e-01
9.681882262229919434e-01
8.866820335388183594e-01
9.176218509674072266e-01
8.792953491210937500e-01
8.696961402893066406e-01
6.635771989822387695e-01
8.860450387001037598e-01
9.153274297714233398e-01
9.083772897720336914e-01
9.432969689369201660e-01
8.573974370956420898e-01
9.434679746627807617e-01
9.148848056793212891e-01
9.340832829475402832e-01
8.447126150131225586e-01
9.596902132034301758e-01
8.086686134338378906e-01
9.266827702522277832e-01
9.651253223419189453e-01
8.428457975387573242e-01
9.517905116081237793e-01
9.367506504058837891e-01
9.128797054290771484e-01
9.506936669349670410e-01
9.132674336433410645e-01
9.626097679138183594e-01
9.083870649337768555e-01
9.836760759353637695e-01
9.317398071289062500e-01
9.534363150596618652e-01
9.102376103401184082e-01
8.284367322921752930e-01
9.309828281402587891e-01
9.307094216346740723e-01
9.158167839050292969e-01
9.045363664627075195e-01
9.406740069389343262e-01
9.032295942306518555e-01
9.131462574005126953e-01
9.183645844459533691e-01
9.434188604354858398e-01
8.265120983123779297e-01
9.314421415328979492e-01
9.227635264396667480e-01
9.735500216484069824e-01
9.587547779083251953e-01
9.696414470672607422e-01
9.508668184280395508e-01
9.339742660522460938e-01
9.191913604736328125e-01
9.307469725608825684e-01
9.534561038017272949e-01
9.581288099288940430e-01
8.703927397727966309e-01
9.608852863311767578e-01
9.597222805023193359e-01
8.856638669967651367e-01
8.393487930297851562e-01
9.607079029083251953e-01
9.228076934814453125e-01
9.323471188545227051e-01
9.005227684974670410e-01
9.012015461921691895e-01
6.924287676811218262e-01
7.284468412399291992e-01
7.992841005325317383e-01
9.384163618087768555e-01
9.537024497985839844e-01
9.499883055686950684e-01
9.032919406890869141e-01
9.250543117523193359e-01
8.952436447143554688e-01
9.254214167594909668e-01
8.580367565155029297e-01
9.024578332901000977e-01
8.955741524696350098e-01
8.522218465805053711e-01
7.830041646957397461e-01
7.924768328666687012e-01
9.013497233390808105e-01
7.230720520019531250e-01
8.170847892761230469e-01
9.230395555496215820e-01
9.384005069732666016e-01
9.522075057029724121e-01
9.747687578201293945e-01
9.266343116760253906e-01
9.532945156097412109e-01
9.333043098449707031e-01
9.019872546195983887e-01
9.272866845130920410e-01
9.083596467971801758e-01
8.845944404602050781e-01
9.600837230682373047e-01
9.888941645622253418e-01
9.556528925895690918e-01
8.743092417716979980e-01
9.686572551727294922e-01
9.749115705490112305e-01
9.579448103904724121e-01
9.450026750564575195e-01
9.053652882575988770e-01
8.927075862884521484e-01
8.113427162170410156e-01
8.837614655494689941e-01
5.449571013450622559e-01
7.771038413047790527e-01
9.012450575828552246e-01
8.580844402313232422e-01
8.520196676254272461e-01
9.286225438117980957e-01
8.873329758644104004e-01
8.157454729080200195e-01
6.732932329177856445e-01
9.584742188453674316e-01
8.971816301345825195e-01
6.096754670143127441e-01
9.158482551574707031e-01
9.947269558906555176e-01
9.297729134559631348e-01
9.514908790588378906e-01
9.373646378517150879e-01
9.616096019744873047e-01
9.261139035224914551e-01
5.479516386985778809e-01
8.589845299720764160e-01
9.447031617164611816e-01
7.465264201164245605e-01
9.764972925186157227e-01
9.567804932594299316e-01
9.119245409965515137e-01
8.751693367958068848e-01
9.364233016967773438e-01
9.263738393783569336e-01
9.823305606842041016e-01
9.726936221122741699e-01
8.975391387939453125e-01
9.687950611114501953e-01
8.924540281295776367e-01
9.711146950721740723e-01
8.779413104057312012e-01
8.982570171356201172e-01
9.546025991439819336e-01
8.835134506225585938e-01
8.879728317260742188e-01
8.505926132202148438e-01
8.569389581680297852e-01
9.437637925148010254e-01
9.025860428810119629e-01
9.143576622009277344e-01
7.856372594833374023e-01
8.369842171669006348e-01
9.045190215110778809e-01
9.666366577148437500e-01
9.510908126831054688e-01
6.141832470893859863e-01
8.143969178199768066e-01
9.151564836502075195e-01
9.615263342857360840e-01
9.763159751892089844e-01
9.422520995140075684e-01
9.676415920257568359e-01
9.729526638984680176e-01
8.960683941841125488e-01
8.826009631156921387e-01
9.798064827919006348e-01
9.499615430831909180e-01
9.357677698135375977e-01
9.227302074432373047e-01
9.669283628463745117e-01
9.575921893119812012e-01
6.852014064788818359e-01
8.675924539566040039e-01
3.200066387653350830e-01
9.849836230278015137e-01
7.378578186035156250e-01
1.651033908128738403e-01
8.013645410537719727e-01
9.233699440956115723e-01
8.672944307327270508e-01
9.336556792259216309e-01
5.464724302291870117e-01
8.520362973213195801e-01
8.653008341789245605e-01
9.135536551475524902e-01
9.620136618614196777e-01
9.255260825157165527e-01
8.444899320602416992e-01
9.399268627166748047e-01
9.397994279861450195e-01
9.547609686851501465e-01
9.340192079544067383e-01
9.271875619888305664e-01
9.733501076698303223e-01
9.720495939254760742e-01
9.365328550338745117e-01
8.286821842193603516e-01
9.128877520561218262e-01
7.950601577758789062e-01
8.662967085838317871e-01
9.188662767410278320e-01
4.479787647724151611e-01
9.495347738265991211e-01
8.727596998214721680e-01
6.806438565254211426e-01
9.069627523422241211e-01
8.175440430641174316e-01
8.806155323982238770e-01
9.440206885337829590e-01
9.697979688644409180e-01
9.290794134140014648e-01
9.458833932876586914e-01
8.245884180068969727e-01
9.063556790351867676e-01
9.265525937080383301e-01
9.670779109001159668e-01
9.192633628845214844e-01
9.039123654365539551e-01
9.153262376785278320e-01
9.583697319030761719e-01
8.723152279853820801e-01
8.732423782348632812e-01
8.849841952323913574e-01
7.995778322219848633e-01
8.936300873756408691e-01
8.408194780349731445e-01
9.093663096427917480e-01
9.956621527671813965e-01
8.942088484764099121e-01
9.182776212692260742e-01
9.640242457389831543e-01
9.344612360000610352e-01
9.776533246040344238e-01
9.778721332550048828e-01
9.626588821411132812e-01
9.862678050994873047e-01
9.959840774536132812e-01
9.638898372650146484e-01
9.171050786972045898e-01
9.891741275787353516e-01
9.166810512542724609e-01
9.086617231369018555e-01
9.327900409698486328e-01
9.296430945396423340e-01
9.574260711669921875e-01
7.902609705924987793e-01
9.027067422866821289e-01
9.169033169746398926e-01
9.498490095138549805e-01
9.324064850807189941e-01
9.560346007347106934e-01
8.624420166015625000e-01
9.295934438705444336e-01
9.331964254379272461e-01
9.081358909606933594e-01
8.451524376869201660e-01
9.590247869491577148e-01
9.017812609672546387e-01
9.149762392044067383e-01
8.269292712211608887e-01
8.833440542221069336e-01
9.601516723632812500e-01
9.733625650405883789e-01
9.850231409072875977e-01
9.837703704833984375e-01
9.290271997451782227e-01
8.882651925086975098e-01
9.393014907836914062e-01
9.322487115859985352e-01
8.060159087181091309e-01
9.390546083450317383e-01
9.319416284561157227e-01
7.935481667518615723e-01
9.073756933212280273e-01
8.963105082511901855e-01
9.856411814689636230e-01
9.014555215835571289e-01
9.217222929000854492e-01
9.412113428115844727e-01
9.353460073471069336e-01
9.758561849594116211e-01
9.206605553627014160e-01
8.990992307662963867e-01
7.759716510772705078e-01
8.927920460700988770e-01
9.593056440353393555e-01
9.127835631370544434e-01
6.626093387603759766e-01
9.403762221336364746e-01
8.509011268615722656e-01
8.385323286056518555e-01
9.337385892868041992e-01
8.866607546806335449e-01
9.566966891288757324e-01
8.503710031509399414e-01
6.917926073074340820e-01
7.102985382080078125e-01
8.654844164848327637e-01
7.716074585914611816e-01
8.718239068984985352e-01
8.619335889816284180e-01
9.474356770515441895e-01
9.194344282150268555e-01
9.497964382171630859e-01
6.200816631317138672e-01
3.250129818916320801e-01
9.646215438842773438e-01
9.637497067451477051e-01
9.792390465736389160e-01
9.201297163963317871e-01
9.773158431053161621e-01
9.780232906341552734e-01
8.570075631141662598e-01
9.479008913040161133e-01
9.357414245605468750e-01
8.112286329269409180e-01
9.403374195098876953e-01
9.261004328727722168e-01
8.922657966613769531e-01
9.417231678962707520e-01
9.657563567161560059e-01
6.656163930892944336e-01
9.752191305160522461e-01
9.014118909835815430e-01
9.593309164047241211e-01
8.403456211090087891e-01
9.335892796516418457e-01
9.814152717590332031e-01
9.223977923393249512e-01
9.258274435997009277e-01
9.730697870254516602e-01
8.645517230033874512e-01
9.208191633224487305e-01
9.345349073410034180e-01
9.220001697540283203e-01
9.402714967727661133e-01
9.410756230354309082e-01
8.958501815795898438e-01
9.798505902290344238e-01
9.708600640296936035e-01
9.097996950149536133e-01
8.448927402496337891e-01
9.768347144126892090e-01
8.755393028259277344e-01
9.496450424194335938e-01
8.524722456932067871e-01
8.714985847473144531e-01
9.600294232368469238e-01
9.693959355354309082e-01
9.659298658370971680e-01
9.410595297813415527e-01
9.086526036262512207e-01
9.221951961517333984e-01
8.572508692741394043e-01
8.215686082839965820e-01
9.388624429702758789e-01
9.045288562774658203e-01
9.088524580001831055e-01
9.780144095420837402e-01
7.825540900230407715e-01
9.577380418777465820e-01
9.631415605545043945e-01
8.734503388404846191e-01
9.604001641273498535e-01
9.524829387664794922e-01
9.284802675247192383e-01
9.422449469566345215e-01
8.990978598594665527e-01
9.592109918594360352e-01
9.803813099861145020e-01
9.829280972480773926e-01
9.107444286346435547e-01
9.879864454269409180e-01
8.593614697456359863e-01
9.663926959037780762e-01
9.223849773406982422e-01
5.862959623336791992e-01
9.310905337333679199e-01
9.126042127609252930e-01
9.451802372932434082e-01
9.221541285514831543e-01
9.552236199378967285e-01
8.907862305641174316e-01
8.993809819221496582e-01
8.920880556106567383e-01
8.887026906013488770e-01
9.824329614639282227e-01
5.222039818763732910e-01
9.633836150169372559e-01
9.081420302391052246e-01
4.978376030921936035e-01
8.249421715736389160e-01
7.501381039619445801e-01
7.612261772155761719e-01
9.129438996315002441e-01
8.657177686691284180e-01
9.833897948265075684e-01
8.703581690788269043e-01
8.729951977729797363e-01
9.235402345657348633e-01
3.601299226284027100e-01
8.638355731964111328e-01
8.820460438728332520e-01
9.061322212219238281e-01
8.176567554473876953e-01
9.538196325302124023e-01
8.132227063179016113e-01
9.515080451965332031e-01
8.324975371360778809e-01
8.799335360527038574e-01
9.612948298454284668e-01
8.320652842521667480e-01
9.658040404319763184e-01
8.717445135116577148e-01
9.141750335693359375e-01
3.986772894859313965e-02
2.806119620800018311e-01
8.576185107231140137e-01
7.373583316802978516e-01
9.272599816322326660e-01
9.788079857826232910e-01
9.372236728668212891e-01
9.601418375968933105e-01
9.311290979385375977e-01
9.057574272155761719e-01
8.929830193519592285e-01
9.176107645034790039e-01
9.414077401161193848e-01
9.201164841651916504e-01
9.389134645462036133e-01
7.865914106369018555e-01
9.669120311737060547e-01
8.615534901618957520e-01
9.581885337829589844e-01
9.762468338012695312e-01
9.486546516418457031e-01
9.751551151275634766e-01
9.636796712875366211e-01
9.161039590835571289e-01
8.624312877655029297e-01
7.876098752021789551e-01
9.221187233924865723e-01
8.570840358734130859e-01
9.092711210250854492e-01
8.928373456001281738e-01
9.476233720779418945e-01
7.933984994888305664e-01
9.363471269607543945e-01
2.426378726959228516e-01
9.687536954879760742e-01
8.967458605766296387e-01
9.482517242431640625e-01
9.377310872077941895e-01
9.134621620178222656e-01
9.546722173690795898e-01
9.570139050483703613e-01
9.599866867065429688e-01
9.303818345069885254e-01
9.212241172790527344e-01
9.408276081085205078e-01
9.279285669326782227e-01
9.635255932807922363e-01
9.623655676841735840e-01
5.949935317039489746e-01
8.436418771743774414e-01
9.305229187011718750e-01
9.397913813591003418e-01
8.567806482315063477e-01
8.854215741157531738e-01
9.756283760070800781e-01
9.517120122909545898e-01
9.018872380256652832e-01
9.158437252044677734e-01
9.637780785560607910e-01
9.392796754837036133e-01
5.396325588226318359e-01
9.814152717590332031e-01
9.700243473052978516e-01
9.356840252876281738e-01
9.622867703437805176e-01
9.139628410339355469e-01
9.665110707283020020e-01
9.091404080390930176e-01
9.004471302032470703e-01
8.280767202377319336e-01
8.884400129318237305e-01
8.886776566505432129e-01
8.121672868728637695e-01
9.050497412681579590e-01
8.398098945617675781e-01
9.236235618591308594e-01
8.791027665138244629e-01
8.813548088073730469e-01
8.150221705436706543e-01
9.693704843521118164e-01
9.259718060493469238e-01
8.943426609039306641e-01
8.393463492393493652e-01
6.496977806091308594e-01
9.194973111152648926e-01
8.469827175140380859e-01
9.106510877609252930e-01
9.396484494209289551e-01
9.810531735420227051e-01
9.626884460449218750e-01
9.784634113311767578e-01
9.096416831016540527e-01
9.266166687011718750e-01
7.883178591728210449e-01
9.869595766067504883e-01
5.329622626304626465e-01
8.802570104598999023e-01
3.434583544731140137e-01
8.589602112770080566e-01
7.748134732246398926e-01
9.823642969131469727e-01
9.399555921554565430e-01
8.967304825782775879e-01
9.683067798614501953e-01
8.973074555397033691e-01
9.346973299980163574e-01
8.321313858032226562e-01
8.533539772033691406e-01
8.184393048286437988e-01
8.887055516242980957e-01
9.795542359352111816e-01
9.221722483634948730e-01
6.512333750724792480e-01
9.530677795410156250e-01
9.136746525764465332e-01
8.927026987075805664e-01
9.723328948020935059e-01
8.900500535964965820e-01
9.417108893394470215e-01
8.976469635963439941e-01
8.872168064117431641e-01
9.913256168365478516e-01
9.539159536361694336e-01
9.810475111007690430e-01
9.010453820228576660e-01
9.553837180137634277e-01
9.693724513053894043e-01
9.309600591659545898e-01
9.021564722061157227e-01
9.052527546882629395e-01
9.778173565864562988e-01
9.439429044723510742e-01
8.301043510437011719e-01
9.399359226226806641e-01
9.745020866394042969e-01
9.583120942115783691e-01
9.806479811668395996e-01
9.644630551338195801e-01
8.999181985855102539e-01
9.647157192230224609e-01
9.205203652381896973e-01
9.391863346099853516e-01
9.485942721366882324e-01
8.075157403945922852e-01
8.856993913650512695e-01
8.515818715095520020e-01
9.284598827362060547e-01
9.367480278015136719e-01
9.393454194068908691e-01
9.197601675987243652e-01
9.375236630439758301e-01
9.083306193351745605e-01
4.357580244541168213e-01
8.570280075073242188e-01
9.453129768371582031e-01
5.950696468353271484e-01
9.739591479301452637e-01
9.859264492988586426e-01
9.105180501937866211e-01
9.035578370094299316e-01
8.868429064750671387e-01
7.599482536315917969e-01
9.344872832298278809e-01
8.850023150444030762e-01
8.836591243743896484e-01
8.115599155426025391e-01
9.223532676696777344e-01
8.980134725570678711e-01
8.921625614166259766e-01
7.892688512802124023e-01
9.449541568756103516e-01
1.854733079671859741e-01
8.232046961784362793e-01
4.146226048469543457e-01
9.086876511573791504e-01
1.301901042461395264e-01
9.725163578987121582e-01
9.067942500114440918e-01
9.064304828643798828e-01
8.606213331222534180e-01
9.049160480499267578e-01
7.969896793365478516e-01
9.268007278442382812e-01
2.157345712184906006e-01
8.543136119842529297e-01
9.307361245155334473e-01
8.483886122703552246e-01
9.755882620811462402e-01
9.406964778900146484e-01
9.649925827980041504e-01
9.512466192245483398e-01
9.676668643951416016e-01
8.719111084938049316e-01
5.891385078430175781e-01
8.651083111763000488e-01
9.325712323188781738e-01
9.194200038909912109e-01
9.347969293594360352e-01
9.415398836135864258e-01
8.875958919525146484e-01
9.252979755401611328e-01
8.150957226753234863e-01
9.650380015373229980e-01
9.647231101989746094e-01
9.887375235557556152e-01
8.850861191749572754e-01
9.206321239471435547e-01
9.161415696144104004e-01
8.618187308311462402e-01
8.649572730064392090e-01
9.692848920822143555e-01
8.569996953010559082e-01
8.106759786605834961e-01
9.462900757789611816e-01
9.270617365837097168e-01
8.571789264678955078e-01
8.780107498168945312e-01
8.024806976318359375e-01
7.701476216316223145e-01
7.746338844299316406e-01
7.543926239013671875e-01
4.004468321800231934e-01
9.662186503410339355e-01
8.321616798639297485e-02
8.742316961288452148e-01
7.911156415939331055e-01
9.472399950027465820e-01
9.228108525276184082e-01
9.376600384712219238e-01
9.602216482162475586e-01
9.410828351974487305e-01
8.792430162429809570e-01
9.124253392219543457e-01
9.404841661453247070e-01
9.533692002296447754e-01
9.504739046096801758e-01
7.032727003097534180e-01
8.174868822097778320e-01
8.556438684463500977e-01
9.068109989166259766e-01
9.068573713302612305e-01
8.668887615203857422e-01
8.914672583341598511e-02
8.729670643806457520e-01
9.896240234375000000e-01
8.931087255477905273e-01
9.554271697998046875e-01
8.166217803955078125e-01
9.468511343002319336e-01
9.209454059600830078e-01
9.603394269943237305e-01
9.795335531234741211e-01
7.986397147178649902e-01
8.855372667312622070e-01
7.743037939071655273e-01
9.770025014877319336e-01
8.876291513442993164e-01
9.519817233085632324e-01
7.477535605430603027e-01
9.226052165031433105e-01
6.693739295005798340e-01
8.876194357872009277e-01
9.249699115753173828e-01
9.450405836105346680e-01
1.398468464612960815e-01
8.866600394248962402e-01
7.894034385681152344e-01
7.686238288879394531e-01
9.691973328590393066e-01
8.725933432579040527e-01
9.554465413093566895e-01
9.353479146957397461e-01
9.353949427604675293e-01
9.606881737709045410e-01
9.143447279930114746e-01
9.222994446754455566e-01
9.233399629592895508e-01
6.309027671813964844e-01
8.657050132751464844e-01
9.330920577049255371e-01
9.393782615661621094e-01
8.352899551391601562e-01
8.286468386650085449e-01
9.280593395233154297e-01
8.236147761344909668e-01
8.846377134323120117e-01
3.319610655307769775e-01
9.526638388633728027e-01
8.584073185920715332e-01
7.779355645179748535e-01
2.359934300184249878e-01
9.021850228309631348e-01
8.618885278701782227e-01
9.749718904495239258e-01
8.987098932266235352e-01
9.830361604690551758e-01
9.273534417152404785e-01
8.672242760658264160e-01
9.548853635787963867e-01
9.434053897857666016e-01
9.124739766120910645e-01
9.854235649108886719e-01
9.422640800476074219e-01
9.483937621116638184e-01
8.906104564666748047e-01
9.558757543563842773e-01
9.366128444671630859e-01
9.886072874069213867e-01
7.493745684623718262e-01
9.074211716651916504e-01
9.497884511947631836e-01
9.493723511695861816e-01
7.751879692077636719e-01
8.051009178161621094e-01
9.187371730804443359e-01
6.739107370376586914e-01
8.690139055252075195e-01
9.196595549583435059e-01
8.671683073043823242e-01
8.552445769309997559e-01
9.544929265975952148e-01
9.007576704025268555e-01
8.576360344886779785e-01
9.442958235740661621e-01
9.522708058357238770e-01
8.930940628051757812e-01
9.676567316055297852e-01
9.167588353157043457e-01
9.849702119827270508e-01
9.280576109886169434e-01
9.241638779640197754e-01
9.394607543945312500e-01
8.783208727836608887e-01
9.539164304733276367e-01
8.503203392028808594e-01
8.487440347671508789e-01
8.271263837814331055e-01
9.406263232231140137e-01
9.342969059944152832e-01
9.149897098541259766e-01
9.469794631004333496e-01
8.866227269172668457e-01
8.693931102752685547e-01
8.845547437667846680e-01
8.562690019607543945e-01
8.144101500511169434e-01
9.262009859085083008e-01
8.670793175697326660e-01
9.136747717857360840e-01
8.426997661590576172e-01
9.057259559631347656e-01
9.369757175445556641e-01
8.440423011779785156e-01
9.009165167808532715e-01
7.238062024116516113e-01
8.268488645553588867e-01
9.850761294364929199e-01
9.095625281333923340e-01
9.556971788406372070e-01
9.790159463882446289e-01
8.326457142829895020e-01
9.258952736854553223e-01
9.166674613952636719e-01
9.169675111770629883e-01
8.913408517837524414e-01
7.818393707275390625e-01
9.134115576744079590e-01
2.060879468917846680e-01
8.227003216743469238e-01
8.708267211914062500e-01
8.880742788314819336e-01
8.224627375602722168e-01
9.309101700782775879e-01
1.263884007930755615e-01
8.927505016326904297e-01
8.527932167053222656e-01
9.243406653404235840e-01
8.202545046806335449e-01
9.108680486679077148e-01
9.461813569068908691e-01
1.113747898489236832e-02
9.541814327239990234e-01
9.359291195869445801e-01
9.652536511421203613e-01
8.985317945480346680e-01
8.807604908943176270e-01
7.192050218582153320e-01
8.259109258651733398e-01
7.905624508857727051e-01
9.265757203102111816e-01
9.124886393547058105e-01
8.898121118545532227e-01
8.962428569793701172e-01
8.562983870506286621e-01
5.010074973106384277e-01
9.500938057899475098e-01
9.728828668594360352e-01
9.822186827659606934e-01
9.453005790710449219e-01
9.662120938301086426e-01
9.453722834587097168e-01
9.483159184455871582e-01
9.839132428169250488e-01
9.715046882629394531e-01
8.390610218048095703e-01
6.361730694770812988e-01
9.360105991363525391e-01
7.325341105461120605e-01
9.078608751296997070e-01
8.598711490631103516e-01
9.680573344230651855e-01
9.345695972442626953e-01
9.586914181709289551e-01
9.867131114006042480e-01
9.753008484840393066e-01
9.368779063224792480e-01
6.866309046745300293e-01
9.816133379936218262e-01
9.026553630828857422e-01
8.933366537094116211e-01
9.746876955032348633e-01
9.138153195381164551e-01
9.625261425971984863e-01
9.095841646194458008e-01
8.966014981269836426e-01
8.484058976173400879e-01
9.861707091331481934e-01
9.164412617683410645e-01
8.021908402442932129e-01
7.959188222885131836e-01
9.302531480789184570e-01
8.558968305587768555e-01
3.899172842502593994e-01
9.267953038215637207e-01
3.793500661849975586e-01
9.307924509048461914e-01
5.893310308456420898e-01
1.302030682563781738e-01
8.245475888252258301e-01
8.584936857223510742e-01
8.590047359466552734e-01
9.085114598274230957e-01
9.538961648941040039e-01
9.358571767807006836e-01
8.859769701957702637e-01
8.862081766128540039e-01
9.142253994941711426e-01
8.143692016601562500e-01
9.053910970687866211e-01
9.406447410583496094e-01
3.251450955867767334e-01
6.319172978401184082e-01
5.021380186080932617e-01
9.025685191154479980e-01
9.418610334396362305e-01
9.065169095993041992e-01
9.270594120025634766e-01
9.365960359573364258e-01
9.567344188690185547e-01
9.654864072799682617e-01
8.149358034133911133e-01
9.541604518890380859e-01
9.565865993499755859e-01
9.702218174934387207e-01
9.627692699432373047e-01
8.112317919731140137e-01
9.040884971618652344e-01
9.288680553436279297e-01
9.614844918251037598e-01
8.777903318405151367e-01
8.723081946372985840e-01
8.861403465270996094e-01
8.829629421234130859e-01
9.070209860801696777e-01
9.034484028816223145e-01
9.044076800346374512e-01
8.989809751510620117e-01
9.225069880485534668e-01
9.653825759887695312e-01
8.918490409851074219e-01
7.694447040557861328e-01
8.742235898971557617e-01
9.185627698898315430e-01
9.260828495025634766e-01
7.621335387229919434e-01
9.259615540504455566e-01
8.679372072219848633e-01
9.054901599884033203e-01
7.048798203468322754e-01
8.467851877212524414e-01
9.366080760955810547e-01
9.816198945045471191e-01
9.393850564956665039e-01
8.314436674118041992e-01
9.222874045372009277e-01
9.073628187179565430e-01
8.826757073402404785e-01
9.899634122848510742e-01
9.048246145248413086e-01
9.579749703407287598e-01
9.563337564468383789e-01
9.764766693115234375e-01
9.145852327346801758e-01
9.303671121597290039e-01
8.622920513153076172e-01
9.392829537391662598e-01
7.655106782913208008e-01
9.740265607833862305e-01
8.854234218597412109e-01
8.486289978027343750e-01
9.250062704086303711e-01
9.156587719917297363e-01
9.047772288322448730e-01
8.994244337081909180e-01
9.048644304275512695e-01
9.547005891799926758e-01
9.604254961013793945e-01
9.630849361419677734e-01
9.701749682426452637e-01
8.933322429656982422e-01
9.229370951652526855e-01
9.697332382202148438e-01
8.906724452972412109e-01
9.463984966278076172e-01
8.783193230628967285e-01
9.437449574470520020e-01
8.824473023414611816e-01
9.681476354598999023e-01
8.827631473541259766e-01
9.752426743507385254e-01
5.797385573387145996e-01
9.757671952247619629e-01
9.304100275039672852e-01
9.603961110115051270e-01
7.594839334487915039e-01
9.025413393974304199e-01
9.477009177207946777e-01
8.698140382766723633e-01
8.955671787261962891e-01
9.141575694084167480e-01
9.149914979934692383e-01
9.398351311683654785e-01
9.172933697700500488e-01
9.523651003837585449e-01
9.346476197242736816e-01
9.025910496711730957e-01
8.933389186859130859e-01
9.876675605773925781e-01
8.025754690170288086e-01
9.326316714286804199e-01
8.280251622200012207e-01
9.081333875656127930e-01
8.623679876327514648e-01
9.421222805976867676e-01
8.298113346099853516e-01
9.046907424926757812e-01
9.946239590644836426e-01
9.360893368721008301e-01
9.458621740341186523e-01
9.165032505989074707e-01
9.500566720962524414e-01
9.891780614852905273e-01
8.778508305549621582e-01
8.490447402000427246e-01
5.662186145782470703e-01
8.942101597785949707e-01
9.147902727127075195e-01
9.431096315383911133e-01
9.699386358261108398e-01
9.558086395263671875e-01
8.450589179992675781e-01
9.118589162826538086e-01
9.474737644195556641e-01
9.187992215156555176e-01
9.402976036071777344e-01
9.788922667503356934e-01
8.134875297546386719e-01
9.463356733322143555e-01
9.159784913063049316e-01
9.136519432067871094e-01
9.650988578796386719e-01
9.348737597465515137e-01
8.993601799011230469e-01
8.575037717819213867e-01
8.829715251922607422e-01
8.693228960037231445e-01
8.969357013702392578e-01
9.587465524673461914e-01
8.829971551895141602e-01
8.748722672462463379e-01
9.531238079071044922e-01
6.631518006324768066e-01
9.101819992065429688e-01
5.634764209389686584e-02
9.523811340332031250e-01
9.442794919013977051e-01
8.340683579444885254e-01
8.746520876884460449e-01
9.547277688980102539e-01
9.305701851844787598e-01
9.075181484222412109e-01
8.796899914741516113e-01
9.286917448043823242e-01
8.917297124862670898e-01
9.284309744834899902e-01
9.567626118659973145e-01
9.312920570373535156e-01
8.316854238510131836e-01
8.701393008232116699e-01
8.887752890586853027e-01
8.768858313560485840e-01
9.114515781402587891e-01
8.978464603424072266e-01
9.265941381454467773e-01
8.823375701904296875e-01
8.554489016532897949e-01
9.668269753456115723e-01
9.087427854537963867e-01
8.669320344924926758e-01
9.587978124618530273e-01
8.529391288757324219e-01
9.467645287513732910e-01
9.469464421272277832e-01
9.254020452499389648e-01
8.880026340484619141e-01
8.857425451278686523e-01
9.019465446472167969e-01
8.573435544967651367e-01
9.506349563598632812e-01
9.735958576202392578e-01
9.771733880043029785e-01
9.462343454360961914e-01
7.467973828315734863e-01
8.439761400222778320e-01
8.381018638610839844e-01
8.743304610252380371e-01
9.645766019821166992e-01
9.251217842102050781e-01
9.327231645584106445e-01
9.344273805618286133e-01
8.656643629074096680e-01
8.611465692520141602e-01
9.309607148170471191e-01
7.381057143211364746e-01
9.683510661125183105e-01
6.864393353462219238e-01
9.006266593933105469e-01
8.854644298553466797e-01
8.639293909072875977e-01
9.333808422088623047e-01
8.651046752929687500e-01
8.746695518493652344e-01
8.894293308258056641e-01
9.799018502235412598e-01
9.284581542015075684e-01
7.325299084186553955e-02
9.409400820732116699e-01
6.780291199684143066e-01
9.158525466918945312e-01
9.589543342590332031e-01
8.900434374809265137e-01
8.840702176094055176e-01
9.598304629325866699e-01
9.899150729179382324e-01
9.573940038681030273e-01
9.911761283874511719e-01
8.806823492050170898e-01
8.373498916625976562e-01
9.540780782699584961e-01
9.669832587242126465e-01
9.504137635231018066e-01
8.134494423866271973e-01
8.067932128906250000e-01
8.927978277206420898e-01
7.501925826072692871e-01
1.680958569049835205e-01
9.748707413673400879e-01
9.274150729179382324e-01
9.252364635467529297e-01
9.697212576866149902e-01
9.030042886734008789e-01
9.307865500450134277e-01
9.570739865303039551e-01
9.187612533569335938e-01
8.928335905075073242e-01
9.209735393524169922e-01
8.797092437744140625e-01
8.695588707923889160e-01
9.866468310356140137e-01
9.459400177001953125e-01
9.356178045272827148e-01
8.323333263397216797e-01
9.066667556762695312e-01
8.621839284896850586e-01
8.534184098243713379e-01
7.838664054870605469e-01
9.468348622322082520e-01
9.258401393890380859e-01
8.870108127593994141e-01
3.614344596862792969e-01
9.204351305961608887e-01
8.499485850334167480e-01
6.445194482803344727e-01
9.342844486236572266e-01
8.067999482154846191e-01
8.962408304214477539e-01
9.235379099845886230e-01
9.943221211433410645e-01
8.592298626899719238e-01
9.363278150558471680e-01
8.611736893653869629e-01
9.610794782638549805e-01
8.970164656639099121e-01
8.955409526824951172e-01
9.272373914718627930e-01
9.634113907814025879e-01
9.274588227272033691e-01
9.259762763977050781e-01
8.588607907295227051e-01
9.345012307167053223e-01
9.437883496284484863e-01
9.681677818298339844e-01
9.107251167297363281e-01
9.654879570007324219e-01
8.730634450912475586e-01
9.217813014984130859e-01
9.306957125663757324e-01
8.853245973587036133e-01
9.648389220237731934e-01
8.532506227493286133e-01
9.642826318740844727e-01
9.692628383636474609e-01
6.603797078132629395e-01
9.510627388954162598e-01
6.238491535186767578e-01
9.055278897285461426e-01
9.406028389930725098e-01
9.749586582183837891e-01
8.775398135185241699e-01
9.205298423767089844e-01
9.837340116500854492e-01
9.884023070335388184e-01
8.531243801116943359e-01
8.415716886520385742e-01
9.604983925819396973e-01
9.179583787918090820e-01
8.659375309944152832e-01
9.281477332115173340e-01
8.160505890846252441e-01
9.446154832839965820e-01
8.406046628952026367e-01
9.021996259689331055e-01
9.471658468246459961e-01
9.376832246780395508e-01
9.188827276229858398e-01
9.701023697853088379e-01
9.595791101455688477e-01
8.458603620529174805e-01
9.012870788574218750e-01
9.319322705268859863e-01
9.417150020599365234e-01
9.865003824234008789e-01
8.874956369400024414e-01
9.511235356330871582e-01
8.230896592140197754e-01
9.164319038391113281e-01
9.617841839790344238e-01
9.895215630531311035e-01
8.570649623870849609e-01
8.294862508773803711e-01
9.563494920730590820e-01
8.304897546768188477e-01
9.102878570556640625e-01
9.757658243179321289e-01
9.034624099731445312e-01
9.265863895416259766e-01
9.075357317924499512e-01
9.277253150939941406e-01
9.433706998825073242e-01
9.581545591354370117e-01
9.106274843215942383e-01
9.790370464324951172e-01
9.544618725776672363e-01
9.948632717132568359e-01
9.212905764579772949e-01
9.539402723312377930e-01
9.856311082839965820e-01
9.819756150245666504e-01
9.571754336357116699e-01
7.089561820030212402e-01
9.442468285560607910e-01
9.517033100128173828e-01
8.404694795608520508e-01
8.915115594863891602e-01
8.793610930442810059e-01
7.870930433273315430e-01
8.351899683475494385e-02
8.784722089767456055e-01
9.144557118415832520e-01
9.350091218948364258e-01
8.683822751045227051e-01
7.636285424232482910e-01
9.941256046295166016e-01
9.401623010635375977e-01
9.747332930564880371e-01
9.127227663993835449e-01
9.485809803009033203e-01
9.910261631011962891e-01
9.179179072380065918e-01
9.612965583801269531e-01
8.754929304122924805e-01
9.627553820610046387e-01
9.689751863479614258e-01
9.125039577484130859e-01
8.786812424659729004e-01
9.590182900428771973e-01
8.224109411239624023e-01
9.161461591720581055e-01
8.631989359855651855e-01
9.223191142082214355e-01
9.614543914794921875e-01
9.538281559944152832e-01
9.575269818305969238e-01
9.200971722602844238e-01
9.010991454124450684e-01
9.694998860359191895e-01
9.665521979331970215e-01
9.617748260498046875e-01
9.622521996498107910e-01
9.383932352066040039e-01
8.790610432624816895e-01
9.222058057785034180e-01
8.140192627906799316e-01
9.087760448455810547e-01
7.137476205825805664e-01
8.608253002166748047e-01
5.783056616783142090e-01
9.121728539466857910e-01
9.472047090530395508e-01
8.822603821754455566e-01
8.509111404418945312e-01
2.257018387317657471e-01
8.950972557067871094e-01
4.607819318771362305e-01
9.817861914634704590e-01
8.521574139595031738e-01
9.541245102882385254e-01
9.620586633682250977e-01
9.612955451011657715e-01
9.703285098075866699e-01
9.773786664009094238e-01
9.477517604827880859e-01
9.203180670738220215e-01
9.740319252014160156e-01
7.808588147163391113e-01
9.791467785835266113e-01
9.591280817985534668e-01
9.429193139076232910e-01
9.544001221656799316e-01
9.791527986526489258e-01
9.873454570770263672e-01
8.731877803802490234e-01
9.435920715332031250e-01
9.239546060562133789e-01
9.343499541282653809e-01
9.756291508674621582e-01
8.407226800918579102e-01
9.245164394378662109e-01
9.072555303573608398e-01
9.517213106155395508e-01
9.425042271614074707e-01
8.742324709892272949e-01
9.442037940025329590e-01
9.823902845382690430e-01
9.555978775024414062e-01
9.270012378692626953e-01
9.118444919586181641e-01
8.184226751327514648e-01
8.964155912399291992e-01
8.732308745384216309e-01
9.596320986747741699e-01
7.336611300706863403e-02
9.405713081359863281e-01
9.614146351814270020e-01
8.613521456718444824e-01
8.593400120735168457e-01
8.319703936576843262e-01
8.820320963859558105e-01
6.417276859283447266e-01
8.179971575736999512e-01
1.511914432048797607e-01
8.784713745117187500e-01
9.649153351783752441e-01
9.154454469680786133e-01
8.542805910110473633e-01
9.241430163383483887e-01
9.324768781661987305e-01
7.906696200370788574e-01
9.201550483703613281e-01
8.646886944770812988e-01
8.998657464981079102e-01
9.345207810401916504e-01
8.909617662429809570e-01
9.262813329696655273e-01
9.718014597892761230e-01
9.335782527923583984e-01
8.615568876266479492e-01
9.726174473762512207e-01
8.415683507919311523e-01
6.565081477165222168e-01
8.681420087814331055e-01
8.649327754974365234e-01
7.458004951477050781e-01
7.362294197082519531e-01
8.684252500534057617e-01
8.591799736022949219e-01
8.299283385276794434e-01
9.706577062606811523e-01
5.720363855361938477e-01
7.842507362365722656e-01
8.763915896415710449e-01
9.304829239845275879e-01
7.467685937881469727e-01
4.463133513927459717e-01
9.321348071098327637e-01
8.580532073974609375e-01
9.514117836952209473e-01
9.286830425262451172e-01
8.189451694488525391e-01
5.885115861892700195e-01
9.125396013259887695e-01
9.022529125213623047e-01
9.402515888214111328e-01
8.352831602096557617e-01
8.608469367027282715e-01
9.064782261848449707e-01
8.303559422492980957e-01
9.294247627258300781e-01
9.057245254516601562e-01
9.725140333175659180e-01
9.162943363189697266e-01
9.234104752540588379e-01
9.445682168006896973e-01
9.704079627990722656e-01
9.350870251655578613e-01
9.488544464111328125e-01
9.230414628982543945e-01
9.000163078308105469e-01
9.174666404724121094e-01
9.482704997062683105e-01
9.199292063713073730e-01
9.601244330406188965e-01
9.655501246452331543e-01
9.510910511016845703e-01
9.548844099044799805e-01
9.005493521690368652e-01
9.446567893028259277e-01
8.605895042419433594e-01
9.451009631156921387e-01
9.534298777580261230e-01
7.276278138160705566e-01
8.786934018135070801e-01
9.393792748451232910e-01
9.844791293144226074e-01
8.062783479690551758e-01
8.746023774147033691e-01
9.365594387054443359e-01
9.040565490722656250e-01
9.691558480262756348e-01
9.065775275230407715e-01
8.078891038894653320e-01
5.367510318756103516e-01
9.176287055015563965e-01
8.032673597335815430e-01
9.836761951446533203e-01
9.709081649780273438e-01
8.614575266838073730e-01
9.670173525810241699e-01
9.738231897354125977e-01
6.630881428718566895e-01
9.622306227684020996e-01
9.248170852661132812e-01
8.504481315612792969e-01
8.072105646133422852e-01
7.412665486335754395e-01
9.354008436203002930e-01
9.039608240127563477e-01
8.955716490745544434e-01
9.905658364295959473e-01
9.204617738723754883e-01
8.958796262741088867e-01
9.610916972160339355e-01
9.319728612899780273e-01
9.030923247337341309e-01
8.852992057800292969e-01
8.673723340034484863e-01
8.338767290115356445e-01
9.167767763137817383e-01
8.995194435119628906e-01
9.725173711776733398e-01
8.794551491737365723e-01
4.303667247295379639e-01
2.455696612596511841e-01
9.286247491836547852e-01
9.375114440917968750e-01
2.186943888664245605e-01
9.383797049522399902e-01
9.007841348648071289e-01
2.566441893577575684e-01
4.983558058738708496e-01
9.128854274749755859e-01
8.821653127670288086e-01
9.661454558372497559e-01
9.456927776336669922e-01
9.529193043708801270e-01
9.070668816566467285e-01
9.635806083679199219e-01
9.212386012077331543e-01
8.936077356338500977e-01
8.623914718627929688e-01
9.272632002830505371e-01
8.907272219657897949e-01
9.162794351577758789e-01
9.029476046562194824e-01
7.546949386596679688e-01
9.568675756454467773e-01
9.451118111610412598e-01
7.920532226562500000e-01
9.029642343521118164e-01
8.322360515594482422e-01
8.819865584373474121e-01
8.964118361473083496e-01
9.060720801353454590e-01
7.981391549110412598e-01
9.328896403312683105e-01
7.731074690818786621e-01
8.814297914505004883e-01
3.196242749691009521e-01
8.545381426811218262e-01
9.289909005165100098e-01
9.526481032371520996e-01
9.411700963973999023e-01
9.618076682090759277e-01
9.489167928695678711e-01
9.398311376571655273e-01
9.359894990921020508e-01
9.396557807922363281e-01
9.687605500221252441e-01
9.649182558059692383e-01
8.700056672096252441e-01
9.530793428421020508e-01
8.558806777000427246e-01
8.903439044952392578e-01
8.591708540916442871e-01
7.328496575355529785e-01
9.705941081047058105e-01
9.447286128997802734e-01
9.127535820007324219e-01
8.711385726928710938e-01
9.206290245056152344e-01
9.079948663711547852e-01
9.320670366287231445e-01
9.041064977645874023e-01
9.392423033714294434e-01
9.605541825294494629e-01
7.999741435050964355e-01
9.696292281150817871e-01
8.319191932678222656e-01
9.724686741828918457e-01
9.948378801345825195e-01
9.587159752845764160e-01
9.302918910980224609e-01
8.142470717430114746e-01
8.413007259368896484e-01
9.093664884567260742e-01
9.384831190109252930e-01
9.770273566246032715e-01
9.056702256202697754e-01
9.764087200164794922e-01
9.875850677490234375e-01
8.105192780494689941e-01
9.507298469543457031e-01
7.049611210823059082e-01
9.466326832771301270e-01
9.104367494583129883e-01
9.942803978919982910e-01
8.932425975799560547e-01
9.838860034942626953e-01
8.220847249031066895e-01
9.522092938423156738e-01
8.831710815429687500e-01
9.246171116828918457e-01
9.499405026435852051e-01
8.784945011138916016e-01
9.915722161531448364e-02
9.418739676475524902e-01
8.634832501411437988e-01
9.384581446647644043e-01
9.318274855613708496e-01
9.508582949638366699e-01
8.831769824028015137e-01
8.839448690414428711e-01
9.569288492202758789e-01
9.410145878791809082e-01
8.168898224830627441e-01
8.957285881042480469e-01
8.611202239990234375e-01
8.832490444183349609e-01
6.312240362167358398e-01
9.123473167419433594e-01
8.978409767150878906e-01
9.254199862480163574e-01
9.134709835052490234e-01
9.698775410652160645e-01
9.048194885253906250e-01
9.303866028785705566e-01
9.181383848190307617e-01
9.562941789627075195e-01
9.462662935256958008e-01
9.017821550369262695e-01
9.660169482231140137e-01
9.195029139518737793e-01
9.182499051094055176e-01
8.785446882247924805e-01
9.423643350601196289e-01
9.344276189804077148e-01
9.375418424606323242e-01
8.677466511726379395e-01
8.227214217185974121e-01
7.082032561302185059e-01
8.904489874839782715e-01
9.775268435478210449e-01
9.228431582450866699e-01
9.196480512619018555e-01
9.631022214889526367e-01
9.194548726081848145e-01
9.804857373237609863e-01
9.478777050971984863e-01
9.465335607528686523e-01
9.714630246162414551e-01
9.105381369590759277e-01
8.487217426300048828e-01
8.419816493988037109e-01
9.371448159217834473e-01
9.293516278266906738e-01
9.944800138473510742e-01
9.446743726730346680e-01
9.135107398033142090e-01
2.388016134500503540e-01
8.869134783744812012e-01
9.517640471458435059e-01
8.818354606628417969e-01
9.386186599731445312e-01
7.578805088996887207e-01
8.389294743537902832e-01
8.839451670646667480e-01
9.540926218032836914e-01
9.375451207160949707e-01
9.885894060134887695e-01
9.819048047065734863e-01
8.012120127677917480e-01
9.032483100891113281e-01
9.833849668502807617e-01
9.253596067428588867e-01
9.332163929939270020e-01
8.870546817779541016e-01
9.122149944305419922e-01
9.804389476776123047e-01
9.101160168647766113e-01
9.268578290939331055e-01
8.709846735000610352e-01
2.276514172554016113e-01
9.264574050903320312e-01
9.823122024536132812e-01
8.595831394195556641e-01
9.532764554023742676e-01
9.724939465522766113e-01
9.007260203361511230e-01
9.355310797691345215e-01
8.992759585380554199e-01
3.622688651084899902e-01
9.269547462463378906e-01
8.313123583793640137e-01
9.316077828407287598e-01
9.151579737663269043e-01
9.330896735191345215e-01
8.635308146476745605e-01
9.319806694984436035e-01
8.831182718276977539e-01
9.596272706985473633e-01
8.824659585952758789e-01
9.175437092781066895e-01
8.658004999160766602e-01
9.593026638031005859e-01
9.100029468536376953e-01
9.185851812362670898e-01
9.797726273536682129e-01
8.434075713157653809e-01
8.896271586418151855e-01
9.479181766510009766e-01
9.297965168952941895e-01
8.664551377296447754e-01
8.115364909172058105e-01
8.866208791732788086e-01
8.340409994125366211e-01
9.693823456764221191e-01
9.730620980262756348e-01
9.683988094329833984e-01
8.649681806564331055e-01
9.750654101371765137e-01
9.111185073852539062e-01
9.298341870307922363e-01
9.531282186508178711e-01
9.686801433563232422e-01
9.567902684211730957e-01
9.116148948669433594e-01
9.487689733505249023e-01
8.873162865638732910e-01
9.257060289382934570e-01
8.546235561370849609e-01
8.478824496269226074e-01
9.476937651634216309e-01
9.056674838066101074e-01
8.994431495666503906e-01
8.305416107177734375e-01
7.635574936866760254e-01
8.357886075973510742e-01
9.232410192489624023e-01
8.201957345008850098e-01
9.556268453598022461e-01
9.412410855293273926e-01
9.299657940864562988e-01
9.653683304786682129e-01
8.846138715744018555e-01
8.668676614761352539e-01
9.804972410202026367e-01
5.309206247329711914e-01
9.434668421745300293e-01
8.524700999259948730e-01
9.013127684593200684e-01
9.711116552352905273e-01
9.864366650581359863e-01
6.972866654396057129e-01
9.475944638252258301e-01
8.679355382919311523e-01
9.126299619674682617e-01
9.683601856231689453e-01
9.179628491401672363e-01
9.271608591079711914e-01
9.642974138259887695e-01
8.678889870643615723e-01
9.578095078468322754e-01
9.249083995819091797e-01
9.263467192649841309e-01
8.659563660621643066e-01
8.507682085037231445e-01
8.453848958015441895e-01
8.505507707595825195e-01
8.691458702087402344e-01
9.161518216133117676e-01
9.323232173919677734e-01
9.815955162048339844e-01
8.967605233192443848e-01
9.257081747055053711e-01
8.703663349151611328e-01
9.583626985549926758e-01
8.676320314407348633e-01
9.093427658081054688e-01
9.907540678977966309e-01
9.745844602584838867e-01
9.141307473182678223e-01
9.777189493179321289e-01
8.199545145034790039e-01
9.475533962249755859e-01
8.746300935745239258e-01
8.371109366416931152e-01
7.822834253311157227e-01
4.274290204048156738e-01
9.041841030120849609e-01
9.457278251647949219e-01
8.951975107192993164e-01
8.618099689483642578e-01
9.001535773277282715e-01
8.261591196060180664e-01
8.331205248832702637e-01
9.002590775489807129e-01
7.813251018524169922e-01
5.504252314567565918e-01
9.235929250717163086e-01
9.421130418777465820e-01
7.282536625862121582e-01
8.872120976448059082e-01
9.357935190200805664e-01
9.552937746047973633e-01
9.686564803123474121e-01
8.569554090499877930e-01
1.184396594762802124e-01
8.959074020385742188e-01
9.313573241233825684e-01
8.030283451080322266e-01
8.927072286605834961e-01
8.713158369064331055e-01
9.113481044769287109e-01
7.927109599113464355e-01
8.941986560821533203e-01
8.532637357711791992e-01
9.310481548309326172e-01
8.236572742462158203e-01
9.104462862014770508e-01
8.243458271026611328e-01
9.684131741523742676e-01
8.713870048522949219e-01
8.963755965232849121e-01
9.282898902893066406e-01
4.967280924320220947e-01
9.425114393234252930e-01
9.725810289382934570e-01
9.374520778656005859e-01
9.445614814758300781e-01
7.606538534164428711e-01
6.847044229507446289e-01
8.970510363578796387e-01
8.839682340621948242e-01
9.081573486328125000e-01
8.895914554595947266e-01
9.399036169052124023e-01
9.184350967407226562e-01
9.797258377075195312e-01
9.787865877151489258e-01
8.178486824035644531e-01
8.134120702743530273e-01
9.019683003425598145e-01
9.368894696235656738e-01
9.621833562850952148e-01
9.205442667007446289e-01
9.340351223945617676e-01
9.780361056327819824e-01
9.874982237815856934e-01
9.323068857192993164e-01
9.942765235900878906e-01
9.095782637596130371e-01
8.643069863319396973e-01
9.197339415550231934e-01
9.517452120780944824e-01
8.405962586402893066e-01
9.648247957229614258e-01
6.115475296974182129e-01
7.255626916885375977e-01
9.608351588249206543e-01
9.211342334747314453e-01
9.322185516357421875e-01
9.770625829696655273e-01
9.002087116241455078e-01
7.991897463798522949e-01
9.045122861862182617e-01
9.258083105087280273e-01
8.969390392303466797e-01
8.994752168655395508e-01
8.665807843208312988e-01
8.498166799545288086e-01
9.311575293540954590e-01
9.321757555007934570e-01
8.836421370506286621e-01
9.209775328636169434e-01
9.772104024887084961e-01
8.203997611999511719e-01
8.283467292785644531e-01
8.144246935844421387e-01
8.200269937515258789e-01
8.879105448722839355e-01
8.210116028785705566e-01
9.300264120101928711e-01
8.017072677612304688e-01
8.220176100730895996e-01
9.235299825668334961e-01
9.003992080688476562e-01
9.837281107902526855e-01
9.521708488464355469e-01
8.739352822303771973e-01
8.667410612106323242e-01
8.874913454055786133e-01
9.549291133880615234e-01
9.381342530250549316e-01
9.557637572288513184e-01
9.512612819671630859e-01
5.953255891799926758e-01
9.363412261009216309e-01
5.650297999382019043e-01
9.037802815437316895e-01
9.374664425849914551e-01
9.114105701446533203e-01
7.301303148269653320e-01
9.077577590942382812e-01
8.775328993797302246e-01
9.528656005859375000e-01
9.647217392921447754e-01
8.425170183181762695e-01
9.701200723648071289e-01
9.904640316963195801e-01
9.610242247581481934e-01
9.898980259895324707e-01
8.395433425903320312e-01
9.373705983161926270e-01
9.184982776641845703e-01
9.763751626014709473e-01
9.856750369071960449e-01
9.908995628356933594e-01
8.656415939331054688e-01
9.847372174263000488e-01
8.773150444030761719e-01
9.767843484878540039e-01
8.137348890304565430e-01
9.160374402999877930e-01
9.332891702651977539e-01
8.167678713798522949e-01
8.783280253410339355e-01
2.597017586231231689e-01
9.271932244300842285e-01
8.841800093650817871e-01
9.617817401885986328e-01
9.532606005668640137e-01
9.582534432411193848e-01
8.483096957206726074e-01
9.698959589004516602e-01
9.519622325897216797e-01
8.924584388732910156e-01
9.494596123695373535e-01
9.820656180381774902e-01
8.946871161460876465e-01
9.141265153884887695e-01
2.109398841857910156e-01
9.020382165908813477e-01
6.153205037117004395e-01
9.761712551116943359e-01
9.641456604003906250e-01
9.119094610214233398e-01
9.376434087753295898e-01
9.722964763641357422e-01
8.853294849395751953e-01
9.438289999961853027e-01
9.569026827812194824e-01
9.556832909584045410e-01
9.386749267578125000e-01
8.885242342948913574e-01
9.401014447212219238e-01
8.636449575424194336e-01
9.291239380836486816e-01
9.035395979881286621e-01
9.457894563674926758e-01
9.578201174736022949e-01
9.643817543983459473e-01
2.313081026077270508e-01
8.793869614601135254e-01
5.451343655586242676e-01
8.753216266632080078e-01
6.978400945663452148e-01
9.723249077796936035e-01
8.647434115409851074e-01
8.992067575454711914e-01
8.236575126647949219e-01
8.842833638191223145e-01
9.224200844764709473e-01
8.454360961914062500e-01
8.537143468856811523e-01
8.998268842697143555e-01
8.322030901908874512e-01
7.777424454689025879e-01
9.200964570045471191e-01
9.612010717391967773e-01
9.482030868530273438e-01
9.035260677337646484e-01
8.061349391937255859e-01
9.353668689727783203e-01
9.202306270599365234e-01
9.652206897735595703e-01
9.740558862686157227e-01
8.892707824707031250e-01
9.044687747955322266e-01
9.652129411697387695e-01
9.595975875854492188e-01
9.450498819351196289e-01
9.367041587829589844e-01
9.578908085823059082e-01
9.661999940872192383e-01
9.053362011909484863e-01
9.314219355583190918e-01
9.191018342971801758e-01
9.289911985397338867e-01
8.813784122467041016e-01
8.361260890960693359e-01
8.693653941154479980e-01
8.446042537689208984e-01
9.178012609481811523e-01
8.086554408073425293e-01
8.792699575424194336e-01
8.257789015769958496e-01
8.455410003662109375e-01
1.723187863826751709e-01
9.042933583259582520e-01
9.497110843658447266e-01
8.857872486114501953e-01
9.288086891174316406e-01
7.598421573638916016e-01
6.658840179443359375e-01
9.027281999588012695e-01
9.573301672935485840e-01
8.992031216621398926e-01
8.361750841140747070e-01
9.185478091239929199e-01
9.625065326690673828e-01
9.121022820472717285e-01
9.061594605445861816e-01
7.585307955741882324e-01
8.547936081886291504e-01
9.579146504402160645e-01
9.506389498710632324e-01
8.604347705841064453e-01
8.928786516189575195e-01
9.602614641189575195e-01
9.586922526359558105e-01
9.312326908111572266e-01
9.519253373146057129e-01
8.845638036727905273e-01
9.108072519302368164e-01
9.799078702926635742e-01
9.330441355705261230e-01
9.784221649169921875e-01
9.461329579353332520e-01
9.237952828407287598e-01
9.790624976158142090e-01
9.409321546554565430e-01
9.085665941238403320e-01
1.476846188306808472e-01
9.356856942176818848e-01
9.715865254402160645e-01
8.707035779953002930e-01
7.248958945274353027e-01
9.813865423202514648e-01
9.310129284858703613e-01
9.699077606201171875e-01
9.855154156684875488e-01
9.819434285163879395e-01
9.447529911994934082e-01
8.814144134521484375e-01
9.690662026405334473e-01
8.708147406578063965e-01
9.679764509201049805e-01
9.186825752258300781e-01
8.981125950813293457e-01
9.243886470794677734e-01
9.446765780448913574e-01
9.797877073287963867e-01
9.390385746955871582e-01
9.396842122077941895e-01
9.253085851669311523e-01
9.234268069267272949e-01
9.426121711730957031e-01
9.439848661422729492e-01
9.125630855560302734e-01
9.312344193458557129e-01
9.041405916213989258e-01
9.326633810997009277e-01
9.062124490737915039e-01
7.779251933097839355e-01
9.223510622978210449e-01
8.483078479766845703e-01
9.234638214111328125e-01
9.437479376792907715e-01
9.228963851928710938e-01
9.157566428184509277e-01
3.424088656902313232e-01
9.357925653457641602e-01
8.790150880813598633e-01
9.047573804855346680e-01
8.786478042602539062e-01
9.364062547683715820e-01
8.610709905624389648e-01
9.075640439987182617e-01
4.764530062675476074e-01
8.191125988960266113e-01
7.304517030715942383e-01
9.468684792518615723e-01
8.729851841926574707e-01
9.146593213081359863e-01
9.399490952491760254e-01
1.051677018404006958e-01
8.891727924346923828e-01
9.360874891281127930e-01
8.688018321990966797e-01
6.018892526626586914e-01
9.386160373687744141e-01
4.280466437339782715e-01
8.989912867546081543e-01
9.205368757247924805e-01
9.329410195350646973e-01
9.602205157279968262e-01
9.349588751792907715e-01
9.797447919845581055e-01
8.580657243728637695e-01
8.686008453369140625e-01
9.758902788162231445e-01
9.453511834144592285e-01
9.452010989189147949e-01
9.140899181365966797e-01
8.899300694465637207e-01
8.518080711364746094e-01
9.669187068939208984e-01
9.053300619125366211e-01
8.302148580551147461e-01
8.447409272193908691e-01
8.095927238464355469e-01
8.122037053108215332e-01
8.713055849075317383e-01
9.073805809020996094e-01
9.919429421424865723e-01
9.576157331466674805e-01
8.299493193626403809e-01
8.787958621978759766e-01
9.044511914253234863e-01
5.321153998374938965e-01
9.284645915031433105e-01
9.117161035537719727e-01
9.497781991958618164e-01
9.662693738937377930e-01
9.159585237503051758e-01
9.901925325393676758e-01
8.451775312423706055e-01
9.212809205055236816e-01
8.852071762084960938e-01
9.837418198585510254e-01
9.295932650566101074e-01
8.760729432106018066e-01
5.444330722093582153e-02
9.461348056793212891e-01
9.752750396728515625e-01
8.830602765083312988e-01
8.288161754608154297e-01
9.113829731941223145e-01
8.705744743347167969e-01
9.130847454071044922e-01
8.955758213996887207e-01
8.869594931602478027e-01
9.541154503822326660e-01
5.568632483482360840e-01
9.251655936241149902e-01
9.480133056640625000e-01
9.012560248374938965e-01
9.622246623039245605e-01
9.818820953369140625e-01
9.098041653633117676e-01
9.875604510307312012e-01
9.629785418510437012e-01
8.974835276603698730e-01
9.190096259117126465e-01
8.852779269218444824e-01
3.635928332805633545e-01
9.285904169082641602e-01
8.861724138259887695e-01
7.756271958351135254e-01
8.290688991546630859e-01
9.622629284858703613e-01
8.813273310661315918e-01
9.032742977142333984e-01
9.184967279434204102e-01
9.538843631744384766e-01
6.656352281570434570e-01
9.020816087722778320e-01
8.485223650932312012e-01
8.574542999267578125e-01
9.515624046325683594e-01
8.321686983108520508e-01
9.444186687469482422e-01
9.857434034347534180e-01
7.923864722251892090e-01
9.228904843330383301e-01
8.861955404281616211e-01
8.689614534378051758e-01
8.889749050140380859e-01
9.291078448295593262e-01
9.323227405548095703e-01
8.642078638076782227e-01
9.440151453018188477e-01
3.727894425392150879e-01
8.114837408065795898e-01
8.768423795700073242e-01
9.474782347679138184e-01
9.270749688148498535e-01
9.647616744041442871e-01
8.210772275924682617e-01
9.569796919822692871e-01
9.130627512931823730e-01
7.866937518119812012e-01
7.116859555244445801e-01
9.329990148544311523e-01
9.572912454605102539e-01
9.569721221923828125e-01
9.186769723892211914e-01
9.032992720603942871e-01
9.202243685722351074e-01
9.450896382331848145e-01
8.375815749168395996e-01
9.210968613624572754e-01
8.392746448516845703e-01
8.493534326553344727e-01
7.543797791004180908e-02
8.749485611915588379e-01
7.675485014915466309e-01
9.397594332695007324e-01
9.253401160240173340e-01
9.011375904083251953e-01
9.204234480857849121e-01
4.658406078815460205e-01
9.443193674087524414e-01
9.634884595870971680e-01
9.771164059638977051e-01
9.532274007797241211e-01
9.262446165084838867e-01
8.174161911010742188e-01
9.852415919303894043e-01
9.915236234664916992e-01
9.446206092834472656e-01
9.650682806968688965e-01
9.705110788345336914e-01
9.153066277503967285e-01
8.743206262588500977e-01
9.267931580543518066e-01
5.447781085968017578e-01
9.377498626708984375e-01
8.586819171905517578e-01
9.287522435188293457e-01
8.585013747215270996e-01
9.963185191154479980e-01
9.723485708236694336e-01
9.443430304527282715e-01
8.661152720451354980e-01
8.833246231079101562e-01
9.722670316696166992e-01
9.721405506134033203e-01
9.871400594711303711e-01
9.620504379272460938e-01
9.679002165794372559e-01
9.676621556282043457e-01
9.767498970031738281e-01
9.587004780769348145e-01
9.417808651924133301e-01
9.735252261161804199e-01
9.078675508499145508e-01
8.747245669364929199e-01
8.801761269569396973e-01
9.376583099365234375e-01
9.297154545783996582e-01
8.860093951225280762e-01
8.123927712440490723e-01
9.610679745674133301e-01
8.772987127304077148e-01
8.697555065155029297e-01
8.912929296493530273e-01
9.342596530914306641e-01
8.889148831367492676e-01
9.295046329498291016e-01
9.459266662597656250e-01
1.991475373506546021e-01
9.414817690849304199e-01
8.337506055831909180e-01
8.362075686454772949e-01
8.891196846961975098e-01
9.857826828956604004e-01
9.598608613014221191e-01
8.850882649421691895e-01
9.086940884590148926e-01
9.175091981887817383e-01
9.193304181098937988e-01
9.285184144973754883e-01
8.843185901641845703e-01
9.072052836418151855e-01
9.018849134445190430e-01
9.345136880874633789e-01
9.546645879745483398e-01
9.174863100051879883e-01
6.448222398757934570e-01
9.497542977333068848e-01
8.407384157180786133e-01
3.132601082324981689e-01
8.976421356201171875e-01
8.744016885757446289e-01
9.263421297073364258e-01
8.735927939414978027e-01
8.200514316558837891e-01
9.454220533370971680e-01
9.364483356475830078e-01
9.499912858009338379e-01
8.757656812667846680e-01
1.971238106489181519e-01
8.392529487609863281e-01
7.406187057495117188e-01
8.452811241149902344e-01
7.889500856399536133e-01
8.883731365203857422e-01
9.267123937606811523e-01
6.679959893226623535e-01
6.082295775413513184e-01
8.328754305839538574e-01
7.410093545913696289e-01
9.403328299522399902e-01
9.866275787353515625e-01
9.718749523162841797e-01
9.377408027648925781e-01
9.594141244888305664e-01
9.252318739891052246e-01
9.474632143974304199e-01
8.537300825119018555e-01
9.807416796684265137e-01
9.724471569061279297e-01
9.566150903701782227e-01
9.646707773208618164e-01
9.906476736068725586e-01
9.607789516448974609e-01
8.243162035942077637e-01
9.769654870033264160e-01
9.748198986053466797e-01
9.042484760284423828e-01
8.103817105293273926e-01
8.881345391273498535e-01
9.424966573715209961e-01
9.233645200729370117e-01
7.754263877868652344e-01
9.202316403388977051e-01
8.620704412460327148e-01
8.765623569488525391e-01
9.133484959602355957e-01
9.412540197372436523e-01
9.219595789909362793e-01
3.244394958019256592e-01
7.739103436470031738e-01
8.264641761779785156e-01
6.697566509246826172e-01
9.588208794593811035e-01
9.000089168548583984e-01
9.734883904457092285e-01
9.759291410446166992e-01
9.492876529693603516e-01
8.758066892623901367e-01
9.690020084381103516e-01
9.403005838394165039e-01
9.232475757598876953e-01
9.498200416564941406e-01
9.818761944770812988e-01
9.159471392631530762e-01
8.544721603393554688e-01
8.174183368682861328e-01
8.074553012847900391e-01
9.472417831420898438e-01
9.288209080696105957e-01
8.952950835227966309e-01
9.116055369377136230e-01
9.227851033210754395e-01
9.869957566261291504e-01
7.763144969940185547e-01
9.322461485862731934e-01
8.772190809249877930e-01
9.189007282257080078e-01
9.853377938270568848e-01
9.205675125122070312e-01
9.441377520561218262e-01
8.557778000831604004e-01
8.641055226325988770e-01
8.938729763031005859e-01
7.016413211822509766e-01
9.619771242141723633e-01
9.306284785270690918e-01
9.858220815658569336e-01
9.392491579055786133e-01
9.296514391899108887e-01
4.068513512611389160e-01
7.859824895858764648e-01
2.985793948173522949e-01
9.352031350135803223e-01
9.104601144790649414e-01
8.656676411628723145e-01
9.428027868270874023e-01
8.767285943031311035e-01
9.228123426437377930e-01
5.456858873367309570e-01
8.466026782989501953e-01
2.993601560592651367e-01
3.431764841079711914e-01
8.855707645416259766e-01
7.794896960258483887e-01
9.316842555999755859e-01
7.409672141075134277e-01
8.958033323287963867e-01
8.926846981048583984e-01
9.486083984375000000e-01
9.279640316963195801e-01
9.734501838684082031e-01
9.268081784248352051e-01
4.704749882221221924e-01
8.896005153656005859e-01
9.475069046020507812e-01
7.308107614517211914e-01
9.197351336479187012e-01
9.237254858016967773e-01
9.666851162910461426e-01
8.610949516296386719e-01
9.279755949974060059e-01
9.253686070442199707e-01
9.555125236511230469e-01
9.328666925430297852e-01
8.872318863868713379e-01
8.877044320106506348e-01
9.237674474716186523e-01
9.499725103378295898e-01
9.316349625587463379e-01
9.191703200340270996e-01
8.453897237777709961e-01
7.573978304862976074e-01
9.742352962493896484e-01
2.956332266330718994e-01
9.563009142875671387e-01
8.622215986251831055e-01
8.117933273315429688e-01
7.489882111549377441e-01
8.756492733955383301e-01
7.976284027099609375e-01
7.944230437278747559e-01
9.592767953872680664e-01
7.425133585929870605e-01
2.580952048301696777e-01
8.103845715522766113e-01
9.720648527145385742e-01
8.390074968338012695e-01
9.262357950210571289e-01
7.740670442581176758e-01
9.060006737709045410e-01
8.025439381599426270e-01
9.475579857826232910e-01
9.177012443542480469e-01
9.131949543952941895e-01
5.994657278060913086e-01
8.695003390312194824e-01
8.052551746368408203e-01
9.560904502868652344e-01
9.103624224662780762e-01
9.731648564338684082e-01
8.612834215164184570e-01
8.414364457130432129e-01
8.534770607948303223e-01
8.125618100166320801e-01
8.601956963539123535e-01
9.547671675682067871e-01
9.689752459526062012e-01
9.911082983016967773e-01
9.688468575477600098e-01
9.473944902420043945e-01
9.011158347129821777e-01
9.544975757598876953e-01
9.176366925239562988e-01
9.819114208221435547e-01
8.953576087951660156e-01
9.904180765151977539e-01
9.461592435836791992e-01
9.461048841476440430e-01
9.624505639076232910e-01
9.573304057121276855e-01
8.209415674209594727e-01
9.829140305519104004e-01
9.337563514709472656e-01
8.762596845626831055e-01
8.264586329460144043e-01
9.560424089431762695e-01
9.492390155792236328e-01
5.572403073310852051e-01
7.997988462448120117e-01
8.218989372253417969e-01
9.144036769866943359e-01
9.198704957962036133e-01
8.013903498649597168e-01
9.016096591949462891e-01
9.144764542579650879e-01
8.557713031768798828e-01
9.672809839248657227e-01
6.128318905830383301e-01
9.083960652351379395e-01
8.674777150154113770e-01
8.132724761962890625e-01
8.897376060485839844e-01
9.673678278923034668e-01
8.761188983917236328e-01
9.163150191307067871e-01
7.604605555534362793e-01
8.450735807418823242e-01
9.243208765983581543e-01
8.842692971229553223e-01
6.358482837677001953e-01
9.074904322624206543e-01
1.069205179810523987e-01
8.702149391174316406e-01
8.107658624649047852e-01
8.494069576263427734e-01
9.352476596832275391e-01
9.184416532516479492e-01
8.357118964195251465e-01
9.908457398414611816e-01
9.396651387214660645e-01
8.743824958801269531e-01
9.615753293037414551e-01
9.733347892761230469e-01
8.567503690719604492e-01
9.872704148292541504e-01
9.520864486694335938e-01
8.869034051895141602e-01
9.051454663276672363e-01
8.536570668220520020e-01
9.221981763839721680e-01
5.311234593391418457e-01
9.571409821510314941e-01
9.661417007446289062e-01
9.334837794303894043e-01
8.953531384468078613e-01
9.319121241569519043e-01
9.010183811187744141e-01
8.499372601509094238e-01
8.672029972076416016e-01
8.655733466148376465e-01
7.644900679588317871e-01
8.604931235313415527e-01
9.496579766273498535e-01
8.785651326179504395e-01
6.985836625099182129e-01
9.646330475807189941e-01
9.325880408287048340e-01
9.765758514404296875e-01
8.207385540008544922e-01
6.088535785675048828e-01
4.952961206436157227e-01
7.581720352172851562e-01
4.710285663604736328e-01
8.613083362579345703e-01
2.957935035228729248e-01
8.305242061614990234e-01
7.727698087692260742e-01
8.800846934318542480e-01
8.536167740821838379e-01
9.222824573516845703e-01
9.110577106475830078e-01
4.856380820274353027e-01
3.825178146362304688e-01
9.429401755332946777e-01
9.635131359100341797e-01
9.570242166519165039e-01
8.898130655288696289e-01
8.726149201393127441e-01
9.269260168075561523e-01
9.542950391769409180e-01
9.672163128852844238e-01
9.000889658927917480e-01
8.965611457824707031e-01
8.741981983184814453e-01
2.157457470893859863e-01
5.284338593482971191e-01
8.694573640823364258e-01
9.785755872726440430e-01
9.595218300819396973e-01
8.696482777595520020e-01
9.118297696113586426e-01
9.314049482345581055e-01
8.578794002532958984e-01
9.312319159507751465e-01
9.231997728347778320e-01
8.538233041763305664e-01
8.310290575027465820e-01
9.527497291564941406e-01
7.108010649681091309e-01
8.910264372825622559e-01
9.450054764747619629e-01
9.308603405952453613e-01
9.414921402931213379e-01
8.678273558616638184e-01
9.127027988433837891e-01
8.337092399597167969e-01
8.992571830749511719e-01
7.522064447402954102e-01
9.672642946243286133e-01
9.614752531051635742e-01
8.540681004524230957e-01
9.500098228454589844e-01
8.964112997055053711e-01
9.782806634902954102e-01
7.984417676925659180e-01
8.889186978340148926e-01
9.452782273292541504e-01
9.064126014709472656e-01
9.498635530471801758e-01
9.020648598670959473e-01
9.546918272972106934e-01
8.300158381462097168e-01
9.865583777427673340e-01
7.880818843841552734e-01
7.707082629203796387e-01
9.808624386787414551e-01
8.737965822219848633e-01
9.586525559425354004e-01
7.485344409942626953e-01
9.580764174461364746e-01
9.042001962661743164e-01
9.713193178176879883e-01
7.982919812202453613e-01
7.372890710830688477e-01
9.314694404602050781e-01
8.174069523811340332e-01
7.111318111419677734e-01
8.818368315696716309e-01
8.317052721977233887e-01
8.809166550636291504e-01
8.794886469841003418e-01
9.379864335060119629e-01
8.730542063713073730e-01
9.491271972656250000e-01
8.824656009674072266e-01
9.731829166412353516e-01
8.889396786689758301e-01
8.630883097648620605e-01
7.904665470123291016e-01
9.890813231468200684e-01
9.332672953605651855e-01
9.743355512619018555e-01
9.435784220695495605e-01
8.903483748435974121e-01
9.205957055091857910e-01
9.540266990661621094e-01
8.811080455780029297e-01
8.763603568077087402e-01
9.521825909614562988e-01
8.954169154167175293e-01
9.709198474884033203e-01
9.739953279495239258e-01
9.590721130371093750e-01
9.012936353683471680e-01
9.667380452156066895e-01
8.189064264297485352e-01
9.060398340225219727e-01
9.365243315696716309e-01
9.716962575912475586e-01
8.596857190132141113e-01
9.478203058242797852e-01
9.313455224037170410e-01
8.856972455978393555e-01
9.073919653892517090e-01
9.029159545898437500e-01
9.701374173164367676e-01
4.981588125228881836e-01
9.219836592674255371e-01
8.237966299057006836e-01
9.042092561721801758e-01
8.595630526542663574e-01
9.105575084686279297e-01
9.267326593399047852e-01
9.685565233230590820e-01
9.294191598892211914e-01
9.331941604614257812e-01
7.931569218635559082e-01
8.346527218818664551e-01
8.128865361213684082e-01
8.696344494819641113e-01
9.747472405433654785e-01
8.499352931976318359e-01
8.432026505470275879e-01
4.907167851924896240e-01
9.663863182067871094e-01
9.532212615013122559e-01
9.462151527404785156e-01
9.029235839843750000e-01
9.246212840080261230e-01
9.228263497352600098e-01
8.337352275848388672e-01
8.153953552246093750e-01
8.558426499366760254e-01
9.364718794822692871e-01
9.336996674537658691e-01
9.471230506896972656e-01
1.949029713869094849e-01
9.528185725212097168e-01
9.743686914443969727e-01
8.799437284469604492e-01
9.669724106788635254e-01
8.714417815208435059e-01
8.749016523361206055e-01
9.738008379936218262e-01
9.071779847145080566e-01
9.790853857994079590e-01
9.409577250480651855e-01
8.793852925300598145e-01
8.296836018562316895e-01
8.309541940689086914e-01
8.462766408920288086e-01
8.454075455665588379e-01
9.231948852539062500e-01
9.268469214439392090e-01
8.640192151069641113e-01
9.353777170181274414e-01
8.335272669792175293e-01
9.276428222656250000e-01
7.581796646118164062e-01
9.872171878814697266e-01
7.806930541992187500e-01
8.188371062278747559e-01
8.988889455795288086e-01
9.156919717788696289e-01
8.600680828094482422e-01
8.184075951576232910e-01
8.371013998985290527e-01
9.343371391296386719e-01
8.931364417076110840e-01
9.821600914001464844e-01
9.509232640266418457e-01
8.775314688682556152e-01
9.525610804557800293e-01
9.800605177879333496e-01
9.273945689201354980e-01
9.382094144821166992e-01
9.307448267936706543e-01
9.746989011764526367e-01
8.630930781364440918e-01
9.258165955543518066e-01
9.336941838264465332e-01
9.151864051818847656e-01
8.680251240730285645e-01
8.299993872642517090e-01
9.884041547775268555e-01
9.393888115882873535e-01
9.890191555023193359e-01
9.265214800834655762e-01
9.023924469947814941e-01
9.337798953056335449e-01
9.075046181678771973e-01
9.453856945037841797e-01
9.581097960472106934e-01
4.965467453002929688e-01
8.641102910041809082e-01
9.704587459564208984e-01
9.410320520401000977e-01
9.079313278198242188e-01
8.472759127616882324e-01
9.770240783691406250e-01
9.031013846397399902e-01
9.779960513114929199e-01
9.808165431022644043e-01
9.516404867172241211e-01
9.234315156936645508e-01
9.870303273200988770e-01
8.308638930320739746e-01
9.322569966316223145e-01
8.927506208419799805e-01
8.583785295486450195e-01
9.538841843605041504e-01
8.812448382377624512e-01
9.397919178009033203e-01
7.736894488334655762e-01
9.053738713264465332e-01
9.440218806266784668e-01
8.631857037544250488e-01
7.267633676528930664e-01
6.817270517349243164e-01
9.561115503311157227e-01
9.204338192939758301e-01
7.287344336509704590e-01
9.387206435203552246e-01
9.537153244018554688e-01
9.659307599067687988e-01
9.717473983764648438e-01
9.277169108390808105e-01
9.731222391128540039e-01
8.832835555076599121e-01
9.384936094284057617e-01
9.563527107238769531e-01
9.432804584503173828e-01
9.551020860671997070e-01
8.446299433708190918e-01
8.756549358367919922e-01
8.931673169136047363e-01
9.716250300407409668e-01
9.601942300796508789e-01
8.799419403076171875e-01
9.215551018714904785e-01
9.833741784095764160e-01
9.597402215003967285e-01
9.291675090789794922e-01
9.661695957183837891e-01
9.471828937530517578e-01
9.163857698440551758e-01
9.613983631134033203e-01
9.449225068092346191e-01
9.800013303756713867e-01
9.054615497589111328e-01
8.885732293128967285e-01
8.993795514106750488e-01
9.189969301223754883e-01
8.949075937271118164e-01
9.648499488830566406e-01
9.492024779319763184e-01
9.277164936065673828e-01
9.046765565872192383e-01
9.549930095672607422e-01
7.724715471267700195e-01
8.596954941749572754e-01
9.009097218513488770e-01
9.212049245834350586e-01
8.841370940208435059e-01
8.789355754852294922e-01
8.019916415214538574e-01
8.244985342025756836e-01
9.304470419883728027e-01
8.770264387130737305e-01
9.572099447250366211e-01
9.028847217559814453e-01
9.721201062202453613e-01
9.453244805335998535e-01
8.979789018630981445e-01
9.558770656585693359e-01
9.366086125373840332e-01
8.724721670150756836e-01
8.868332505226135254e-01
9.787501692771911621e-01
8.802626729011535645e-01
8.338646888732910156e-01
9.419936537742614746e-01
9.790090322494506836e-01
8.589856028556823730e-01
9.495455026626586914e-01
2.551057338714599609e-01
9.239276051521301270e-01
9.365343451499938965e-01
9.540083408355712891e-01
8.781371116638183594e-01
8.674981594085693359e-01
9.014797210693359375e-01
9.671717286109924316e-01
9.873462915420532227e-01
9.761944413185119629e-01
9.582653045654296875e-01
9.755303859710693359e-01
9.699883460998535156e-01
9.450727105140686035e-01
9.513301849365234375e-01
7.272455692291259766e-01
8.440771102905273438e-01
8.683751225471496582e-01
9.682382941246032715e-01
9.679672122001647949e-01
9.297049641609191895e-01
8.803007602691650391e-01
8.311632275581359863e-01
9.385721683502197266e-01
9.154241681098937988e-01
9.064884185791015625e-01
9.450038671493530273e-01
8.632231950759887695e-01
9.779518246650695801e-01
8.674288988113403320e-01
7.527128458023071289e-01
9.591169357299804688e-01
9.507108926773071289e-01
9.062590599060058594e-01
9.552193880081176758e-01
8.943634629249572754e-01
9.810177683830261230e-01
9.138118028640747070e-01
3.960337638854980469e-01
8.713378906250000000e-01
9.624704718589782715e-01
9.824439287185668945e-01
8.696835041046142578e-01
9.501008987426757812e-01
9.038901925086975098e-01
9.231995940208435059e-01
8.514552116394042969e-01
9.310267567634582520e-01
9.054743647575378418e-01
8.014035820960998535e-01
9.780756235122680664e-01
9.387947320938110352e-01
8.625807166099548340e-01
6.716423630714416504e-01
9.160450696945190430e-01
9.550158381462097168e-01
8.155683875083923340e-01
9.406735301017761230e-01
9.833056330680847168e-01
8.457812070846557617e-01
8.717036843299865723e-01
9.771377444267272949e-01
8.709507584571838379e-01
9.672575592994689941e-01
9.344779849052429199e-01
9.554792046546936035e-01
8.428170084953308105e-01
9.118727445602416992e-01
8.742009401321411133e-01
8.739695549011230469e-01
8.503297567367553711e-01
9.609513878822326660e-01
9.836134314537048340e-01
9.204487204551696777e-01
9.135386347770690918e-01
8.417314887046813965e-01
9.292408227920532227e-01
9.674693346023559570e-01
9.256691336631774902e-01
9.382736086845397949e-01
8.128883838653564453e-01
8.786861300468444824e-01
8.904243707656860352e-01
9.739639163017272949e-01
9.762969017028808594e-01
9.554933309555053711e-01
9.787155389785766602e-01
9.114314913749694824e-01
8.757371306419372559e-01
9.813401699066162109e-01
9.582936763763427734e-01
9.433492422103881836e-01
9.001735448837280273e-01
8.446059226989746094e-01
8.682894110679626465e-01
8.114680051803588867e-01
5.360764861106872559e-01
8.538365364074707031e-01
9.351192712783813477e-01
9.104892611503601074e-01
9.023504257202148438e-01
9.391854405403137207e-01
9.458233714103698730e-01
7.702317237854003906e-01
9.251086711883544922e-01
8.981208801269531250e-01
9.670830368995666504e-01
9.308833479881286621e-01
9.331911206245422363e-01
9.112001657485961914e-01
8.929753899574279785e-01
9.409135580062866211e-01
8.930388689041137695e-01
9.648572206497192383e-01
9.653567075729370117e-01
8.597005605697631836e-01
9.046397805213928223e-01
9.451627731323242188e-01
9.160421490669250488e-01
9.879622459411621094e-01
7.612348198890686035e-01
8.548908233642578125e-01
9.049376249313354492e-01
9.264544844627380371e-01
1.905283033847808838e-01
9.317519068717956543e-01
9.165612459182739258e-01
9.140026569366455078e-01
9.590537548065185547e-01
8.900907039642333984e-01
8.202747106552124023e-01
8.555826544761657715e-01
9.721190929412841797e-01
9.220753312110900879e-01
9.520499706268310547e-01
8.727403879165649414e-01
8.929711580276489258e-01
9.368628263473510742e-01
9.515326023101806641e-01
8.907871842384338379e-01
8.918572664260864258e-01
9.232931733131408691e-01
5.437136888504028320e-01
9.706508517265319824e-01
9.633470177650451660e-01
9.403755664825439453e-01
8.812049627304077148e-01
7.987304925918579102e-01
9.645233154296875000e-01
9.634532928466796875e-01
9.376561641693115234e-01
9.305089116096496582e-01
8.913448452949523926e-01
7.376643419265747070e-01
8.970654010772705078e-01
9.720171093940734863e-01
9.404913187026977539e-01
8.838583230972290039e-01
9.926569461822509766e-01
9.786649346351623535e-01
9.423785805702209473e-01
8.661108016967773438e-01
9.897899627685546875e-01
9.500505924224853516e-01
8.759478330612182617e-01
9.640127420425415039e-01
9.828970432281494141e-01
9.693694710731506348e-01
9.271040558815002441e-01
9.688272476196289062e-01
9.725920557975769043e-01
9.272732138633728027e-01
9.698947668075561523e-01
9.171260595321655273e-01
9.320385456085205078e-01
9.564082622528076172e-01
7.095217108726501465e-01
7.824565172195434570e-01
8.768727183341979980e-01
9.478277564048767090e-01
9.177457690238952637e-01
8.498196601867675781e-01
9.512510299682617188e-01
8.398473858833312988e-01
8.860946297645568848e-01
9.141234159469604492e-01
9.321779608726501465e-01
8.596637845039367676e-01
9.517465829849243164e-01
8.977428078651428223e-01
8.536276221275329590e-01
9.576310515403747559e-01
7.979897856712341309e-01
9.340832233428955078e-01
9.394614696502685547e-01
9.453595280647277832e-01
9.264352321624755859e-01
9.196526408195495605e-01
8.256398439407348633e-01
9.202307462692260742e-01
9.840387701988220215e-01
9.089748859405517578e-01
8.463962078094482422e-01
9.846215248107910156e-01
9.674512147903442383e-01
9.560770392417907715e-01
9.476200342178344727e-01
9.712506532669067383e-01
8.904643058776855469e-01
9.864562153816223145e-01
9.783431291580200195e-01
9.712624549865722656e-01
9.306578636169433594e-01
9.744411110877990723e-01
9.349494576454162598e-01
9.459147453308105469e-01
9.066554903984069824e-01
8.988076448440551758e-01
8.842706084251403809e-01
4.800149798393249512e-01
9.294942617416381836e-01
8.128117918968200684e-01
8.932886719703674316e-01
1.033295691013336182e-01
9.202046990394592285e-01
8.770897388458251953e-01
8.417396545410156250e-01
9.012982845306396484e-01
7.589636445045471191e-01
6.057929992675781250e-01
9.002728462219238281e-01
9.809677600860595703e-01
9.478691220283508301e-01
9.282211661338806152e-01
8.380153179168701172e-01
8.756592273712158203e-01
9.637895822525024414e-01
6.250913143157958984e-01
7.820263504981994629e-01
9.598407745361328125e-01
9.846847057342529297e-01
9.878132939338684082e-01
8.238182663917541504e-01
9.706605672836303711e-01
8.882426619529724121e-01
8.875141143798828125e-01
8.486733436584472656e-01
8.449583649635314941e-01
9.585822820663452148e-01
9.410389661788940430e-01
9.627956748008728027e-01
9.376330971717834473e-01
9.413449168205261230e-01
8.757807612419128418e-01
8.915769457817077637e-01
9.319446682929992676e-01
9.730749726295471191e-01
9.693330526351928711e-01
8.258723020553588867e-01
8.515559434890747070e-01
9.186854958534240723e-01
8.413349986076354980e-01
9.152663946151733398e-01
9.337109327316284180e-01
9.090657830238342285e-01
7.247419953346252441e-01
3.976658582687377930e-01
8.596130013465881348e-01
9.791914820671081543e-01
3.815006613731384277e-01
9.523928761482238770e-01
9.066812992095947266e-01
8.524997234344482422e-01
9.634374380111694336e-01
9.319759011268615723e-01
9.668629169464111328e-01
9.492965340614318848e-01
9.300738573074340820e-01
9.364068508148193359e-01
9.226065874099731445e-01
9.709477424621582031e-01
8.784219026565551758e-01
8.401752114295959473e-01
8.457741141319274902e-01
5.691993832588195801e-01
8.936888575553894043e-01
2.509622275829315186e-01
9.612260460853576660e-01
9.078502655029296875e-01
7.498593330383300781e-01
8.473131060600280762e-01
8.463186621665954590e-01
9.286901950836181641e-01
9.849939942359924316e-01
9.052335619926452637e-01
8.607273697853088379e-01
9.402669668197631836e-01
9.364967942237854004e-01
9.007858037948608398e-01
9.133977293968200684e-01
9.214565753936767578e-01
9.571823477745056152e-01
8.545515537261962891e-01
8.126865029335021973e-01
7.383251786231994629e-01
8.890711665153503418e-01
9.537321329116821289e-01
9.421892762184143066e-01
9.301362633705139160e-01
8.539377450942993164e-01
6.731748580932617188e-01
8.305305242538452148e-01
9.559382200241088867e-01
9.185208678245544434e-01
8.508600592613220215e-01
7.721088528633117676e-01
9.424448609352111816e-01
6.827667951583862305e-01
9.589865207672119141e-01
9.337971806526184082e-01
8.622490167617797852e-01
8.940086960792541504e-01
9.921576380729675293e-01
9.420585036277770996e-01
9.207846522331237793e-01
9.781664013862609863e-01
9.562463164329528809e-01
8.737721443176269531e-01
9.003002643585205078e-01
9.452005028724670410e-01
8.727850317955017090e-01
8.290808796882629395e-01
9.290776252746582031e-01
8.753163218498229980e-01
9.109354019165039062e-01
9.118984341621398926e-01
9.581574201583862305e-01
8.832981586456298828e-01
9.141687750816345215e-01
9.525103569030761719e-01
9.642099142074584961e-01
9.137874841690063477e-01
9.015763401985168457e-01
9.764065742492675781e-01
8.920000791549682617e-01
9.636819362640380859e-01
8.651365637779235840e-01
9.136859774589538574e-01
9.379916787147521973e-01
9.353265762329101562e-01
9.809521436691284180e-01
9.704760313034057617e-01
9.893556833267211914e-01
9.614994525909423828e-01
9.035184383392333984e-01
7.944082617759704590e-01
9.593012928962707520e-01
8.513911366462707520e-01
9.100869297981262207e-01
9.185231328010559082e-01
9.653463363647460938e-01
9.013200402259826660e-01
9.721711874008178711e-01
9.436597824096679688e-01
9.470965862274169922e-01
9.586080312728881836e-01
9.534767270088195801e-01
9.087841510772705078e-01
9.322794675827026367e-01
9.391039609909057617e-01
9.857099056243896484e-01
8.842901587486267090e-01
9.605563879013061523e-01
9.353587031364440918e-01
9.559949040412902832e-01
9.474456906318664551e-01
9.595224261283874512e-01
9.722840785980224609e-01
9.667204022407531738e-01
9.501573443412780762e-01
9.558953642845153809e-01
8.867524862289428711e-01
9.767258763313293457e-01
9.759902954101562500e-01
9.338713884353637695e-01
9.336429834365844727e-01
9.844501018524169922e-01
9.620332717895507812e-01
9.530745148658752441e-01
9.433219432830810547e-01
9.726045131683349609e-01
9.554854035377502441e-01
8.301267623901367188e-01
9.658311009407043457e-01
8.807066679000854492e-01
9.112013578414916992e-01
9.617024064064025879e-01
9.054269790649414062e-01
9.571927785873413086e-01
9.091199040412902832e-01
6.889829039573669434e-01
9.579606056213378906e-01
9.041149020195007324e-01
9.320151805877685547e-01
9.843237400054931641e-01
8.081080317497253418e-01
8.172320723533630371e-01
6.111171841621398926e-01
8.856791257858276367e-01
9.540346860885620117e-01
9.283431172370910645e-01
9.340780973434448242e-01
9.472010135650634766e-01
9.654729366302490234e-01
9.435722827911376953e-01
4.982213377952575684e-01
9.444680809974670410e-01
9.649393558502197266e-01
8.515947461128234863e-01
9.311903715133666992e-01
6.551679968833923340e-01
9.637129902839660645e-01
9.174165725708007812e-01
9.282872080802917480e-01
9.718381166458129883e-01
9.008229374885559082e-01
6.827766448259353638e-02
8.856620788574218750e-01
9.288257360458374023e-01
9.211230278015136719e-01
4.789805710315704346e-01
8.170600533485412598e-01
8.139107227325439453e-01
8.388197422027587891e-01
9.617511630058288574e-01
8.967930078506469727e-01
9.773209095001220703e-01
9.652885794639587402e-01
9.178828001022338867e-01
9.815676212310791016e-01
8.736711740493774414e-01
9.529426097869873047e-01
9.466285109519958496e-01
9.535075426101684570e-01
9.400836825370788574e-01
9.396325349807739258e-01
3.853412270545959473e-01
9.425743222236633301e-01
8.241871595382690430e-01
8.921218514442443848e-01
8.439778089523315430e-01
8.839936852455139160e-01
9.742500782012939453e-01
8.909014463424682617e-01
8.620705604553222656e-01
9.426284432411193848e-01
9.109290838241577148e-01
9.536490440368652344e-01
9.539591670036315918e-01
9.368749260902404785e-01
8.926325440406799316e-01
9.621188640594482422e-01
9.611569643020629883e-01
9.455847740173339844e-01
9.059200286865234375e-01
9.461239576339721680e-01
9.177122116088867188e-01
9.388332366943359375e-01
9.763473272323608398e-01
9.833818674087524414e-01
9.383096694946289062e-01
9.541496038436889648e-01
8.963906764984130859e-01
9.623369574546813965e-01
9.057057499885559082e-01
8.601730465888977051e-01
9.805399179458618164e-01
8.936432600021362305e-01
8.393883109092712402e-01
8.880634307861328125e-01
9.782405495643615723e-01
9.629645347595214844e-01
9.217517971992492676e-01
9.162732362747192383e-01
9.320721626281738281e-01
8.856309056282043457e-01
9.860270619392395020e-01
9.605383276939392090e-01
8.959829807281494141e-01
9.131402373313903809e-01
9.714040756225585938e-01
9.225587248802185059e-01
6.760200262069702148e-01
9.678955078125000000e-01
9.168283343315124512e-01
8.750541210174560547e-01
7.493454813957214355e-01
9.036233425140380859e-01
9.512137174606323242e-01
9.707055091857910156e-01
8.280767202377319336e-01
9.718195199966430664e-01
9.636092185974121094e-01
8.716889023780822754e-01
9.406881332397460938e-01
9.472693204879760742e-01
9.361769556999206543e-01
9.350717663764953613e-01
8.809116482734680176e-01
8.959960341453552246e-01
9.279950261116027832e-01
8.125621080398559570e-01
8.040567040443420410e-01
8.950990438461303711e-01
9.247966408729553223e-01
8.638999462127685547e-01
9.259231090545654297e-01
9.318590760231018066e-01
8.816188573837280273e-01
7.989737391471862793e-01
9.077035188674926758e-01
8.916576504707336426e-01
9.003603458404541016e-01
9.120088815689086914e-01
9.509859085083007812e-01
9.504458904266357422e-01
9.298149943351745605e-01
6.913514137268066406e-01
8.265902996063232422e-01
8.176313638687133789e-01
8.964456319808959961e-01
5.743166208267211914e-01
8.697174191474914551e-01
7.832801342010498047e-01
8.607205152511596680e-01
9.447010755538940430e-01
8.270521163940429688e-01
9.130942225456237793e-01
9.599810838699340820e-01
9.095517396926879883e-01
8.724883198738098145e-01
9.300897121429443359e-01
8.610985875129699707e-01
3.747861981391906738e-01
8.584800362586975098e-01
8.269273042678833008e-01
9.516063332557678223e-01
8.664660453796386719e-01
8.874964118003845215e-01
9.570246934890747070e-01
9.091753363609313965e-01
9.549118280410766602e-01
8.753333091735839844e-01
9.337455630302429199e-01
9.114554524421691895e-01
9.543189406394958496e-01
9.406179189682006836e-01
9.769019484519958496e-01
9.320402145385742188e-01
9.736239910125732422e-01
9.681509137153625488e-01
9.479405879974365234e-01
9.339246153831481934e-01
9.433430433273315430e-01
9.696543216705322266e-01
9.705244898796081543e-01
9.177812337875366211e-01
8.647917509078979492e-01
9.273129105567932129e-01
9.404842257499694824e-01
9.511160850524902344e-01
9.255490303039550781e-01
3.610542416572570801e-01
9.026564955711364746e-01
9.049515128135681152e-01
9.455699920654296875e-01
9.466922283172607422e-01
7.975690960884094238e-01
8.829447031021118164e-01
9.322013854980468750e-01
8.807126283645629883e-01
9.116030335426330566e-01
9.785909652709960938e-01
9.314118623733520508e-01
9.657985568046569824e-01
9.215551614761352539e-01
9.771301746368408203e-01
8.772868514060974121e-01
9.591313004493713379e-01
9.747867584228515625e-01
9.107389450073242188e-01
9.759063720703125000e-01
9.706147909164428711e-01
9.590287804603576660e-01
8.800458312034606934e-01
9.030771255493164062e-01
9.568147659301757812e-01
9.189906716346740723e-01
9.601001739501953125e-01
9.409719705581665039e-01
8.297373652458190918e-01
9.593657851219177246e-01
7.791793942451477051e-01
8.953639268875122070e-01
7.299904823303222656e-01
8.776646852493286133e-01
7.946167588233947754e-01
9.369966983795166016e-01
8.987048864364624023e-01
8.698483705520629883e-01
8.917356133460998535e-01
9.336305260658264160e-01
8.693502545356750488e-01
8.845040798187255859e-01
9.404467344284057617e-01
8.899075388908386230e-01
8.958566188812255859e-01
8.996832370758056641e-01
8.775436878204345703e-01
9.035811424255371094e-01
9.337531924247741699e-01
9.299040436744689941e-01
7.988120317459106445e-01
8.978921771049499512e-01
9.098250269889831543e-01
9.516318440437316895e-01
7.934340834617614746e-01
9.641547203063964844e-01
9.212679862976074219e-01
9.185436964035034180e-01
8.728454709053039551e-01
7.769404053688049316e-01
9.365792274475097656e-01
8.986073732376098633e-01
9.230570197105407715e-01
9.211342930793762207e-01
8.970943689346313477e-01
9.609359502792358398e-01
9.059207439422607422e-01
9.221987724304199219e-01
9.905788302421569824e-01
7.170546650886535645e-01
8.079668283462524414e-01
9.101158976554870605e-01
8.315095305442810059e-01
8.762870430946350098e-01
8.730079531669616699e-01
8.811007738113403320e-01
6.604110002517700195e-01
9.486392140388488770e-01
8.866379857063293457e-01
8.258342146873474121e-01
9.349631667137145996e-01
9.227168560028076172e-01
8.142958879470825195e-01
7.520680427551269531e-01
9.530876278877258301e-01
9.822532534599304199e-01
9.147220849990844727e-01
9.801000356674194336e-01
9.956075549125671387e-01
9.353567361831665039e-01
9.715737104415893555e-01
9.900410175323486328e-01
9.160998463630676270e-01
9.592403769493103027e-01
9.175921082496643066e-01
9.240885972976684570e-01
8.788417577743530273e-01
7.687942981719970703e-01
6.654312610626220703e-01
9.612311124801635742e-01
7.942396402359008789e-01
7.610343694686889648e-01
9.497832655906677246e-01
8.978852033615112305e-01
7.743863463401794434e-01
9.849113225936889648e-01
9.181340932846069336e-01
9.844568371772766113e-01
9.646080732345581055e-01
6.039237976074218750e-01
9.243796467781066895e-01
9.914615750312805176e-01
8.831765651702880859e-01
9.552807211875915527e-01
9.188432097434997559e-01
9.667447209358215332e-01
8.876736164093017578e-01
6.559635400772094727e-01
9.003852605819702148e-01
5.399119257926940918e-01
8.714269399642944336e-01
9.311055541038513184e-01
8.916081190109252930e-01
9.066554307937622070e-01
9.689821600914001465e-01
8.857340812683105469e-01
8.553751707077026367e-01
9.154729843139648438e-01
9.224450588226318359e-01
9.167616367340087891e-01
9.421815276145935059e-01
9.521985054016113281e-01
9.676395058631896973e-01
8.810876011848449707e-01
8.852673768997192383e-01
9.592450261116027832e-01
9.246634244918823242e-01
7.438978552818298340e-01
8.439285755157470703e-01
9.679384827613830566e-01
9.390534162521362305e-01
9.647816419601440430e-01
9.580761790275573730e-01
9.565041661262512207e-01
8.019769787788391113e-01
7.915341854095458984e-01
8.292660713195800781e-01
9.317235350608825684e-01
9.719784855842590332e-01
9.797875285148620605e-01
9.678273797035217285e-01
8.364568948745727539e-01
9.474291801452636719e-01
9.342699050903320312e-01
9.018213152885437012e-01
9.485738277435302734e-01
8.153359293937683105e-01
9.596127271652221680e-01
9.472203254699707031e-01
9.796224236488342285e-01
5.006568431854248047e-01
9.651769399642944336e-01
8.904622197151184082e-01
9.626996517181396484e-01
9.527285099029541016e-01
9.562841653823852539e-01
9.153009653091430664e-01
9.353393316268920898e-01
9.716246128082275391e-01
8.491488099098205566e-01
8.637936711311340332e-01
9.128219485282897949e-01
7.845460772514343262e-01
9.013023972511291504e-01
8.503635525703430176e-01
8.265028595924377441e-01
8.669741153717041016e-01
9.407172799110412598e-01
9.263998270034790039e-01
8.022550344467163086e-01
9.114797711372375488e-01
9.247152209281921387e-01
7.649824023246765137e-01
8.453654050827026367e-01
9.445410370826721191e-01
9.325175881385803223e-01
9.233733415603637695e-01
9.353261590003967285e-01
9.493474364280700684e-01
8.477632403373718262e-01
8.543100357055664062e-01
9.425847530364990234e-01
8.778308629989624023e-01
4.918183684349060059e-01
9.148930311203002930e-01
8.853297233581542969e-01
9.430428147315979004e-01
9.384059309959411621e-01
8.266279101371765137e-02
8.504484891891479492e-01
9.371259212493896484e-01
6.866313815116882324e-01
6.856553554534912109e-01
9.296827316284179688e-01
8.166960477828979492e-01
9.344608783721923828e-01
9.509577155113220215e-01
8.105598688125610352e-01
8.646708726882934570e-01
9.298914074897766113e-01
8.978836536407470703e-01
9.691277891397476196e-02
9.195362925529479980e-01
9.076477885246276855e-01
9.426728487014770508e-01
8.857028484344482422e-01
8.236944079399108887e-01
9.095948338508605957e-01
6.975764632225036621e-01
8.979843854904174805e-01
9.246556758880615234e-01
8.272824287414550781e-01
9.169049263000488281e-01
7.501928806304931641e-01
8.658908605575561523e-01
9.091458916664123535e-01
9.210777878761291504e-01
9.191735386848449707e-01
9.314028024673461914e-01
9.130317568778991699e-01
8.818932771682739258e-01
9.754837155342102051e-01
9.292480945587158203e-01
3.389991819858551025e-01
9.164832234382629395e-01
9.495956301689147949e-01
7.919725775718688965e-01
9.490373134613037109e-01
9.836386442184448242e-01
9.334391355514526367e-01
8.795075416564941406e-01
8.951511979103088379e-01
8.364723324775695801e-01
9.646694064140319824e-01
9.253447651863098145e-01
9.465991854667663574e-01
8.234703540802001953e-01
9.189879298210144043e-01
9.208131432533264160e-01
7.169719934463500977e-01
9.264906644821166992e-01
9.309005737304687500e-01
9.509229660034179688e-01
8.923504948616027832e-01
4.178579151630401611e-01
8.429049849510192871e-01
8.873732089996337891e-01
9.294245243072509766e-01
7.378712892532348633e-01
9.431759715080261230e-01
9.544020295143127441e-01
9.357380270957946777e-01
8.675708174705505371e-01
9.274315237998962402e-01
7.963262796401977539e-01
9.320626854896545410e-01
8.994172811508178711e-01
9.085016250610351562e-01
9.203889966011047363e-01
9.281418323516845703e-01
8.580057621002197266e-01
8.875054121017456055e-01
8.361580371856689453e-01
8.956213593482971191e-01
5.647760033607482910e-01
9.667667150497436523e-01
6.477245688438415527e-01
9.448182582855224609e-01
8.678568005561828613e-01
9.170134067535400391e-01
9.238459467887878418e-01
9.651815891265869141e-01
9.041700363159179688e-01
9.942085146903991699e-01
9.837220311164855957e-01
9.186336994171142578e-01
8.776225447654724121e-01
9.276603460311889648e-01
8.400040268898010254e-01
9.564182162284851074e-01
8.630726337432861328e-01
9.677713513374328613e-01
8.056591153144836426e-01
8.434167504310607910e-01
8.653343915939331055e-01
9.150860309600830078e-01
9.828674197196960449e-01
9.781596660614013672e-01
9.233773946762084961e-01
9.509161710739135742e-01
8.903738260269165039e-01
9.384732842445373535e-01
9.380120038986206055e-01
8.382557034492492676e-01
9.803897142410278320e-01
9.466259479522705078e-01
8.639104366302490234e-01
9.548761844635009766e-01
9.400043487548828125e-01
7.378776073455810547e-01
9.436435103416442871e-01
9.147657155990600586e-01
9.282762408256530762e-01
7.313114404678344727e-01
8.743968009948730469e-01
8.436337113380432129e-01
8.493404984474182129e-01
8.537886738777160645e-01
8.403104543685913086e-01
8.597550988197326660e-01
8.697996735572814941e-01
9.173649549484252930e-01
8.413437604904174805e-01
7.882139682769775391e-01
8.958930969238281250e-01
9.633624553680419922e-01
8.905698657035827637e-01
8.357946276664733887e-01
9.603581428527832031e-01
9.448840022087097168e-01
8.878027200698852539e-01
9.822851419448852539e-01
9.034345149993896484e-01
8.575995564460754395e-01
9.090512990951538086e-01
7.410479187965393066e-01
8.923971652984619141e-01
9.252470731735229492e-01
8.904790282249450684e-01
9.835739135742187500e-01
9.320997595787048340e-01
9.324954748153686523e-01
8.972669243812561035e-01
9.720749855041503906e-01
9.410273432731628418e-01
4.163818359375000000e-01
8.258003592491149902e-01
9.452158212661743164e-01
8.252316117286682129e-01
9.402644634246826172e-01
8.647615909576416016e-01
8.274257183074951172e-01
9.608397483825683594e-01
9.044981598854064941e-01
9.537211060523986816e-01
9.076611995697021484e-01
9.071609973907470703e-01
2.244965732097625732e-01
8.679748773574829102e-01
9.427542686462402344e-01
9.279466271400451660e-01
9.683494567871093750e-01
8.679929375648498535e-01
8.787629008293151855e-01
8.862673640251159668e-01
8.138822317123413086e-01
9.014924764633178711e-01
9.848975539207458496e-01
9.601463675498962402e-01
9.177395701408386230e-01
9.758343696594238281e-01
8.815808892250061035e-01
9.244529604911804199e-01
9.251588582992553711e-01
9.223527312278747559e-01
9.355462789535522461e-01
9.274004697799682617e-01
9.069411158561706543e-01
9.622772336006164551e-01
9.396144747734069824e-01
9.745992422103881836e-01
7.798666357994079590e-01
9.644271731376647949e-01
9.492155313491821289e-01
8.508976697921752930e-01
9.225881099700927734e-01
8.300338387489318848e-01
9.792723059654235840e-01
9.515948891639709473e-01
4.969621822237968445e-02
8.974950313568115234e-01
9.758344888687133789e-01
8.945574760437011719e-01
9.440342783927917480e-01
9.721540212631225586e-01
9.699569344520568848e-01
9.606391191482543945e-01
9.318061470985412598e-01
7.036397457122802734e-01
9.343175292015075684e-01
9.706663489341735840e-01
4.815706908702850342e-01
8.214700222015380859e-01
9.668914079666137695e-01
8.664517402648925781e-01
9.287855625152587891e-01
8.939469456672668457e-01
9.345521926879882812e-01
1.813389174640178680e-02
8.921635150909423828e-01
9.362066984176635742e-01
9.643608927726745605e-01
8.761233091354370117e-01
9.614453315734863281e-01
9.180735349655151367e-01
8.584004044532775879e-01
9.475794434547424316e-01
6.742364764213562012e-01
8.083243966102600098e-01
9.038902521133422852e-01
9.370141625404357910e-01
9.582707881927490234e-01
8.828874826431274414e-01
9.210681915283203125e-01
9.341679811477661133e-01
9.627541899681091309e-01
9.670901298522949219e-01
9.015623331069946289e-01
9.827067852020263672e-01
9.486414194107055664e-01
9.319432973861694336e-01
8.307399153709411621e-01
8.565267920494079590e-01
4.469320476055145264e-01
8.792301416397094727e-01
9.206455945968627930e-01
9.546629786491394043e-01
9.763046503067016602e-01
9.826151132583618164e-01
8.654204607009887695e-01
8.731620311737060547e-01
9.521081447601318359e-01
9.704167842864990234e-01
9.394135475158691406e-01
9.228940010070800781e-01
9.463059902191162109e-01
9.486232399940490723e-01
9.246529340744018555e-01
9.261873960494995117e-01
9.324187040328979492e-01
9.726582169532775879e-01
9.265127778053283691e-01
9.763398766517639160e-01
9.331513047218322754e-01
9.675738811492919922e-01
9.641228318214416504e-01
8.824750781059265137e-01
8.418203592300415039e-01
9.242299795150756836e-01
8.296269178390502930e-01
8.824244737625122070e-01
9.192009568214416504e-01
9.221947789192199707e-01
7.362279891967773438e-01
9.250503778457641602e-01
3.552128374576568604e-01
9.321018457412719727e-01
9.032416939735412598e-01
9.310894608497619629e-01
9.654065370559692383e-01
9.356315732002258301e-01
9.330505132675170898e-01
9.667723178863525391e-01
9.659140110015869141e-01
9.421750903129577637e-01
9.727353453636169434e-01
9.334930181503295898e-01
9.188265800476074219e-01
9.786682724952697754e-01
7.490451931953430176e-01
6.893299221992492676e-01
9.179693460464477539e-01
8.666634559631347656e-01
8.147802352905273438e-01
8.717416524887084961e-01
9.636736512184143066e-01
9.620764851570129395e-01
3.393099606037139893e-01
9.461112618446350098e-01
8.475473523139953613e-01
9.620183706283569336e-01
9.582456350326538086e-01
9.651181101799011230e-01
9.775765538215637207e-01
9.488511085510253906e-01
9.561821222305297852e-01
9.472656250000000000e-01
9.831491112709045410e-01
9.747310876846313477e-01
8.865795731544494629e-01
8.990709781646728516e-01
9.244268536567687988e-01
9.558925032615661621e-01
8.881995677947998047e-01
6.775060296058654785e-02
8.808248043060302734e-01
9.072094559669494629e-01
7.923346161842346191e-01
9.438757896423339844e-01
9.209649562835693359e-01
9.877407550811767578e-01
8.818479180335998535e-01
9.732058048248291016e-01
8.329496979713439941e-01
9.569285511970520020e-01
9.734672904014587402e-01
9.287849068641662598e-01
9.538819789886474609e-01
9.092017412185668945e-01
9.594468474388122559e-01
9.525684714317321777e-01
9.887048602104187012e-01
9.678640365600585938e-01
9.532418847084045410e-01
8.249020576477050781e-01
9.685508012771606445e-01
9.536076188087463379e-01
2.040831744670867920e-01
8.507482409477233887e-01
9.478545784950256348e-01
9.356497526168823242e-01
9.265621900558471680e-01
9.742911458015441895e-01
8.898625969886779785e-01
9.233821034431457520e-01
9.469295740127563477e-01
8.684969544410705566e-01
9.327005743980407715e-01
9.720184206962585449e-01
8.815622329711914062e-01
9.666155576705932617e-01
9.583820104598999023e-01
9.759477376937866211e-01
9.076704978942871094e-01
9.251435995101928711e-01
8.999391198158264160e-01
9.488976597785949707e-01
9.792444705963134766e-01
9.680588841438293457e-01
9.161455035209655762e-01
9.395540356636047363e-01
9.165852069854736328e-01
1.861281096935272217e-01
9.144324064254760742e-01
8.291306495666503906e-01
9.360463619232177734e-01
9.029093980789184570e-01
8.646143078804016113e-01
6.626330614089965820e-01
8.681035637855529785e-01
9.346289038658142090e-01
8.685407042503356934e-01
9.611310958862304688e-01
9.196130633354187012e-01
9.152752161026000977e-01
9.659726619720458984e-01
8.822988867759704590e-01
9.508580565452575684e-01
8.350629806518554688e-01
9.457836151123046875e-01
9.619324803352355957e-01
8.241820335388183594e-01
9.018325805664062500e-01
7.889106273651123047e-01
6.378962993621826172e-01
6.881039142608642578e-01
8.627713918685913086e-01
8.640156388282775879e-01
8.953310251235961914e-01
2.062884569168090820e-01
8.217736482620239258e-01
8.916742205619812012e-01
9.700998663902282715e-01
9.455772638320922852e-01
9.238120913505554199e-01
9.409914016723632812e-01
8.106060028076171875e-01
9.637707471847534180e-01
9.487821459770202637e-01
9.013934731483459473e-01
9.758072495460510254e-01
9.048322439193725586e-01
9.242069721221923828e-01
9.503421783447265625e-01
9.705667495727539062e-01
9.593212604522705078e-01
9.621269702911376953e-01
9.493468999862670898e-01
9.636236429214477539e-01
9.271454811096191406e-01
7.620465159416198730e-01
3.893323540687561035e-01
9.692032337188720703e-01
9.371312260627746582e-01
8.230624198913574219e-01
9.140832424163818359e-01
9.324786067008972168e-01
9.066017866134643555e-01
8.909684419631958008e-01
9.555416107177734375e-01
8.742849230766296387e-01
8.495424389839172363e-01
8.429145812988281250e-01
9.034969806671142578e-01
9.504564404487609863e-01
9.440488219261169434e-01
8.926230072975158691e-01
9.557792544364929199e-01
9.237368702888488770e-01
8.919003009796142578e-01
9.891456365585327148e-01
8.934020996093750000e-01
8.222833275794982910e-01
9.247502088546752930e-01
8.952186107635498047e-01
8.528683185577392578e-01
9.035190343856811523e-01
9.027275443077087402e-01
8.694778680801391602e-01
8.936253786087036133e-01
9.816793799400329590e-01
9.229391813278198242e-01
9.626706838607788086e-01
9.274753332138061523e-01
9.182993173599243164e-01
9.134364128112792969e-01
9.326920509338378906e-01
9.698757529258728027e-01
8.483020663261413574e-01
9.459056258201599121e-01
9.362198710441589355e-01
8.263535499572753906e-01
8.936406970024108887e-01
8.242382407188415527e-01
9.552385210990905762e-01
8.724271059036254883e-01
9.177749156951904297e-01
8.077481985092163086e-01
7.856845855712890625e-01
9.365307092666625977e-01
4.985999166965484619e-01
9.089976549148559570e-01
8.525367975234985352e-01
7.760157585144042969e-01
5.681220889091491699e-01
8.385621905326843262e-01
8.595960140228271484e-01
9.183272719383239746e-01
8.886893987655639648e-01
2.086326032876968384e-01
8.789366483688354492e-01
9.289932847023010254e-01
8.744199275970458984e-01
8.046442270278930664e-01
8.528080582618713379e-01
8.019522428512573242e-01
8.352827429771423340e-01
8.798547387123107910e-01
8.861327767372131348e-01
9.352619051933288574e-01
9.203972220420837402e-01
8.413596153259277344e-01
6.975139379501342773e-01
9.170315861701965332e-01
9.261740446090698242e-01
9.602553248405456543e-01
9.450859427452087402e-01
8.655241727828979492e-01
8.667272329330444336e-01
9.163632988929748535e-01
9.211980700492858887e-01
8.090928792953491211e-01
9.044645428657531738e-01
8.078825473785400391e-01
9.336467385292053223e-01
9.214354753494262695e-01
9.258118271827697754e-01
9.469637870788574219e-01
8.747192025184631348e-01
8.730356097221374512e-01
8.999708294868469238e-01
9.372524023056030273e-01
9.139555692672729492e-01
9.819274544715881348e-01
9.131230711936950684e-01
8.721218705177307129e-01
7.380349040031433105e-01
9.361744523048400879e-01
9.108771085739135742e-01
9.490993022918701172e-01
9.285689592361450195e-01
8.565326929092407227e-01
8.679604530334472656e-01
9.714657664299011230e-01
9.094891548156738281e-01
9.078918695449829102e-01
9.645162820816040039e-01
9.130744934082031250e-01
9.072549939155578613e-01
9.684318900108337402e-01
8.175094723701477051e-01
9.873682856559753418e-01
6.600949764251708984e-01
9.540815353393554688e-01
9.511990547180175781e-01
7.412535548210144043e-01
2.780373692512512207e-01
8.419337272644042969e-01
9.165099263191223145e-01
9.451667070388793945e-01
9.032394289970397949e-01
8.399682044982910156e-01
9.405450224876403809e-01
8.693100810050964355e-01
7.857481241226196289e-01
7.878192067146301270e-01
9.258574843406677246e-01
9.395927190780639648e-01
9.619226455688476562e-01
9.358118176460266113e-01
8.978896141052246094e-01
9.540780186653137207e-01
8.946739435195922852e-01
8.042348027229309082e-01
9.140061140060424805e-01
8.942751884460449219e-01
9.209606647491455078e-01
9.710761308670043945e-01
9.450533390045166016e-01
9.422931671142578125e-01
9.436350464820861816e-01
9.281967878341674805e-01
9.476589560508728027e-01
8.896527290344238281e-01
9.139112830162048340e-01
9.457059502601623535e-01
8.914780616760253906e-01
9.733975529670715332e-01
2.371531128883361816e-01
9.370138049125671387e-01
9.453526735305786133e-01
9.470104575157165527e-01
8.798211216926574707e-01
8.527275919914245605e-01
9.515389800071716309e-01
9.545543193817138672e-01
8.505961894989013672e-01
9.454810023307800293e-01
9.509797096252441406e-01
9.859984517097473145e-01
9.456828236579895020e-01
9.696607589721679688e-01
9.482582807540893555e-01
9.013962149620056152e-01
9.457598328590393066e-01
8.666488528251647949e-01
6.050368547439575195e-01
9.460049271583557129e-01
6.739551424980163574e-01
7.930289506912231445e-01
7.171278595924377441e-01
8.887110352516174316e-01
1.923622041940689087e-01
9.316691756248474121e-01
9.895262718200683594e-01
8.646807670593261719e-01
9.452960491180419922e-01
9.786319732666015625e-01
9.198541045188903809e-01
9.140893816947937012e-01
9.398315548896789551e-01
9.714894890785217285e-01
9.449116587638854980e-01
9.500504136085510254e-01
9.601038694381713867e-01
9.207502603530883789e-01
9.212815761566162109e-01
9.740914702415466309e-01
9.045233130455017090e-01
8.285447359085083008e-01
9.289731979370117188e-01
9.218809008598327637e-01
9.401624798774719238e-01
8.758669495582580566e-01
7.454782128334045410e-01
9.087222218513488770e-01
9.511122703552246094e-01
8.788002729415893555e-01
8.759813308715820312e-01
9.319728016853332520e-01
9.337633252143859863e-01
9.105425477027893066e-01
7.574859261512756348e-01
8.950208425521850586e-01
9.830178618431091309e-01
9.577971696853637695e-01
9.068354964256286621e-01
9.288776516914367676e-01
9.604889154434204102e-01
6.604241728782653809e-01
8.756921291351318359e-01
8.840675354003906250e-01
9.320102334022521973e-01
9.589514732360839844e-01
9.171550273895263672e-01
9.922986626625061035e-01
9.242203235626220703e-01
9.476442337036132812e-01
7.820889949798583984e-01
9.012041091918945312e-01
9.286783933639526367e-01
9.332615137100219727e-01
9.553309679031372070e-01
9.767525792121887207e-01
8.506664633750915527e-01
8.396677374839782715e-01
9.687199592590332031e-01
9.612019658088684082e-01
9.796132445335388184e-01
9.618798494338989258e-01
9.492154717445373535e-01
8.307150602340698242e-01
9.103252887725830078e-01
9.160777330398559570e-01
9.713131785392761230e-01
8.967423439025878906e-01
9.754897356033325195e-01
8.845915198326110840e-01
8.906538486480712891e-01
8.351300954818725586e-01
9.820706844329833984e-01
9.440082907676696777e-01
7.931975722312927246e-01
7.169625759124755859e-01
7.696121931076049805e-01
6.848397850990295410e-01
9.175686240196228027e-01
8.990198969841003418e-01
8.860871791839599609e-01
9.352346062660217285e-01
9.258368611335754395e-01
8.430559635162353516e-01
9.136722683906555176e-01
9.678772091865539551e-01
9.372008442878723145e-01
8.361032009124755859e-01
9.735670089721679688e-01
9.779245853424072266e-01
8.337754011154174805e-01
9.534398317337036133e-01
9.333595037460327148e-01
9.470654129981994629e-01
8.307535648345947266e-01
9.802783131599426270e-01
9.227886199951171875e-01
9.355025291442871094e-01
9.241307377815246582e-01
8.871158361434936523e-01
8.492738604545593262e-01
9.262918829917907715e-01
9.605982899665832520e-01
8.691033720970153809e-01
9.745079278945922852e-01
9.289206862449645996e-01
9.711077809333801270e-01
9.846698641777038574e-01
9.674768447875976562e-01
9.578613638877868652e-01
9.555709958076477051e-01
9.659631848335266113e-01
9.404779076576232910e-01
8.977474570274353027e-01
9.580283761024475098e-01
8.963640928268432617e-01
9.039655923843383789e-01
8.884932994842529297e-01
9.310387372970581055e-01
9.552327394485473633e-01
8.509886264801025391e-01
7.867975234985351562e-01
8.285531997680664062e-01
9.266974329948425293e-01
9.465548992156982422e-01
8.794732689857482910e-01
9.559809565544128418e-01
9.523615837097167969e-01
9.417436718940734863e-01
9.312211275100708008e-01
8.306287527084350586e-01
8.117101788520812988e-01
9.496704339981079102e-01
8.556434512138366699e-01
9.423702955245971680e-01
9.778763651847839355e-01
8.598797321319580078e-01
9.395824670791625977e-01
9.076371192932128906e-01
8.903880715370178223e-01
9.484304189682006836e-01
9.059739112854003906e-01
9.795487523078918457e-01
9.311989545822143555e-01
9.026391506195068359e-01
9.079486131668090820e-01
8.148813843727111816e-01
9.578655958175659180e-01
8.884094953536987305e-01
8.011907339096069336e-01
8.972431421279907227e-01
9.448086023330688477e-01
9.285249114036560059e-01
8.522103428840637207e-01
9.420182108879089355e-01
9.417441487312316895e-01
9.791775941848754883e-01
9.801647067070007324e-01
9.387037158012390137e-01
9.372654557228088379e-01
8.249832391738891602e-01
9.071989655494689941e-01
9.367104768753051758e-01
9.181147813796997070e-01
6.205934286117553711e-01
9.665653109550476074e-01
9.398470520973205566e-01
9.118846058845520020e-01
8.522038459777832031e-01
9.832285642623901367e-01
9.648154973983764648e-01
9.244301915168762207e-01
9.142053723335266113e-01
9.478141069412231445e-01
8.285682201385498047e-01
9.357143044471740723e-01
9.706039428710937500e-01
9.298449158668518066e-01
8.859916925430297852e-01
9.862056970596313477e-01
5.811955332756042480e-01
9.194907546043395996e-01
9.799442291259765625e-01
9.388842582702636719e-01
9.909397959709167480e-01
9.184157252311706543e-01
9.098894596099853516e-01
9.436813592910766602e-01
9.149984121322631836e-01
9.500702619552612305e-01
8.225517272949218750e-01
8.352029323577880859e-01
9.396131634712219238e-01
8.918706774711608887e-01
7.771827578544616699e-01
9.593515992164611816e-01
9.457928538322448730e-01
9.671662449836730957e-01
8.235253691673278809e-01
9.480483531951904297e-01
9.390292763710021973e-01
9.463435411453247070e-01
9.468376636505126953e-01
8.974794149398803711e-01
8.732737898826599121e-01
9.334225058555603027e-01
8.957589864730834961e-01
8.419975638389587402e-01
9.756982326507568359e-01
8.513533473014831543e-01
8.347555994987487793e-01
2.856599092483520508e-01
9.633473753929138184e-01
8.018701076507568359e-01
9.246811270713806152e-01
9.467742443084716797e-01
8.757434487342834473e-01
9.156165122985839844e-01
9.620967507362365723e-01
9.474232196807861328e-01
9.325337409973144531e-01
8.272010087966918945e-01
9.415720105171203613e-01
9.600248336791992188e-01
8.276797533035278320e-01
9.853966832160949707e-01
9.127507805824279785e-01
9.142653942108154297e-01
8.363057374954223633e-01
8.073307275772094727e-01
8.791675567626953125e-01
9.269759654998779297e-01
9.296551346778869629e-01
9.850988388061523438e-01
9.274346828460693359e-01
9.381861686706542969e-01
9.536136388778686523e-01
9.780293703079223633e-01
9.427266716957092285e-01
9.518892765045166016e-01
9.439749121665954590e-01
8.336482048034667969e-01
9.442759156227111816e-01
9.255143404006958008e-01
8.746651411056518555e-01
9.041539430618286133e-01
8.754932284355163574e-01
9.378367662429809570e-01
9.806521534919738770e-01
9.237885475158691406e-01
9.786666035652160645e-01
9.238212108612060547e-01
8.756959438323974609e-01
9.313668012619018555e-01
9.624792337417602539e-01
9.597116708755493164e-01
8.975095152854919434e-01
9.143404960632324219e-01
8.965305685997009277e-01
6.943629384040832520e-01
8.706191182136535645e-01
8.448542356491088867e-01
8.978309035301208496e-01
9.742895364761352539e-01
9.594412446022033691e-01
9.141366481781005859e-01
4.004788771271705627e-02
8.533411622047424316e-01
9.207084774971008301e-01
8.561837673187255859e-01
9.044849872589111328e-01
8.188504576683044434e-01
9.548895955085754395e-01
8.811491131782531738e-01
8.851970434188842773e-01
8.431656360626220703e-01
9.674828052520751953e-01
9.835620522499084473e-01
7.900778055191040039e-01
9.766949415206909180e-01
7.201530933380126953e-01
9.337228536605834961e-01
8.897656202316284180e-01
8.376613855361938477e-01
9.408048391342163086e-01
9.219963550567626953e-01
9.719246625900268555e-01
8.970093727111816406e-01
8.752868771553039551e-01
6.177757382392883301e-01
8.944783806800842285e-01
8.894749283790588379e-01
9.550805091857910156e-01
9.742344617843627930e-01
5.180681943893432617e-01
9.287346601486206055e-01
8.335093259811401367e-01
9.085225462913513184e-01
9.326807856559753418e-01
6.985252499580383301e-01
8.503264784812927246e-01
8.856785297393798828e-01
8.674410581588745117e-01
9.583088755607604980e-01
9.430341124534606934e-01
9.239671230316162109e-01
9.449923038482666016e-01
9.540559053421020508e-01
9.783500432968139648e-01
8.513606190681457520e-01
9.506650567054748535e-01
9.396858811378479004e-01
8.787550926208496094e-01
9.713141322135925293e-01
8.331912755966186523e-01
9.776362180709838867e-01
8.865864276885986328e-01
9.280413985252380371e-01
8.594333529472351074e-01
2.471775114536285400e-01
9.497206807136535645e-01
9.535712599754333496e-01
9.784378409385681152e-01
8.950447440147399902e-01
9.151094555854797363e-01
9.206061363220214844e-01
9.469181299209594727e-01
8.198481798171997070e-01
9.704010486602783203e-01
9.147295355796813965e-01
9.332532882690429688e-01
9.207892417907714844e-01
8.900616765022277832e-01
9.370953440666198730e-01
8.927239775657653809e-01
8.501719236373901367e-01
8.629436492919921875e-01
9.071295857429504395e-01
9.332855939865112305e-01
7.143009901046752930e-01
7.776212692260742188e-01
9.367312192916870117e-01
9.353443384170532227e-01
9.415786266326904297e-01
9.156488776206970215e-01
9.471587538719177246e-01
9.365901350975036621e-01
9.062242507934570312e-01
9.273313283920288086e-01
8.157203197479248047e-01
9.222674369812011719e-01
8.871926069259643555e-01
9.331700205802917480e-01
8.693127632141113281e-01
8.210760951042175293e-01
8.767555356025695801e-01
8.785355091094970703e-01
9.661657214164733887e-01
8.534553050994873047e-01
9.687496423721313477e-01
9.692869782447814941e-01
2.218415439128875732e-01
8.806064128875732422e-01
9.083326458930969238e-01
8.810555934906005859e-01
7.541232109069824219e-01
9.046125411987304688e-01
9.481728672981262207e-01
8.583695292472839355e-01
9.245138764381408691e-01
8.686389923095703125e-01
8.314861655235290527e-01
9.749879240989685059e-01
9.795788526535034180e-01
9.811828136444091797e-01
8.450543880462646484e-01
9.037591814994812012e-01
9.037166237831115723e-01
8.672257065773010254e-01
9.041008949279785156e-01
9.069101214408874512e-01
9.296334385871887207e-01
8.027563691139221191e-01
9.903858900070190430e-01
8.401428461074829102e-01
1.808918863534927368e-01
7.781059145927429199e-01
8.867990970611572266e-01
9.715733528137207031e-01
9.214865565299987793e-01
9.612280130386352539e-01
9.033111333847045898e-01
9.076178669929504395e-01
9.486589431762695312e-01
8.736066818237304688e-01
8.867182731628417969e-01
9.443281292915344238e-01
8.400948047637939453e-01
6.842793226242065430e-01
9.477500915527343750e-01
8.633181452751159668e-01
9.592776894569396973e-01
8.614295125007629395e-01
9.157863259315490723e-01
9.672554731369018555e-01
9.811341166496276855e-01
8.990262746810913086e-01
9.590541720390319824e-01
8.489231467247009277e-01
9.511874914169311523e-01
9.595653414726257324e-01
8.511419296264648438e-01
8.659470677375793457e-01
9.471105337142944336e-01
9.607374072074890137e-01
9.565116167068481445e-01
8.306221961975097656e-01
8.683661818504333496e-01
7.677934169769287109e-01
9.060409665107727051e-01
8.564051389694213867e-01
8.871448040008544922e-01
5.471243858337402344e-01
9.043650031089782715e-01
9.387877583503723145e-01
8.384836316108703613e-01
8.869456648826599121e-01
6.984246969223022461e-01
9.467822909355163574e-01
9.429866671562194824e-01
9.129081368446350098e-01
7.952139973640441895e-01
8.456397652626037598e-01
9.349477291107177734e-01
2.239554077386856079e-01
8.947373032569885254e-01
9.178311824798583984e-01
9.228383302688598633e-01
9.177795052528381348e-01
9.470418691635131836e-01
9.404371976852416992e-01
8.745743632316589355e-01
9.517259597778320312e-01
9.462819099426269531e-01
1.685018837451934814e-01
9.703480005264282227e-01
9.423845410346984863e-01
9.543247222900390625e-01
9.686682224273681641e-01
9.736800193786621094e-01
9.694678187370300293e-01
9.038149118423461914e-01
7.946383357048034668e-01
8.840182423591613770e-01
9.865053892135620117e-01
8.628872632980346680e-01
9.226315021514892578e-01
9.941676259040832520e-01
9.659923911094665527e-01
8.984026908874511719e-01
8.090940713882446289e-01
9.446474313735961914e-01
9.881549477577209473e-01
9.067417383193969727e-01
8.827617168426513672e-01
8.156448006629943848e-01
9.730930328369140625e-01
9.480466246604919434e-01
9.109485149383544922e-01
7.176187038421630859e-01
8.712367415428161621e-01
9.388098716735839844e-01
9.739640355110168457e-01
5.858557224273681641e-01
9.614507555961608887e-01
9.292993545532226562e-01
8.654137253761291504e-01
8.907759785652160645e-01
9.221293926239013672e-01
4.378390014171600342e-01
9.612551331520080566e-01
7.230964303016662598e-01
7.440401315689086914e-01
9.589504599571228027e-01
8.273467421531677246e-01
8.723375201225280762e-01
8.755559921264648438e-01
9.421601891517639160e-01
9.315557479858398438e-01
9.381127953529357910e-01
9.190793037414550781e-01
8.711768984794616699e-01
9.238400459289550781e-01
8.695298433303833008e-01
8.606432676315307617e-01
9.611888527870178223e-01
9.564408063888549805e-01
8.972805738449096680e-01
9.071890711784362793e-01
9.879336953163146973e-01
7.956679463386535645e-01
7.728787064552307129e-01
8.204795718193054199e-01
9.179421663284301758e-01
9.815308451652526855e-01
9.539619684219360352e-01
7.762576937675476074e-01
8.099882006645202637e-01
9.031673073768615723e-01
9.817023277282714844e-01
5.069164633750915527e-01
8.659009933471679688e-01
9.470496177673339844e-01
9.202808737754821777e-01
9.301889538764953613e-01
8.226336836814880371e-01
8.955476284027099609e-01
8.641313314437866211e-01
9.846864938735961914e-01
8.656423091888427734e-01
9.612939357757568359e-01
9.909797310829162598e-01
9.638743996620178223e-01
9.635127186775207520e-01
8.953701257705688477e-01
9.565349817276000977e-01
9.223994016647338867e-01
9.123324155807495117e-01
9.187340140342712402e-01
9.255325794219970703e-01
8.061854839324951172e-01
2.675453722476959229e-01
8.681423068046569824e-01
8.624238967895507812e-01
8.360801935195922852e-01
8.768821358680725098e-01
9.542751908302307129e-01
9.650776386260986328e-01
8.865816593170166016e-01
8.315610885620117188e-01
9.469758272171020508e-01
9.727439284324645996e-01
9.507585167884826660e-01
8.742259740829467773e-01
9.028863906860351562e-01
9.383727908134460449e-01
9.774049520492553711e-01
9.214962720870971680e-01
9.355439543724060059e-01
9.821028709411621094e-01
9.297891259193420410e-01
9.473636746406555176e-01
9.556355476379394531e-01
9.260068535804748535e-01
8.003977537155151367e-01
9.425042867660522461e-01
8.992451429367065430e-01
9.364578127861022949e-01
2.415698319673538208e-01
9.429596066474914551e-01
9.041054248809814453e-01
9.146775007247924805e-01
9.325696825981140137e-01
9.417793750762939453e-01
9.443987011909484863e-01
9.484358429908752441e-01
9.388656616210937500e-01
8.900725841522216797e-01
8.561044931411743164e-01
9.114001393318176270e-01
9.744490981101989746e-01
9.711591005325317383e-01
9.366959333419799805e-01
8.947290182113647461e-01
7.413748502731323242e-01
3.127992898225784302e-02
8.779785037040710449e-01
8.314664959907531738e-01
7.078533172607421875e-01
8.981670737266540527e-01
2.504284381866455078e-01
7.305392026901245117e-01
1.639317721128463745e-01
9.082872867584228516e-01
9.146754741668701172e-01
9.049879908561706543e-01
9.379648566246032715e-01
8.171042203903198242e-01
9.491938948631286621e-01
8.902657032012939453e-01
9.599709510803222656e-01
9.534084796905517578e-01
9.482563138008117676e-01
9.476255178451538086e-01
9.563769102096557617e-01
9.236987233161926270e-01
8.043904304504394531e-01
9.498545527458190918e-01
4.530584812164306641e-01
9.363279938697814941e-01
9.695622920989990234e-01
9.573431611061096191e-01
9.114773273468017578e-01
9.436404109001159668e-01
9.109976887702941895e-01
9.290733337402343750e-01
8.890005946159362793e-01
9.260628819465637207e-01
8.894234299659729004e-01
8.827331066131591797e-01
7.950091958045959473e-01
8.523288369178771973e-01
7.936261296272277832e-01
8.626893162727355957e-01
7.375916242599487305e-01
5.707948207855224609e-01
9.711863994598388672e-01
9.789033532142639160e-01
8.083906769752502441e-01
8.193337917327880859e-01
8.691992163658142090e-01
4.922186136245727539e-01
8.933129310607910156e-01
8.072763681411743164e-01
8.963540196418762207e-01
4.283943772315979004e-01
9.267104864120483398e-01
8.913761377334594727e-01
6.683234572410583496e-01
9.529095292091369629e-01
9.153246879577636719e-01
9.035731554031372070e-01
9.294679164886474609e-01
9.428638815879821777e-01
7.790871858596801758e-01
8.827768564224243164e-01
2.610362172126770020e-01
8.308552503585815430e-01
9.633323550224304199e-01
9.794040322303771973e-01
9.510002136230468750e-01
7.860850095748901367e-01
8.903312683105468750e-01
8.895913362503051758e-01
9.477764368057250977e-01
8.832946419715881348e-01
8.602266907691955566e-01
7.514520883560180664e-01
8.397170305252075195e-01
8.785194158554077148e-01
8.113754391670227051e-01
8.057863712310791016e-01
8.843552470207214355e-01
8.259384632110595703e-01
9.270583391189575195e-01
8.460547327995300293e-01
8.428022265434265137e-01
8.801560401916503906e-01
8.769939541816711426e-01
9.538889527320861816e-01
9.949598908424377441e-01
9.898817539215087891e-01
9.178530573844909668e-01
9.689739346504211426e-01
8.594774007797241211e-01
9.293544292449951172e-01
9.362332224845886230e-01
9.470304250717163086e-01
8.882377147674560547e-01
9.699909090995788574e-01
9.625695943832397461e-01
9.423968195915222168e-01
9.519131183624267578e-01
9.400637745857238770e-01
9.402380585670471191e-01
8.712751865386962891e-01
8.162237405776977539e-01
8.169978260993957520e-01
9.226614236831665039e-01
8.057458996772766113e-01
8.322015404701232910e-01
9.310197830200195312e-01
9.726780056953430176e-01
9.027857184410095215e-01
9.469075798988342285e-01
9.208091497421264648e-01
8.813436031341552734e-01
8.611938357353210449e-01
8.423597812652587891e-01
9.486939311027526855e-01
9.266652464866638184e-01
8.219056725502014160e-01
9.132849574089050293e-01
8.378469944000244141e-01
9.248660802841186523e-01
9.534564614295959473e-01
9.097887277603149414e-01
8.952349424362182617e-01
9.174734354019165039e-01
9.520213603973388672e-01
9.954977631568908691e-01
8.785578012466430664e-01
6.207802891731262207e-01
9.523624181747436523e-01
8.746564388275146484e-01
9.183890819549560547e-01
9.169455170631408691e-01
2.294248789548873901e-01
9.281549453735351562e-01
8.659926056861877441e-01
9.159867763519287109e-01
9.102776646614074707e-01
9.261209368705749512e-01
9.348609447479248047e-01
9.321985244750976562e-01
9.653009176254272461e-01
9.014167189598083496e-01
8.402481675148010254e-01
9.611008763313293457e-01
9.317271709442138672e-01
7.870445251464843750e-01
8.858471512794494629e-01
9.177348017692565918e-01
9.576346278190612793e-01
3.855963647365570068e-01
9.212577939033508301e-01
9.314354062080383301e-01
9.541866779327392578e-01
9.659365415573120117e-01
8.442076444625854492e-01
9.608994126319885254e-01
8.974866271018981934e-01
9.748767614364624023e-01
9.413319826126098633e-01
8.904542922973632812e-01
9.734226465225219727e-01
9.748767018318176270e-01
9.321293830871582031e-01
9.768522381782531738e-01
9.624966979026794434e-01
9.194861054420471191e-01
9.428079128265380859e-01
9.602047204971313477e-01
9.825393557548522949e-01
8.413381576538085938e-01
3.423872590065002441e-02
8.772684335708618164e-01
8.905941247940063477e-01
8.913711309432983398e-01
8.840690851211547852e-01
9.874834418296813965e-01
9.312811493873596191e-01
9.458390474319458008e-01
9.111999273300170898e-01
9.371930956840515137e-01
7.355938553810119629e-01
8.996473550796508789e-01
9.108875989913940430e-01
8.892076611518859863e-01
8.465837836265563965e-01
9.657753109931945801e-01
9.192103147506713867e-01
7.922667860984802246e-01
9.608334302902221680e-01
9.473837614059448242e-01
9.154591560363769531e-01
9.120415449142456055e-01
9.065432548522949219e-01
9.608421325683593750e-01
9.450827836990356445e-01
9.480844140052795410e-01
9.133310914039611816e-01
9.515442252159118652e-01
9.147561192512512207e-01
9.418063163757324219e-01
9.011868238449096680e-01
1.826090812683105469e-01
6.627417206764221191e-01
9.079630970954895020e-01
9.039643406867980957e-01
9.241901636123657227e-01
9.190018773078918457e-01
9.460281729698181152e-01
9.097980260848999023e-01
9.631905555725097656e-01
9.021799564361572266e-01
9.235811233520507812e-01
8.654785156250000000e-01
7.650765776634216309e-01
9.126116633415222168e-01
8.664749264717102051e-01
9.319124221801757812e-01
9.202337861061096191e-01
8.229889869689941406e-01
7.844214439392089844e-01
9.877384901046752930e-01
8.885607719421386719e-01
8.102834820747375488e-01
9.621090888977050781e-01
9.316278100013732910e-01
8.604027628898620605e-01
9.124902486801147461e-01
8.224700093269348145e-01
8.642753362655639648e-01
2.908996045589447021e-01
8.906570076942443848e-01
8.778568506240844727e-01
8.934509158134460449e-01
9.213639497756958008e-01
9.308965206146240234e-01
7.734441161155700684e-01
9.709920287132263184e-01
8.994749188423156738e-01
7.783455848693847656e-01
9.194500446319580078e-01
8.785621523857116699e-01
9.088975787162780762e-01
8.827344775199890137e-01
8.411064147949218750e-01
9.538981914520263672e-01
9.069412946701049805e-01
9.057027697563171387e-01
9.457992911338806152e-01
9.441178441047668457e-01
9.528287649154663086e-01
9.150422811508178711e-01
9.601416587829589844e-01
9.290570020675659180e-01
9.782025814056396484e-01
9.187288880348205566e-01
9.802899360656738281e-01
9.677000641822814941e-01
9.088144302368164062e-01
9.611195325851440430e-01
8.595869541168212891e-01
8.791061043739318848e-01
9.729338288307189941e-01
9.692080020904541016e-01
9.034464955329895020e-01
9.312433004379272461e-01
8.980121016502380371e-01
9.130063652992248535e-01
7.725859880447387695e-01
9.480073451995849609e-01
8.702218532562255859e-01
3.075797855854034424e-01
8.714677095413208008e-01
9.623969793319702148e-01
8.681272268295288086e-01
9.403253197669982910e-01
8.584522008895874023e-01
9.861024022102355957e-01
9.586240053176879883e-01
8.971588611602783203e-01
8.433628678321838379e-01
8.828564882278442383e-01
8.717108964920043945e-01
9.478195905685424805e-01
9.505785703659057617e-01
9.511295557022094727e-01
9.285930395126342773e-01
9.659343361854553223e-01
9.409970045089721680e-01
8.501926064491271973e-01
8.681387305259704590e-01
9.015409350395202637e-01
9.317102432250976562e-01
9.433984160423278809e-01
8.521349430084228516e-01
9.310525059700012207e-01
8.266307115554809570e-01
3.616725206375122070e-01
9.153447151184082031e-01
3.915573954582214355e-01
9.132531881332397461e-01
9.412849545478820801e-01
8.848559260368347168e-01
9.224498867988586426e-01
8.960894942283630371e-01
9.336695671081542969e-01
9.078439474105834961e-01
9.641217589378356934e-01
9.600149989128112793e-01
8.596234917640686035e-01
9.324938654899597168e-01
9.308404922485351562e-01
7.302135229110717773e-01
9.421821832656860352e-01
9.299126267433166504e-01
9.626783728599548340e-01
9.814242720603942871e-01
8.079231381416320801e-01
8.911110758781433105e-01
3.301796019077301025e-01
9.529460072517395020e-01
8.564741015434265137e-01
8.903213739395141602e-01
9.668874740600585938e-01
9.235752224922180176e-01
9.278359413146972656e-01
8.890755176544189453e-01
4.870094656944274902e-01
9.525001645088195801e-01
8.491561412811279297e-01
9.312323331832885742e-01
9.646340012550354004e-01
8.818022012710571289e-01
9.215189218521118164e-01
8.537003397941589355e-01
8.094743490219116211e-01
8.900907039642333984e-01
8.921105265617370605e-01
8.815197348594665527e-01
8.299559950828552246e-01
8.086324334144592285e-01
9.419149160385131836e-01
8.855323195457458496e-01
8.598725497722625732e-02
9.613416790962219238e-01
8.318300843238830566e-01
2.501194477081298828e-01
8.476712703704833984e-01
9.670815467834472656e-01
9.097297191619873047e-01
8.387125730514526367e-01
8.677949905395507812e-01
8.914452195167541504e-01
8.764341473579406738e-01
8.350985646247863770e-01
9.065853357315063477e-01
9.484957456588745117e-01
6.201733946800231934e-01
9.676830172538757324e-01
9.311637878417968750e-01
9.008312225341796875e-01
9.314037561416625977e-01
6.780088543891906738e-01
7.385048866271972656e-01
9.317488074302673340e-01
8.987318873405456543e-01
9.142981171607971191e-01
9.460307359695434570e-01
9.280595779418945312e-01
9.679270982742309570e-01
9.108237028121948242e-01
9.206267595291137695e-01
7.675492763519287109e-01
8.614438772201538086e-01
8.863809108734130859e-01
9.038597941398620605e-01
9.319779872894287109e-01
9.600125551223754883e-01
9.798825383186340332e-01
9.895465970039367676e-01
9.221094846725463867e-01
9.629152417182922363e-01
9.557715058326721191e-01
9.129702448844909668e-01
8.435442447662353516e-01
9.294662475585937500e-01
3.402819633483886719e-01
8.125698566436767578e-01
9.316999912261962891e-01
9.719631671905517578e-01
8.734802007675170898e-01
9.452811479568481445e-01
9.674759507179260254e-01
9.141938686370849609e-01
9.672526121139526367e-01
9.898386001586914062e-01
9.601527452468872070e-01
9.225213527679443359e-01
9.434430599212646484e-01
9.545161724090576172e-01
8.165725469589233398e-01
8.596199750900268555e-01
9.731676578521728516e-01
8.839075565338134766e-01
9.584876298904418945e-01
8.916913866996765137e-01
9.273579120635986328e-01
9.412006735801696777e-01
6.497890353202819824e-01
9.818583130836486816e-01
9.410082101821899414e-01
9.321652650833129883e-01
7.970978021621704102e-01
9.825180172920227051e-01
9.184566736221313477e-01
9.802087545394897461e-01
9.111154079437255859e-01
9.530296921730041504e-01
8.303580284118652344e-01
9.427464008331298828e-01
8.513668179512023926e-01
9.830244183540344238e-01
8.857048153877258301e-01
8.657128214836120605e-01
9.898755550384521484e-01
9.643761515617370605e-01
9.324149489402770996e-01
8.559647798538208008e-01
9.836854934692382812e-01
8.939688801765441895e-01
9.386875629425048828e-01
7.932528257369995117e-01
8.741214275360107422e-01
9.277238249778747559e-01
8.259479403495788574e-01
8.810095787048339844e-01
1.852852106094360352e-01
9.677670598030090332e-01
9.505291581153869629e-01
9.667771458625793457e-01
9.280487895011901855e-01
9.410115480422973633e-01
9.010152816772460938e-01
8.806678652763366699e-01
9.728059172630310059e-01
8.878433704376220703e-01
9.287398457527160645e-01
9.156150817871093750e-01
9.729728102684020996e-01
9.320061206817626953e-01
9.703893661499023438e-01
8.989094495773315430e-01
8.776519298553466797e-01
7.462273836135864258e-01
1.003289893269538879e-01
8.533697724342346191e-01
9.381425380706787109e-01
9.174003601074218750e-01
8.540466427803039551e-01
5.751542001962661743e-02
8.521364331245422363e-01
7.053921222686767578e-01
8.223453760147094727e-01
8.458574414253234863e-01
9.189283847808837891e-01
8.061066865921020508e-01
9.392467737197875977e-01
8.516839146614074707e-01
9.104040861129760742e-01
8.445424437522888184e-01
8.064831495285034180e-01
6.236084699630737305e-01
1.448369771242141724e-01
9.809228777885437012e-01
9.627265334129333496e-01
9.025567770004272461e-01
9.450763463973999023e-01
8.728064894676208496e-01
7.537996768951416016e-01
9.711213707923889160e-01
8.101916313171386719e-01
9.501737356185913086e-01
8.361354470252990723e-01
8.258348703384399414e-01
7.455290555953979492e-01
7.455444931983947754e-01
7.065407633781433105e-01
9.409859180450439453e-01
9.469324946403503418e-01
5.013575553894042969e-01
9.314808249473571777e-01
6.845287680625915527e-01
9.534373879432678223e-01
9.116938114166259766e-01
9.437558054924011230e-01
9.565193653106689453e-01
8.853446841239929199e-01
9.698870778083801270e-01
8.268875479698181152e-01
9.143326282501220703e-01
9.678090810775756836e-01
9.358328580856323242e-01
8.886816501617431641e-01
9.455507397651672363e-01
9.160866141319274902e-01
9.085076451301574707e-01
6.116694808006286621e-01
9.426982402801513672e-01
9.441900849342346191e-01
8.299331665039062500e-01
8.989362716674804688e-01
9.705719947814941406e-01
9.526135921478271484e-01
9.599102735519409180e-01
9.577718973159790039e-01
9.846041202545166016e-01
9.618268609046936035e-01
9.249259829521179199e-01
9.179462790489196777e-01
7.903065085411071777e-01
8.199522495269775391e-01
9.526970386505126953e-01
9.108114838600158691e-01
9.794039726257324219e-01
9.073230028152465820e-01
8.982506394386291504e-01
9.129780530929565430e-01
8.276320099830627441e-01
9.077473878860473633e-01
8.391619324684143066e-01
8.149517774581909180e-01
9.530748724937438965e-01
8.333253860473632812e-01
9.338485002517700195e-01
8.788323402404785156e-01
9.746306538581848145e-01
7.393749952316284180e-01
9.399275779724121094e-01
9.401659965515136719e-01
9.337381720542907715e-01
9.284688830375671387e-01
9.467579722404479980e-01
9.423254132270812988e-01
9.739798307418823242e-01
9.542402029037475586e-01
9.362540841102600098e-01
8.650261759757995605e-01
8.943104147911071777e-01
9.062730669975280762e-01
8.944289088249206543e-01
9.837455749511718750e-01
9.617190957069396973e-01
8.892213702201843262e-01
8.910869359970092773e-01
9.334954023361206055e-01
7.993260025978088379e-01
2.733454704284667969e-01
8.127588629722595215e-01
1.492911279201507568e-01
9.637096524238586426e-01
9.762354493141174316e-01
8.296443819999694824e-01
9.680531620979309082e-01
9.405077695846557617e-01
8.385027647018432617e-01
9.140013456344604492e-01
9.191200733184814453e-01
9.506638646125793457e-01
8.906185030937194824e-01
9.010246396064758301e-01
9.539928436279296875e-01
8.843637108802795410e-01
7.050662040710449219e-01
9.900836348533630371e-01
9.134945273399353027e-01
8.290663361549377441e-01
9.635751247406005859e-01
9.470532536506652832e-01
9.208956956863403320e-01
9.343981742858886719e-01
9.196175336837768555e-01
8.902724385261535645e-01
9.414289593696594238e-01
9.019609093666076660e-01
9.295780062675476074e-01
9.583138227462768555e-01
9.016180038452148438e-01
9.793865680694580078e-01
9.035044908523559570e-01
9.558968544006347656e-01
8.726218342781066895e-01
7.485572099685668945e-01
7.935545444488525391e-01
9.400247335433959961e-01
7.832477092742919922e-01
9.231414198875427246e-01
9.288146495819091797e-01
8.489487767219543457e-01
9.064216613769531250e-01
7.191733717918395996e-01
9.054337739944458008e-01
8.706066608428955078e-01
4.341238141059875488e-01
8.344653248786926270e-01
9.475995898246765137e-01
8.822057247161865234e-01
7.951350212097167969e-01
8.895829319953918457e-01
4.971792101860046387e-01
9.446982741355895996e-01
9.385879635810852051e-01
8.024775981903076172e-01
9.145503044128417969e-01
9.442980885505676270e-01
9.042931795120239258e-01
7.769070863723754883e-01
9.275798201560974121e-01
9.237197637557983398e-01
9.288356900215148926e-01
9.462088346481323242e-01
9.163215160369873047e-01
9.299794435501098633e-01
9.454249143600463867e-01
8.748745322227478027e-01
6.917279958724975586e-01
8.044428229331970215e-01
8.074616193771362305e-01
9.024505019187927246e-01
9.216109514236450195e-01
9.559439420700073242e-01
9.312004446983337402e-01
8.769835829734802246e-01
9.649090766906738281e-01
9.286566972732543945e-01
8.371790647506713867e-01
8.674588799476623535e-01
8.387507796287536621e-01
7.748319506645202637e-01
7.673829793930053711e-01
8.514143228530883789e-01
8.102883100509643555e-01
9.404719471931457520e-01
8.704485893249511719e-01
6.531152129173278809e-01
9.376854300498962402e-01
4.269899725914001465e-01
9.252415895462036133e-01
1.930183023214340210e-01
8.975523710250854492e-01
8.070480823516845703e-01
9.288648962974548340e-01
7.796908617019653320e-01
8.501385450363159180e-01
9.168778061866760254e-01
9.475397467613220215e-01
8.691554665565490723e-01
9.545140266418457031e-01
9.608705043792724609e-01
9.828649163246154785e-01
9.737785458564758301e-01
8.107093572616577148e-01
9.428902864456176758e-01
9.288064837455749512e-01
8.267074823379516602e-01
9.843315482139587402e-01
9.931467175483703613e-01
8.039540648460388184e-01
8.959907889366149902e-01
8.853083848953247070e-01
8.566725850105285645e-01
8.153402209281921387e-01
9.846962690353393555e-01
9.202347993850708008e-01
9.794319272041320801e-01
9.566313624382019043e-01
9.416462182998657227e-01
8.644759654998779297e-01
9.429526329040527344e-01
9.282748103141784668e-01
9.284201860427856445e-01
9.317513704299926758e-01
9.243980646133422852e-01
9.458913207054138184e-01
8.425897359848022461e-01
9.270387887954711914e-01
9.487631320953369141e-01
8.716599345207214355e-01
8.810735344886779785e-01
3.813085854053497314e-01
7.953588962554931641e-01
9.252591133117675781e-01
9.231316447257995605e-01
7.350859045982360840e-01
8.717541694641113281e-01
9.651378393173217773e-01
9.308002591133117676e-01
9.755757451057434082e-01
9.067960977554321289e-01
8.763554096221923828e-01
8.993233442306518555e-01
8.161328434944152832e-01
8.611782789230346680e-01
9.521346092224121094e-01
9.376062750816345215e-01
9.460261464118957520e-01
8.556687831878662109e-01
9.085550904273986816e-01
8.685870766639709473e-01
9.513802528381347656e-01
9.212622046470642090e-01
9.250437617301940918e-01
9.334015250205993652e-01
9.781894683837890625e-01
9.056239128112792969e-01
9.044929742813110352e-01
7.970170974731445312e-01
9.184055328369140625e-01
8.920373916625976562e-01
8.866771459579467773e-01
8.915525078773498535e-01
9.324143528938293457e-01
9.064638018608093262e-01
8.225610256195068359e-01
9.588564634323120117e-01
8.923340439796447754e-01
8.787355422973632812e-01
9.112803936004638672e-01
9.812871217727661133e-01
7.078596949577331543e-01
8.950294852256774902e-01
9.318218231201171875e-01
9.339095354080200195e-01
9.290440082550048828e-01
4.161005914211273193e-01
8.329920768737792969e-01
9.297080636024475098e-01
8.893352746963500977e-01
8.821600079536437988e-01
8.856971859931945801e-01
7.173264026641845703e-01
9.307967424392700195e-01
8.893298506736755371e-01
9.241496324539184570e-01
9.400435090065002441e-01
8.314910531044006348e-01
8.221642971038818359e-01
9.321483373641967773e-01
9.937632679939270020e-01
8.197463750839233398e-01
8.759306073188781738e-01
9.317941069602966309e-01
9.445174932479858398e-01
8.683347105979919434e-01
9.883259534835815430e-01
9.415923357009887695e-01
9.770184159278869629e-01
9.041054844856262207e-01
9.674267172813415527e-01
9.060830473899841309e-01
7.472763657569885254e-01
9.517425298690795898e-01
8.604394197463989258e-01
9.360952377319335938e-01
9.100006222724914551e-01
6.554534435272216797e-01
9.057500362396240234e-01
8.589383363723754883e-01
9.338443875312805176e-01
8.949874639511108398e-01
8.544813394546508789e-01
8.547006845474243164e-01
8.773689866065979004e-01
7.416394948959350586e-01
8.729368448257446289e-01
9.455835819244384766e-01
3.716981112957000732e-01
9.632624387741088867e-01
4.835001230239868164e-01
7.788348197937011719e-01
9.194151163101196289e-01
9.560075998306274414e-01
8.820442557334899902e-01
8.211146593093872070e-01
9.568146467208862305e-01
8.905324935913085938e-01
5.597518682479858398e-01
9.734544157981872559e-01
8.874269127845764160e-01
9.942583441734313965e-01
9.832539558410644531e-01
9.766089916229248047e-01
9.355545639991760254e-01
8.596431016921997070e-01
8.148680329322814941e-01
7.831320166587829590e-01
7.725797295570373535e-01
9.919112920761108398e-02
8.858169317245483398e-01
9.015489220619201660e-01
9.163036942481994629e-01
8.854436874389648438e-01
7.238436341285705566e-01
9.648370742797851562e-01
7.685531377792358398e-01
9.512256383895874023e-01
9.610505700111389160e-01
9.655362963676452637e-01
8.586972355842590332e-01
9.671775698661804199e-01
9.369567036628723145e-01
9.079619050025939941e-01
9.291453361511230469e-01
9.264907836914062500e-01
9.077472686767578125e-01
8.773047327995300293e-01
9.559373855590820312e-01
9.813128709793090820e-01
8.815038204193115234e-01
9.106917977333068848e-01
9.508364796638488770e-01
9.268946647644042969e-01
8.686295747756958008e-01
9.507108926773071289e-01
9.690722823143005371e-01
8.978185653686523438e-01
9.537690281867980957e-01
3.065008521080017090e-01
8.514274358749389648e-01
9.511689543724060059e-01
8.166811466217041016e-01
9.514797925949096680e-01
5.981134772300720215e-01
8.563424944877624512e-01
9.927458167076110840e-01
9.657085537910461426e-01
9.436508417129516602e-01
8.463958501815795898e-01
8.541198372840881348e-01
8.230190873146057129e-01
9.523051977157592773e-01
9.132874011993408203e-01
9.324740171432495117e-01
9.494130015373229980e-01
9.420272707939147949e-01
9.453586339950561523e-01
9.538544416427612305e-01
8.663932085037231445e-01
9.378417730331420898e-01
9.652909636497497559e-01
9.475829601287841797e-01
9.162061214447021484e-01
9.395086169242858887e-01
8.668562173843383789e-01
8.958624005317687988e-01
9.662358164787292480e-01
9.202666282653808594e-01
9.677665233612060547e-01
9.153171777725219727e-01
9.535219669342041016e-01
9.628115296363830566e-01
9.598234295845031738e-01
9.237751364707946777e-01
8.737121224403381348e-01
9.682874083518981934e-01
9.053078889846801758e-01
9.803976416587829590e-01
8.598317503929138184e-01
9.046182036399841309e-01
8.504396080970764160e-01
8.696766495704650879e-01
9.658539295196533203e-01
9.281145334243774414e-01
9.772002696990966797e-01
9.100201129913330078e-01
9.530050754547119141e-01
9.154475331306457520e-01
9.061890244483947754e-01
8.542362451553344727e-01
9.453746080398559570e-01
8.478580713272094727e-01
9.591626524925231934e-01
3.392372727394104004e-01
9.520726799964904785e-01
8.680588603019714355e-01
9.441260695457458496e-01
9.056656956672668457e-01
9.803427457809448242e-01
9.284570217132568359e-01
9.494045376777648926e-01
8.565552830696105957e-01
9.300418496131896973e-01
9.613978862762451172e-01
9.550344347953796387e-01
9.372320771217346191e-01
7.922747135162353516e-01
9.447220563888549805e-01
9.419847726821899414e-01
9.830115437507629395e-01
9.575643539428710938e-01
9.102451205253601074e-01
7.589663267135620117e-01
9.658187031745910645e-01
9.125351309776306152e-01
9.222195744514465332e-01
9.585609436035156250e-01
9.493516087532043457e-01
9.851426482200622559e-01
8.317831754684448242e-01
8.802143335342407227e-01
9.040659070014953613e-01
7.737433910369873047e-01
9.165644645690917969e-01
8.659486770629882812e-01
8.904355168342590332e-01
9.310171008110046387e-01
8.768446445465087891e-01
8.760487437248229980e-01
9.378675222396850586e-01
9.289612174034118652e-01
9.265576004981994629e-01
9.663767218589782715e-01
9.526636600494384766e-01
9.880654215812683105e-01
9.379112124443054199e-01
9.708168506622314453e-01
9.248587489128112793e-01
8.548035621643066406e-01
8.629687428474426270e-01
9.585910439491271973e-01
9.086256027221679688e-01
9.162876009941101074e-01
9.765339493751525879e-01
9.032584428787231445e-01
9.443953037261962891e-01
9.906316995620727539e-01
9.441888332366943359e-01
7.666826844215393066e-01
9.693163633346557617e-01
8.508707284927368164e-01
9.465997219085693359e-01
7.971161007881164551e-01
8.853807449340820312e-01
9.784535169601440430e-01
9.627443552017211914e-01
9.382097721099853516e-01
9.636765122413635254e-01
9.569638967514038086e-01
9.303768277168273926e-01
9.345329403877258301e-01
9.357864260673522949e-01
9.591838717460632324e-01
9.395903944969177246e-01
9.429630041122436523e-01
3.992677927017211914e-01
8.535315990447998047e-01
9.190118908882141113e-01
8.797234296798706055e-01
8.675091862678527832e-01
9.877843856811523438e-01
4.580258429050445557e-01
9.783129096031188965e-01
9.635638594627380371e-01
9.478721618652343750e-01
8.423477411270141602e-01
8.968362212181091309e-01
9.172059297561645508e-01
9.875044226646423340e-01
9.490727186203002930e-01
9.608516693115234375e-01
9.198385477066040039e-01
8.172226548194885254e-01
9.566905498504638672e-01
9.397795796394348145e-01
9.941303133964538574e-01
9.318544864654541016e-01
7.852183580398559570e-01
9.200574159622192383e-01
7.671604752540588379e-01
9.542018771171569824e-01
9.291701912879943848e-01
8.824591040611267090e-01
8.498505949974060059e-01
9.540544748306274414e-01
7.437113672494888306e-02
8.290493488311767578e-01
9.220916032791137695e-01
9.104144573211669922e-01
8.384054303169250488e-01
8.045418858528137207e-01
9.098954200744628906e-01
8.915248513221740723e-01
9.163266420364379883e-01
8.286616206169128418e-01
9.381396174430847168e-01
8.940737247467041016e-01
9.888506531715393066e-01
8.179872035980224609e-01
9.078139066696166992e-01
8.086424469947814941e-01
9.194464683532714844e-01
9.559022784233093262e-01
9.276511669158935547e-01
9.696059823036193848e-01
9.489470720291137695e-01
9.804783463478088379e-01
9.829840660095214844e-01
5.898368954658508301e-01
9.060869812965393066e-01
8.367027044296264648e-01
8.836034536361694336e-01
9.131265282630920410e-01
9.332625269889831543e-01
8.527283072471618652e-01
8.694866299629211426e-01
8.655045032501220703e-01
9.501194357872009277e-01
7.155272364616394043e-01
4.839653968811035156e-01
9.492192864418029785e-01
9.435974955558776855e-01
8.944004774093627930e-01
7.742022871971130371e-01
9.664409160614013672e-01
7.781187295913696289e-01
9.737988114356994629e-01
9.844297766685485840e-01
9.695942401885986328e-01
8.588326573371887207e-01
9.598182439804077148e-01
9.477252960205078125e-01
9.513917565345764160e-01
9.394825100898742676e-01
9.485367536544799805e-01
8.752858638763427734e-01
6.955617070198059082e-01
8.475831747055053711e-01
8.130775690078735352e-01
9.017605781555175781e-01
8.870189785957336426e-01
8.376107811927795410e-01
8.998817205429077148e-01
9.853227138519287109e-01
9.209150075912475586e-01
2.607233822345733643e-01
6.816240549087524414e-01
2.065474539995193481e-01
9.016994833946228027e-01
8.895958662033081055e-01
8.856748342514038086e-01
9.621803760528564453e-01
9.669671058654785156e-01
9.106015563011169434e-01
7.379971146583557129e-01
9.323074817657470703e-01
9.756957292556762695e-01
9.747036099433898926e-01
9.350683689117431641e-01
9.502155184745788574e-01
9.477249979972839355e-01
9.638200402259826660e-01
9.507211446762084961e-01
9.497078061103820801e-01
8.518987298011779785e-01
9.546247124671936035e-01
8.618564605712890625e-01
9.726329445838928223e-01
8.603183031082153320e-01
9.551211595535278320e-01
9.335000514984130859e-01
9.237605333328247070e-01
9.437166452407836914e-01
9.233411550521850586e-01
9.185189604759216309e-01
9.804709553718566895e-01
8.738621473312377930e-01
9.587571620941162109e-01
9.461303353309631348e-01
9.371446371078491211e-01
9.731181859970092773e-01
9.790813326835632324e-01
9.034630656242370605e-01
9.510461688041687012e-01
9.173235893249511719e-01
9.446393847465515137e-01
7.845398187637329102e-01
9.455311298370361328e-01
9.496375322341918945e-01
9.524502158164978027e-01
9.690754413604736328e-01
8.823369741439819336e-01
8.893273472785949707e-01
9.523792266845703125e-01
8.802865743637084961e-01
8.454701304435729980e-01
8.837938308715820312e-01
9.460260272026062012e-01
8.819038867950439453e-01
8.630419969558715820e-01
9.235450029373168945e-01
8.688305020332336426e-01
8.522563576698303223e-01
8.980644941329956055e-01
7.871452569961547852e-01
9.539855718612670898e-01
9.462283849716186523e-01
9.369574189186096191e-01
8.160260915756225586e-01
9.242951869964599609e-01
8.792269229888916016e-01
8.854368329048156738e-01
9.100338220596313477e-01
8.491478562355041504e-01
8.699713945388793945e-01
9.863469600677490234e-01
9.389289617538452148e-01
9.075946211814880371e-01
9.131906032562255859e-01
4.910107851028442383e-01
8.917882442474365234e-01
8.376656174659729004e-01
9.608189463615417480e-01
8.358322978019714355e-01
8.621640801429748535e-01
8.183335065841674805e-01
9.144632220268249512e-01
9.553051590919494629e-01
9.503732919692993164e-01
8.191143870353698730e-01
9.227527976036071777e-01
8.170766234397888184e-01
8.567008972167968750e-01
9.872543811798095703e-01
6.969389915466308594e-01
4.038288593292236328e-01
9.358032345771789551e-01
5.816033482551574707e-01
3.211001753807067871e-01
1.753958314657211304e-01
8.730812668800354004e-01
9.479714632034301758e-01
9.089859724044799805e-01
9.196253418922424316e-01
9.163322448730468750e-01
8.725528120994567871e-01
9.774113297462463379e-01
9.378127455711364746e-01
9.088819026947021484e-01
9.626674056053161621e-01
9.498367905616760254e-01
9.842520356178283691e-01
9.614302515983581543e-01
9.539158940315246582e-01
9.689579606056213379e-01
8.577902317047119141e-01
8.310030698776245117e-01
8.850944042205810547e-01
7.316060066223144531e-01
8.852254152297973633e-01
7.096090912818908691e-02
8.701899647712707520e-01
8.849308490753173828e-01
9.732961058616638184e-01
8.956948518753051758e-01
7.552098035812377930e-01
9.398513436317443848e-01
9.057254791259765625e-01
3.434967994689941406e-01
9.050412178039550781e-01
9.052625894546508789e-01
9.782125949859619141e-01
9.160189628601074219e-01
9.816318750381469727e-01
8.709396719932556152e-01
9.507504701614379883e-01
9.194487929344177246e-01
9.822210073471069336e-01
9.857015609741210938e-01
9.407064914703369141e-01
9.430722594261169434e-01
9.682903885841369629e-01
9.843116998672485352e-01
9.579962491989135742e-01
2.692963182926177979e-01
8.404260277748107910e-01
9.236130714416503906e-01
9.599735736846923828e-01
8.357347249984741211e-01
8.907750844955444336e-01
9.294683337211608887e-01
9.758073687553405762e-01
9.125916361808776855e-01
8.623807430267333984e-01
9.272736310958862305e-01
9.626215100288391113e-01
9.669339656829833984e-01
9.563663601875305176e-01
9.372803568840026855e-01
9.794825315475463867e-01
8.897497653961181641e-01
9.479869604110717773e-01
9.577179551124572754e-01
9.691701531410217285e-01
9.114702939987182617e-01
9.737396240234375000e-01
8.182260990142822266e-01
8.894608616828918457e-01
9.803272485733032227e-01
8.616939187049865723e-01
9.297377467155456543e-01
9.695360064506530762e-01
9.066683053970336914e-01
9.182740449905395508e-01
8.452842831611633301e-01
9.488214254379272461e-01
9.448745250701904297e-01
8.146380782127380371e-01
9.097009897232055664e-01
7.318376898765563965e-01
9.583295583724975586e-01
9.930248856544494629e-01
9.207077026367187500e-01
9.210975170135498047e-01
9.635734558105468750e-01
9.343348741531372070e-01
9.057499766349792480e-01
9.788517355918884277e-01
9.037949442863464355e-01
8.565911054611206055e-01
9.856927394866943359e-01
9.294551610946655273e-01
7.263931632041931152e-01
9.510293602943420410e-01
8.671313524246215820e-01
8.750520944595336914e-01
9.136573076248168945e-01
7.747178077697753906e-01
8.510039448738098145e-01
9.042996764183044434e-01
8.992964625358581543e-01
7.754442095756530762e-01
7.439501285552978516e-01
9.176647663116455078e-01
9.616050124168395996e-01
8.906051516532897949e-01
9.093883037567138672e-01
9.291687011718750000e-01
9.256765842437744141e-01
9.129094481468200684e-01
7.963796854019165039e-01
8.774707913398742676e-01
9.588247537612915039e-01
8.517962098121643066e-01
9.224593043327331543e-01
8.875881433486938477e-01
9.210590720176696777e-01
9.553673267364501953e-01
9.755966663360595703e-01
7.999078631401062012e-01
9.002504944801330566e-01
9.674634933471679688e-01
8.226637840270996094e-01
9.172946214675903320e-01
9.410117268562316895e-01
9.386119842529296875e-01
9.632788300514221191e-01
9.798442721366882324e-01
9.093296527862548828e-01
9.058076739311218262e-01
9.241439104080200195e-01
8.556399941444396973e-01
9.082167148590087891e-01
8.662012815475463867e-01
9.522691369056701660e-01
9.308176636695861816e-01
9.214538931846618652e-01
9.549462795257568359e-01
9.359919428825378418e-01
9.114134311676025391e-01
9.032618999481201172e-01
8.910336494445800781e-01
9.235442876815795898e-01
9.239683151245117188e-01
9.073382019996643066e-01
8.828510642051696777e-01
9.211214184761047363e-01
9.098864197731018066e-01
9.342692494392395020e-01
9.249898791313171387e-01
9.483203291893005371e-01
8.599954843521118164e-01
9.392146468162536621e-01
9.726806879043579102e-01
9.222202301025390625e-01
8.747194409370422363e-01
1.201494485139846802e-01
9.206705093383789062e-01
9.576709866523742676e-01
9.084144830703735352e-01
9.238249063491821289e-01
9.211616516113281250e-01
8.902058601379394531e-01
9.077005982398986816e-01
6.309354305267333984e-01
9.059490561485290527e-01
8.174593448638916016e-01
9.249383807182312012e-01
9.469105005264282227e-01
9.529998302459716797e-01
9.117684960365295410e-01
9.602984786033630371e-01
8.978642225265502930e-01
9.054430127143859863e-01
8.957409262657165527e-01
8.912538886070251465e-01
8.306764364242553711e-01
8.989853262901306152e-01
9.095088839530944824e-01
9.361257553100585938e-01
9.786813259124755859e-01
8.781952857971191406e-01
9.469113349914550781e-01
9.532983899116516113e-01
9.202116131782531738e-01
9.123570919036865234e-01
8.766030073165893555e-01
9.242421984672546387e-01
8.904497623443603516e-01
9.267228245735168457e-01
9.433800578117370605e-01
9.262868762016296387e-01
8.545639514923095703e-01
8.240367174148559570e-01
8.860431909561157227e-01
8.811026811599731445e-01
9.365665912628173828e-01
9.276757240295410156e-01
9.380962252616882324e-01
9.444233775138854980e-01
8.959259390830993652e-01
9.770871400833129883e-01
9.532445073127746582e-01
9.109879136085510254e-01
7.834425568580627441e-01
3.661675453186035156e-01
9.655003547668457031e-01
8.737871646881103516e-01
7.636348605155944824e-01
9.664182662963867188e-01
9.109601378440856934e-01
9.305677413940429688e-01
8.810379505157470703e-01
9.519101381301879883e-01
9.228217601776123047e-01
9.872460365295410156e-01
8.806920647621154785e-01
8.521015048027038574e-01
8.069988489151000977e-01
7.893099784851074219e-01
8.623313903808593750e-01
9.007512927055358887e-01
9.724286198616027832e-01
9.367571473121643066e-01
8.845590949058532715e-01
7.458202242851257324e-01
9.230673313140869141e-01
9.707546234130859375e-01
7.136864662170410156e-01
9.101752638816833496e-01
9.142320752143859863e-01
9.093550443649291992e-01
9.335709214210510254e-01
9.371244907379150391e-01
6.390618085861206055e-01
9.680822491645812988e-01
8.203302621841430664e-01
9.052004814147949219e-01
9.688555598258972168e-01
8.242047429084777832e-01
8.760355710983276367e-01
8.251576423645019531e-01
9.346296191215515137e-01
9.460408091545104980e-01
9.427348375320434570e-01
9.154286980628967285e-01
9.436383843421936035e-01
8.481285572052001953e-01
8.884217143058776855e-01
9.353505373001098633e-01
7.712057232856750488e-01
9.570131897926330566e-01
9.625632762908935547e-01
9.293252229690551758e-01
9.296839237213134766e-01
9.002349376678466797e-01
9.712876081466674805e-01
9.786429405212402344e-01
9.011740684509277344e-01
9.363595247268676758e-01
9.802715182304382324e-01
8.816399574279785156e-01
9.232787489891052246e-01
8.247265219688415527e-01
9.033041000366210938e-01
9.289152622222900391e-01
9.543963074684143066e-01
9.874237179756164551e-01
9.435662031173706055e-01
8.686625957489013672e-01
9.612131118774414062e-01
9.639703035354614258e-01
8.986466526985168457e-01
8.569108843803405762e-01
9.428383708000183105e-01
9.710447192192077637e-01
9.445424675941467285e-01
8.714135885238647461e-01
9.694783687591552734e-01
9.504865407943725586e-01
8.794090151786804199e-01
8.393938541412353516e-01
8.210082650184631348e-01
9.676043987274169922e-01
9.136127233505249023e-01
9.178425669670104980e-01
9.782931208610534668e-01
9.294044971466064453e-01
9.249627590179443359e-01
9.773968458175659180e-01
9.489193558692932129e-01
9.646778106689453125e-01
8.058705925941467285e-01
8.806946277618408203e-01
9.627081751823425293e-01
9.286763072013854980e-01
4.062361717224121094e-01
9.586535692214965820e-01
9.448771476745605469e-01
9.331123828887939453e-01
8.982083797454833984e-01
9.644594788551330566e-01
9.795613288879394531e-01
8.902012109756469727e-01
9.556282162666320801e-01
8.595666289329528809e-01
9.125210642814636230e-01
8.717468380928039551e-01
9.534605741500854492e-01
8.317246437072753906e-01
8.943901658058166504e-01
9.655880331993103027e-01
9.665479660034179688e-01
9.456396102905273438e-01
8.841776847839355469e-01
6.875914335250854492e-01
7.530760765075683594e-01
9.512929916381835938e-01
8.776086568832397461e-01
8.928643465042114258e-01
7.751126885414123535e-01
9.316012263298034668e-01
7.874709963798522949e-01
9.590456485748291016e-01
7.034999132156372070e-01
9.374381303787231445e-01
8.603920936584472656e-01
7.629597783088684082e-01
8.928537368774414062e-01
8.258447051048278809e-01
1.820192337036132812e-01
8.550068140029907227e-01
7.958644032478332520e-01
9.201672673225402832e-01
7.261868715286254883e-01
8.520394563674926758e-01
9.319258928298950195e-01
9.800139069557189941e-01
9.327316880226135254e-01
8.380832076072692871e-01
7.984114289283752441e-01
8.675854802131652832e-01
9.544544816017150879e-01
8.430457711219787598e-01
8.614571094512939453e-01
7.914738059043884277e-01
9.222411513328552246e-01
8.946170806884765625e-01
9.599385857582092285e-01
7.499224543571472168e-01
9.456159472465515137e-01
9.145637750625610352e-01
5.235218256711959839e-02
7.011822462081909180e-01
9.034838080406188965e-01
8.918414115905761719e-01
8.752614855766296387e-01
8.889138698577880859e-01
8.043106794357299805e-01
9.570792317390441895e-01
8.060719966888427734e-01
9.690518379211425781e-01
8.332827687263488770e-01
8.967217803001403809e-01
9.797196984291076660e-01
8.960899114608764648e-01
9.413974881172180176e-01
8.317309617996215820e-01
9.800257682800292969e-01
9.588868021965026855e-01
9.614752531051635742e-01
9.461525678634643555e-01
9.763734340667724609e-01
8.534230589866638184e-01
7.160884737968444824e-01
8.884968757629394531e-01
8.922370076179504395e-01
9.219838976860046387e-01
9.143689870834350586e-01
9.511966705322265625e-01
9.008795619010925293e-01
6.824679374694824219e-01
3.037721812725067139e-01
8.445042371749877930e-01
9.305914044380187988e-01
9.227744340896606445e-01
9.085439443588256836e-01
9.201312065124511719e-01
9.487143754959106445e-01
8.735772967338562012e-01
8.975615501403808594e-01
9.385504722595214844e-01
9.570283889770507812e-01
8.207885622978210449e-01
8.302933573722839355e-01
9.270240068435668945e-01
8.624800443649291992e-01
9.053988456726074219e-01
9.504388570785522461e-01
8.738445043563842773e-01
9.365773200988769531e-01
9.404177665710449219e-01
8.595254272222518921e-02
8.420483469963073730e-01
8.305779695510864258e-01
9.358973503112792969e-01
8.877394795417785645e-01
9.447315335273742676e-01
9.569882154464721680e-01
9.371944069862365723e-01
9.051840305328369141e-01
9.759526848793029785e-01
7.860884070396423340e-01
9.435853958129882812e-01
9.434617757797241211e-01
9.879767894744873047e-01
5.971658229827880859e-01
8.195964097976684570e-01
9.474602937698364258e-01
8.801118731498718262e-01
8.551958799362182617e-01
9.507016539573669434e-01
9.242146611213684082e-01
8.815837502479553223e-01
8.975279331207275391e-01
8.917956948280334473e-01
8.963772654533386230e-01
8.962866663932800293e-01
9.070362448692321777e-01
9.400247335433959961e-01
9.515888690948486328e-01
8.397561311721801758e-01
9.688436985015869141e-01
3.047519326210021973e-01
9.444812536239624023e-01
9.185761213302612305e-01
9.242421984672546387e-01
9.429119825363159180e-01
9.453585743904113770e-01
9.785857200622558594e-01
9.068866968154907227e-01
8.550791740417480469e-01
8.909462690353393555e-01
9.609756469726562500e-01
8.610497117042541504e-01
8.460971117019653320e-01
9.812526702880859375e-01
9.370366930961608887e-01
8.555475473403930664e-01
9.457724094390869141e-01
9.318057298660278320e-01
6.804782748222351074e-01
8.947983384132385254e-01
8.409695029258728027e-01
8.761977553367614746e-01
8.508213162422180176e-01
8.959271907806396484e-01
9.069209098815917969e-01
8.136219978332519531e-01
9.518327116966247559e-01
9.668845534324645996e-01
8.833981156349182129e-01
8.684574961662292480e-01
9.661771655082702637e-01
8.139655590057373047e-01
8.575766086578369141e-01
9.149016737937927246e-01
9.349933862686157227e-01
1.931347697973251343e-01
9.749543666839599609e-01
8.428658843040466309e-01
9.606510996818542480e-01
9.464013576507568359e-01
9.822704792022705078e-01
9.315608739852905273e-01
9.404126405715942383e-01
9.037610292434692383e-01
9.330189824104309082e-01
9.467397332191467285e-01
9.493716955184936523e-01
8.630870580673217773e-01
9.484766721725463867e-01
9.696148633956909180e-01
9.712957739830017090e-01
8.271299600601196289e-01
8.755336403846740723e-01
9.229257106781005859e-01
9.476221203804016113e-01
9.739097356796264648e-01
8.832523822784423828e-01
9.708101749420166016e-01
9.303995370864868164e-01
9.355897903442382812e-01
9.370616078376770020e-01
9.476959705352783203e-01
9.384986162185668945e-01
9.254006743431091309e-01
8.218625783920288086e-01
8.764277100563049316e-01
9.290981292724609375e-01
8.691031932830810547e-01
9.719775915145874023e-01
9.732828140258789062e-01
8.380344510078430176e-01
9.103376865386962891e-01
8.747029304504394531e-01
8.916669487953186035e-01
9.689505696296691895e-01
2.709640860557556152e-01
9.652495384216308594e-01
9.417396783828735352e-01
9.253518581390380859e-01
9.092353582382202148e-01
9.674974679946899414e-01
9.091409444808959961e-01
9.129783511161804199e-01
9.900478124618530273e-01
9.296537041664123535e-01
9.918504357337951660e-01
9.559240341186523438e-01
8.367571830749511719e-01
8.828418254852294922e-01
7.581510543823242188e-01
9.449284076690673828e-01
8.631979823112487793e-01
8.190661668777465820e-01
8.240612745285034180e-01
9.370822310447692871e-01
8.100936412811279297e-01
9.398567676544189453e-01
8.554723262786865234e-01
3.791334629058837891e-01
8.502156138420104980e-01
7.957375645637512207e-01
8.369900584220886230e-01
9.395919442176818848e-01
9.449004530906677246e-01
7.644706368446350098e-01
8.999950885772705078e-01
9.149558544158935547e-01
8.972829580307006836e-01
9.023925065994262695e-01
8.696321845054626465e-01
8.440571427345275879e-01
8.945797681808471680e-01
7.862781882286071777e-01
8.495792746543884277e-01
7.580618858337402344e-01
7.332525849342346191e-01
9.195954799652099609e-01
9.557183980941772461e-01
9.184527397155761719e-01
9.502466917037963867e-01
9.557796120643615723e-01
9.704747796058654785e-01
9.631884098052978516e-01
9.536551237106323242e-01
9.490323066711425781e-01
9.083857536315917969e-01
9.498443007469177246e-01
9.714924097061157227e-01
9.508769512176513672e-01
9.317147135734558105e-01
9.434160590171813965e-01
9.391692280769348145e-01
9.151950478553771973e-01
8.671098351478576660e-01
9.168207645416259766e-01
9.425382614135742188e-01
9.049167037010192871e-01
9.253749847412109375e-01
9.563961029052734375e-01
8.713365793228149414e-01
8.631438016891479492e-01
9.430062770843505859e-01
9.559002518653869629e-01
8.969310522079467773e-01
9.672918319702148438e-01
9.777212738990783691e-01
9.228715896606445312e-01
9.267137050628662109e-01
8.453071713447570801e-01
9.572716355323791504e-01
9.102562665939331055e-01
9.038861393928527832e-01
9.873893260955810547e-01
8.363073468208312988e-01
8.215697407722473145e-01
9.673436284065246582e-01
9.383757114410400391e-01
9.273172020912170410e-01
1.582292616367340088e-01
8.660729527473449707e-01
5.339644551277160645e-01
9.548005461692810059e-01
9.683320522308349609e-01
2.535081207752227783e-01
8.971295356750488281e-01
9.402715563774108887e-01
7.728093862533569336e-01
4.022810459136962891e-01
9.584059119224548340e-01
6.650088429450988770e-01
9.319401383399963379e-01
8.534014821052551270e-01
9.295059442520141602e-01
9.437877535820007324e-01
8.021059632301330566e-01
9.403241276741027832e-01
1.244888976216316223e-01
9.146143198013305664e-01
8.304261565208435059e-01
8.979105949401855469e-01
2.896196246147155762e-01
8.454091548919677734e-01
9.248206019401550293e-01
8.877685070037841797e-01
9.616295099258422852e-01
3.906676471233367920e-01
7.266285419464111328e-01
7.656474113464355469e-01
9.307368397712707520e-01
9.577770829200744629e-01
9.461542367935180664e-01
8.965442180633544922e-01
8.600478172302246094e-01
8.003056049346923828e-01
8.890589475631713867e-01
8.630515336990356445e-01
8.902136087417602539e-01
8.215072154998779297e-01
9.416372776031494141e-01
9.164420962333679199e-01
9.521971940994262695e-01
9.641457200050354004e-01
9.520443081855773926e-01
9.607424736022949219e-01
7.447621226310729980e-01
8.477395176887512207e-01
8.872097134590148926e-01
9.309473037719726562e-01
9.594597816467285156e-01
8.698074817657470703e-01
8.888664245605468750e-01
7.587132453918457031e-01
3.868602514266967773e-01
9.062142968177795410e-01
1.528925746679306030e-01
8.893495798110961914e-01
8.374506235122680664e-01
8.667467832565307617e-01
8.710582256317138672e-01
8.826839923858642578e-01
9.690661430358886719e-01
7.703585028648376465e-01
8.732777833938598633e-01
8.026285767555236816e-01
5.701762437820434570e-01
9.530743360519409180e-01
4.642741382122039795e-01
8.393987417221069336e-01
8.792344331741333008e-01
8.405758738517761230e-01
9.419435858726501465e-01
8.906291723251342773e-01
6.468310356140136719e-01
8.501560091972351074e-01
9.833154678344726562e-01
9.011352062225341797e-01
9.037355184555053711e-01
9.396286606788635254e-01
8.197195529937744141e-01
9.593251347541809082e-01
9.166484475135803223e-01
9.346106648445129395e-01
8.124204277992248535e-01
8.987771868705749512e-01
8.900879621505737305e-01
9.183139204978942871e-01
9.348563551902770996e-01
9.804468154907226562e-01
8.364391326904296875e-01
3.985477685928344727e-01
9.673736095428466797e-01
9.255506992340087891e-01
9.680571556091308594e-01
9.096955657005310059e-01
7.075405120849609375e-01
9.652843475341796875e-01
8.775007128715515137e-01
7.296573519706726074e-01
8.679215908050537109e-01
9.213150739669799805e-01
9.367946386337280273e-01
9.731234312057495117e-01
8.701019287109375000e-01
8.844030499458312988e-01
9.402447342872619629e-01
8.759225606918334961e-01
9.639070034027099609e-01
8.952451944351196289e-01
9.516184926033020020e-01
9.022772312164306641e-01
9.630845785140991211e-01
9.078848958015441895e-01
9.806640148162841797e-01
9.483654499053955078e-01
9.557648897171020508e-01
9.612420797348022461e-01
8.872660398483276367e-01
9.596332311630249023e-01
9.173395037651062012e-01
8.926965594291687012e-01
9.255977272987365723e-01
8.507128953933715820e-01
9.281894564628601074e-01
9.747931957244873047e-01
9.763916730880737305e-01
8.920730352401733398e-01
9.595967531204223633e-01
8.325563669204711914e-01
9.611968398094177246e-01
8.862920999526977539e-01
9.625984430313110352e-01
9.267926812171936035e-01
9.622049927711486816e-01
6.685253381729125977e-01
8.979067206382751465e-01
9.464299082756042480e-01
9.604460597038269043e-01
8.706460595130920410e-01
9.396582245826721191e-01
9.333885312080383301e-01
9.321798682212829590e-01
9.264985322952270508e-01
9.299553632736206055e-01
9.727579951286315918e-01
8.636978268623352051e-01
9.575701355934143066e-01
6.263428926467895508e-01
8.982859849929809570e-01
1.216406524181365967e-01
2.326821908354759216e-02
5.972838997840881348e-01
7.167230844497680664e-01
1.113134622573852539e-02
4.438671171665191650e-01
2.875780165195465088e-01
4.582449793815612793e-01
4.055053293704986572e-01
2.090971618890762329e-01
7.685745954513549805e-01
7.483442127704620361e-02
7.018896937370300293e-01
2.554547190666198730e-01
3.485267460346221924e-01
8.513045310974121094e-01
3.735553920269012451e-01
1.084125488996505737e-01
3.307937681674957275e-01
2.064424455165863037e-01
7.481716573238372803e-02
5.838735103607177734e-01
3.045718967914581299e-01
2.573998272418975830e-01
5.041550993919372559e-01
7.514157146215438843e-02
2.368646860122680664e-01
1.651739329099655151e-01
3.886650502681732178e-01
5.352777987718582153e-02
4.823231995105743408e-01
1.990485191345214844e-02
3.321131467819213867e-01
4.144298657774925232e-02
9.416085481643676758e-02
1.200539432466030121e-02
7.275046408176422119e-02
7.939694076776504517e-02
4.887397587299346924e-02
3.104752898216247559e-01
1.554619967937469482e-01
3.370693624019622803e-01
8.041357994079589844e-01
9.819462895393371582e-01
2.359924465417861938e-01
7.443349808454513550e-02
7.427729368209838867e-01
5.987850204110145569e-02
8.420459628105163574e-01
8.388064056634902954e-02
2.617414295673370361e-01
2.476200163364410400e-01
3.245350122451782227e-01
1.808244287967681885e-01
9.046964645385742188e-01
7.041377425193786621e-01
5.829977989196777344e-01
2.403623163700103760e-01
1.694126725196838379e-01
1.619479060173034668e-01
3.115221560001373291e-01
7.072309851646423340e-01
2.286750823259353638e-01
6.837780475616455078e-01
6.571905612945556641e-01
1.754203736782073975e-01
2.294782698154449463e-01
8.535621166229248047e-01
4.930610358715057373e-01
7.011150717735290527e-01
1.586126685142517090e-01
5.091853439807891846e-02
7.248237133026123047e-01
4.856821894645690918e-01
2.634121179580688477e-01
3.850677013397216797e-01
6.697790026664733887e-01
9.073995798826217651e-02
7.954236865043640137e-01
1.358060725033283234e-02
2.021724544465541840e-02
5.255414843559265137e-01
7.623679190874099731e-02
8.318393230438232422e-01
5.969111919403076172e-01
6.536728143692016602e-01
2.225304581224918365e-02
5.415297150611877441e-01
2.947482168674468994e-01
3.752554059028625488e-01
5.582184195518493652e-01
1.746909022331237793e-01
3.690117299556732178e-01
2.092230618000030518e-01
2.055558711290359497e-01
9.403434395790100098e-02
2.219608128070831299e-01
8.212987780570983887e-01
4.288190901279449463e-01
8.347077965736389160e-01
6.120803356170654297e-01
2.961165271699428558e-02
2.523718178272247314e-01
9.426607936620712280e-02
1.510238200426101685e-01
8.041721582412719727e-01
7.061403989791870117e-01
6.619687080383300781e-01
4.853760302066802979e-01
1.641252785921096802e-01
3.302472531795501709e-01
5.085764527320861816e-01
1.841841042041778564e-01
8.861595392227172852e-01
3.251873254776000977e-01
1.667264699935913086e-01
2.924836277961730957e-01
7.710916399955749512e-01
2.433134913444519043e-01
4.456598758697509766e-01
1.395411342382431030e-01
7.526564002037048340e-01
2.139764279127120972e-01
1.406402140855789185e-01
7.205713987350463867e-01
5.847613811492919922e-01
5.598393082618713379e-01
6.647636890411376953e-01
7.172030210494995117e-01
6.187539100646972656e-01
2.430943548679351807e-01
7.214346528053283691e-01
4.174136519432067871e-01
3.804268538951873779e-01
1.632759571075439453e-01
1.142106577754020691e-01
1.426387391984462738e-02
5.452028512954711914e-01
8.868941664695739746e-01
3.849830031394958496e-01
9.522910118103027344e-01
8.134318888187408447e-02
1.290851365774869919e-02
2.709965109825134277e-01
5.747696161270141602e-01
9.421819448471069336e-01
4.559791088104248047e-01
7.843791693449020386e-02
1.321877725422382355e-02
3.133594989776611328e-01
6.353626847267150879e-01
1.433938890695571899e-01
1.358249932527542114e-01
7.728093862533569336e-01
8.174502253532409668e-01
1.780658960342407227e-01
8.434976339340209961e-01
1.606610715389251709e-01
1.159970834851264954e-01
2.413572520017623901e-01
2.659336924552917480e-01
7.922525405883789062e-01
8.268372416496276855e-01
9.846119284629821777e-01
3.139740526676177979e-01
2.710618972778320312e-01
3.756331205368041992e-01
4.200894534587860107e-01
9.833137691020965576e-02
1.808831393718719482e-01
7.207240462303161621e-01
3.814472630620002747e-02
9.470770359039306641e-01
3.077626042068004608e-02
1.493282467126846313e-01
4.364390075206756592e-01
7.493259906768798828e-01
1.442820578813552856e-01
4.962156340479850769e-02
1.855027377605438232e-01
8.830937743186950684e-02
7.032175660133361816e-01
7.777234315872192383e-01
4.353261291980743408e-01
6.958269476890563965e-01
4.548756778240203857e-02
7.459447979927062988e-01
5.410701632499694824e-01
4.798038899898529053e-01
2.888718247413635254e-01
2.134948521852493286e-01
7.975568175315856934e-01
2.095478773117065430e-01
5.187909603118896484e-01
3.520381748676300049e-01
8.673008531332015991e-02
5.057583004236221313e-02
4.706213250756263733e-02
2.422445714473724365e-01
8.818255662918090820e-01
2.747846841812133789e-01
7.163684368133544922e-01
6.169741600751876831e-02
7.535314559936523438e-01
5.299935340881347656e-01
7.801607996225357056e-02
5.006733536720275879e-02
8.229031562805175781e-01
8.380732536315917969e-01
8.328196406364440918e-02
1.375014781951904297e-01
6.756205558776855469e-01
1.959841400384902954e-01
2.627062797546386719e-01
3.327036201953887939e-01
1.255645751953125000e-01
1.102562397718429565e-01
2.456471920013427734e-01
3.835321962833404541e-01
6.567575037479400635e-02
4.338812828063964844e-01
3.744698315858840942e-02
5.412816070020198822e-03
1.035280302166938782e-01
6.029485464096069336e-01
7.749946713447570801e-01
3.212872445583343506e-01
4.816560745239257812e-01
3.309015557169914246e-02
5.584737062454223633e-01
2.621098756790161133e-01
4.019265472888946533e-01
2.370746135711669922e-01
1.819328963756561279e-01
3.644138872623443604e-01
4.339459538459777832e-01
1.326850056648254395e-01
8.186892867088317871e-01
5.195608735084533691e-02
1.630219072103500366e-01
8.802815079689025879e-01
5.747129321098327637e-01
3.399591445922851562e-01
3.147096335887908936e-01
2.342910021543502808e-01
5.173426494002342224e-02
6.787347793579101562e-01
6.820335388183593750e-01
7.083541154861450195e-01
7.196331024169921875e-01
2.472277730703353882e-01
1.286301165819168091e-01
4.838483408093452454e-02
2.313446626067161560e-02
1.413017213344573975e-01
6.020731106400489807e-02
1.254352778196334839e-01
6.283439993858337402e-01
7.086970806121826172e-01
6.577564030885696411e-02
3.482441008090972900e-01
3.158329129219055176e-01
6.554205417633056641e-01
3.239931911230087280e-02
2.475856058299541473e-02
1.659671813249588013e-01
1.413985341787338257e-01
5.091926082968711853e-02
6.311868131160736084e-02
5.639271140098571777e-01
2.273160368204116821e-01
1.641974747180938721e-01
4.835560917854309082e-01
9.621497392654418945e-01
2.783394791185855865e-02
8.004236817359924316e-01
2.425023913383483887e-01
5.723332762718200684e-01
6.153235584497451782e-02
8.326021432876586914e-01
8.973260968923568726e-02
3.269504904747009277e-01
9.244516491889953613e-01
9.327631443738937378e-02
3.846175968647003174e-01
2.541817426681518555e-01
8.227025270462036133e-01
8.889195919036865234e-01
2.548685371875762939e-01
5.174115896224975586e-01
4.175643920898437500e-01
5.718279480934143066e-01
4.933261275291442871e-01
5.606448650360107422e-02
1.195251196622848511e-01
4.197224080562591553e-01
5.032367110252380371e-01
8.092971444129943848e-01
2.601625025272369385e-01
5.612109974026679993e-02
8.842381238937377930e-01
3.374032676219940186e-02
8.734297156333923340e-01
1.870823204517364502e-01
4.835777357220649719e-02
8.297568559646606445e-01
3.626259416341781616e-02
5.829414129257202148e-01
1.769005358219146729e-01
1.091282591223716736e-01
1.516302525997161865e-01
2.607016861438751221e-01
3.015026450157165527e-01
3.504961729049682617e-01
6.916753947734832764e-02
5.781732201576232910e-01
2.223354578018188477e-01
1.309979259967803955e-01
7.899618744850158691e-01
4.147039949893951416e-01
1.755312383174896240e-01
2.361601442098617554e-01
2.771226465702056885e-01
3.169189989566802979e-01
1.637016385793685913e-01
2.712307572364807129e-01
5.071766972541809082e-01
4.765667617321014404e-01
6.613714098930358887e-01
7.209675759077072144e-02
1.541825979948043823e-01
8.448698557913303375e-03
1.784220039844512939e-01
2.822523415088653564e-01
4.861977994441986084e-01
7.272704243659973145e-01
5.302180647850036621e-01
2.933208644390106201e-01
2.358205616474151611e-01
5.416025593876838684e-02
6.866578012704849243e-02
9.580340385437011719e-01
5.865794420242309570e-01
1.427351534366607666e-01
8.564084023237228394e-02
2.545258700847625732e-01
4.341544508934020996e-01
4.091528654098510742e-01
3.154622018337249756e-01
9.105225801467895508e-01
4.219018816947937012e-01
5.824342966079711914e-01
8.877919316291809082e-01
5.648450851440429688e-01
5.471550822257995605e-01
8.001872301101684570e-01
4.769922792911529541e-02
8.980403840541839600e-02
6.267911195755004883e-02
8.326548337936401367e-01
1.976100355386734009e-01
6.944309920072555542e-02
1.353169679641723633e-01
7.299818992614746094e-01
7.700870037078857422e-01
6.422504782676696777e-01
2.218833267688751221e-01
6.048943400382995605e-01
3.774372935295104980e-01
2.791509628295898438e-01
1.026323437690734863e-01
3.313207998871803284e-02
7.272703945636749268e-02
8.637336492538452148e-01
2.730630934238433838e-01
2.621695101261138916e-01
4.626764357089996338e-02
2.797523140907287598e-02
2.246734648942947388e-01
3.136853873729705811e-02
2.690225839614868164e-02
4.746316075325012207e-01
9.566479921340942383e-01
9.743569791316986084e-02
7.536891102790832520e-01
6.660368442535400391e-01
1.956632435321807861e-01
3.784941136837005615e-02
1.252428255975246429e-02
8.093894720077514648e-01
3.691923320293426514e-01
1.044173315167427063e-01
6.196460127830505371e-01
6.951249837875366211e-01
7.408916950225830078e-01
1.090565025806427002e-01
2.961819767951965332e-01
1.006964668631553650e-01
2.872318923473358154e-01
2.297273129224777222e-01
2.200993150472640991e-02
2.634247541427612305e-01
5.696280300617218018e-02
1.916609853506088257e-01
5.602008104324340820e-02
1.033752039074897766e-02
5.700296759605407715e-01
4.438037574291229248e-01
1.849795877933502197e-01
4.001782089471817017e-02
1.430536061525344849e-01
2.051671892404556274e-01
2.687361836433410645e-01
7.965099215507507324e-01
8.598943054676055908e-02
6.492781639099121094e-01
7.569213211536407471e-02
8.645336031913757324e-01
5.512061715126037598e-01
5.121163725852966309e-01
4.997029528021812439e-02
4.689098522067070007e-02
2.055717408657073975e-01
4.176411032676696777e-02
7.561697363853454590e-01
9.181852340698242188e-01
4.758234620094299316e-01
2.949020564556121826e-01
6.230010092258453369e-02
8.792350292205810547e-01
5.652545094490051270e-01
1.473085731267929077e-01
1.180300340056419373e-01
2.686753496527671814e-02
1.415291279554367065e-01
1.253386884927749634e-01
3.859094977378845215e-01
5.351119637489318848e-01
6.194638609886169434e-01
3.875646591186523438e-01
9.401334524154663086e-01
3.041459619998931885e-01
1.553387194871902466e-01
9.952751547098159790e-02
1.719660013914108276e-01
1.005409434437751770e-01
3.427306190133094788e-02
9.702218770980834961e-01
1.494009196758270264e-01
2.290538847446441650e-01
9.200890064239501953e-01
8.831594586372375488e-01
3.895633667707443237e-02
1.773617714643478394e-01
2.042668163776397705e-01
6.119689345359802246e-01
1.456847786903381348e-01
6.874747574329376221e-02
1.065315380692481995e-01
4.412837922573089600e-01
1.447222083806991577e-01
5.587451159954071045e-02
3.697723150253295898e-01
7.653903365135192871e-01
1.015037447214126587e-01
1.633342057466506958e-01
2.409688085317611694e-01
6.149612665176391602e-01
9.887505322694778442e-02
8.506768941879272461e-02
1.710050106048583984e-01
5.028285086154937744e-02
9.246431589126586914e-01
7.470425963401794434e-01
5.216223597526550293e-01
3.756878376007080078e-01
3.902884572744369507e-02
6.966834515333175659e-02
1.970147043466567993e-01
4.418691396713256836e-01
4.873289763927459717e-01
7.828698158264160156e-01
6.062069535255432129e-02
3.432227075099945068e-01
1.719197034835815430e-01
7.053976655006408691e-01
2.537692487239837646e-01
9.576030969619750977e-01
2.461487799882888794e-01
4.140805900096893311e-01
5.117269158363342285e-01
8.872339129447937012e-02
4.708232581615447998e-01
8.899119496345520020e-02
6.305652260780334473e-01
3.873973786830902100e-01
2.666174173355102539e-01
9.539841413497924805e-01
1.515393257141113281e-01
8.151304721832275391e-02
4.507585465908050537e-01
9.054697304964065552e-02
1.234418898820877075e-01
9.915722161531448364e-02
4.939591288566589355e-01
7.208027839660644531e-01
8.480378985404968262e-01
1.994273811578750610e-01
2.510054707527160645e-01
3.767215013504028320e-01
3.497442305088043213e-01
7.558304071426391602e-02
6.223056912422180176e-01
7.102592587471008301e-01
6.093294024467468262e-01
4.861886501312255859e-01
6.847431063652038574e-01
6.673896908760070801e-01
1.332952678203582764e-01
1.190712377429008484e-01
2.336278855800628662e-01
5.625351667404174805e-01
7.786912918090820312e-01
7.788352370262145996e-01
3.643136024475097656e-01
6.622560620307922363e-01
1.203629001975059509e-01
2.923828661441802979e-01
3.186776340007781982e-01
4.346062988042831421e-02
6.287305802106857300e-02
1.467944681644439697e-01
2.476564645767211914e-01
5.811207927763462067e-03
6.678854823112487793e-01
9.717158675193786621e-01
2.532187104225158691e-01
7.918285131454467773e-01
1.720127761363983154e-01
2.988578379154205322e-01
3.670482933521270752e-01
2.462905645370483398e-02
8.171036243438720703e-01
1.362209320068359375e-01
6.418382376432418823e-02
4.114528745412826538e-02
4.537537693977355957e-01
1.633554883301258087e-02
6.573138236999511719e-01
1.557248681783676147e-01
9.105518460273742676e-01
3.961036503314971924e-01
9.001509100198745728e-02
7.914642989635467529e-02
1.998358070850372314e-01
4.052368998527526855e-01
8.203331232070922852e-01
7.745283246040344238e-01
9.745952486991882324e-01
3.320311009883880615e-01
9.336443543434143066e-01
2.619421482086181641e-01
4.807596504688262939e-01
1.091621369123458862e-01
7.259653806686401367e-01
3.104202449321746826e-01
6.481035947799682617e-01
2.720181643962860107e-01
1.458940505981445312e-01
9.829077124595642090e-01
8.066281080245971680e-01
8.984125852584838867e-01
1.671066433191299438e-01
6.130957007408142090e-01
1.680566072463989258e-01
6.254783868789672852e-01
3.925929963588714600e-01
1.072587892413139343e-01
2.244354486465454102e-01
5.993606150150299072e-02
6.700025796890258789e-01
6.186315417289733887e-01
1.907284259796142578e-01
7.860057950019836426e-01
1.576270163059234619e-01
4.853501021862030029e-01
2.733831666409969330e-02
3.973419666290283203e-01
4.402444511651992798e-02
2.857603728771209717e-01
4.409992396831512451e-01
3.322704881429672241e-02
8.960760384798049927e-02
5.012436956167221069e-02
3.906599432229995728e-02
1.832280606031417847e-01
2.484290152788162231e-01
1.045137718319892883e-01
9.247198700904846191e-01
8.778185248374938965e-01
9.222931265830993652e-01
2.746026515960693359e-01
8.184484839439392090e-01
1.888272017240524292e-01
8.154463171958923340e-01
4.066772758960723877e-02
3.030200004577636719e-01
6.094945073127746582e-01
2.355360426008701324e-03
5.035035312175750732e-02
9.259045124053955078e-02
2.107724733650684357e-02
2.345315963029861450e-01
2.404205501079559326e-01
2.619477510452270508e-01
3.558253943920135498e-01
8.727280050516128540e-02
9.498015642166137695e-01
6.846383810043334961e-01
2.203606665134429932e-01
3.805122375488281250e-01
7.017343044281005859e-01
7.331050634384155273e-01
3.529599905014038086e-01
9.271819144487380981e-02
2.425393164157867432e-01
2.320147454738616943e-01
6.702361702919006348e-01
7.950551509857177734e-01
9.731549024581909180e-01
3.311605453491210938e-01
6.001709029078483582e-02
7.420572638511657715e-01
5.738456845283508301e-01
4.970049262046813965e-01
1.068084985017776489e-01
9.028940200805664062e-01
4.491275548934936523e-01
8.007254451513290405e-02
6.902858614921569824e-02
4.648974910378456116e-02
3.425778076052665710e-02
2.532993257045745850e-01
8.933560848236083984e-01
5.269806385040283203e-01
3.750236332416534424e-02
3.431869745254516602e-01
2.814278192818164825e-02
6.320586800575256348e-01
4.154527783393859863e-01
5.651028752326965332e-01
3.820578455924987793e-01
3.503019809722900391e-01
4.355783388018608093e-02
2.622081637382507324e-01
1.992283463478088379e-01
1.077565550804138184e-01
9.677285552024841309e-01
2.563461065292358398e-01
8.695044368505477905e-02
4.115374982357025146e-01
8.436844497919082642e-02
7.260572314262390137e-01
6.227062940597534180e-01
5.578015446662902832e-01
1.436795741319656372e-01
4.885106533765792847e-02
3.213641345500946045e-01
2.928713858127593994e-01
1.278544217348098755e-01
2.320306003093719482e-01
3.854424655437469482e-01
6.562731862068176270e-01
2.884288728237152100e-01
3.300481140613555908e-01
1.151562109589576721e-01
4.129751324653625488e-01
5.760037153959274292e-02
1.243557259440422058e-01
5.037717819213867188e-01
3.889829516410827637e-01
8.924306184053421021e-02
4.774078726768493652e-01
2.515733242034912109e-01
9.816797971725463867e-01
5.944048166275024414e-01
6.034866571426391602e-01
6.520594358444213867e-01
1.189963612705469131e-02
1.940632313489913940e-01
5.176903605461120605e-01
1.598704904317855835e-01
3.035033121705055237e-02
5.977746471762657166e-02
1.255643218755722046e-01
8.219603300094604492e-01
2.603147327899932861e-01
2.411632537841796875e-01
4.191302657127380371e-01
8.469970822334289551e-01
1.061419174075126648e-01
3.596240878105163574e-01
7.704273462295532227e-01
7.277284860610961914e-01
3.022360801696777344e-01
1.979863941669464111e-01
7.999969124794006348e-01
1.584118045866489410e-02
8.886950463056564331e-02
1.768727153539657593e-01
8.760045766830444336e-01
4.217274785041809082e-01
1.106388792395591736e-01
6.404870152473449707e-01
1.820151805877685547e-01
5.338064953684806824e-02
8.237822055816650391e-01
9.556590318679809570e-01
5.698982477188110352e-01
9.159417748451232910e-01
7.307249903678894043e-01
1.901487112045288086e-01
2.796094492077827454e-02
1.188592016696929932e-01
8.860437572002410889e-02
5.390622615814208984e-01
5.158180743455886841e-02
4.220219850540161133e-01
3.747764602303504944e-02
9.327692389488220215e-01
1.303163915872573853e-01
3.061293661594390869e-01
2.149611562490463257e-01
6.527762413024902344e-01
6.176699995994567871e-01
2.855248153209686279e-01
7.404536604881286621e-01
2.307683974504470825e-01
2.649718225002288818e-01
6.277612447738647461e-01
2.090496942400932312e-02
9.071965217590332031e-01
9.578241407871246338e-02
1.523815542459487915e-01
4.571703374385833740e-01
2.647766098380088806e-02
8.964881896972656250e-01
8.436666727066040039e-01
2.741124927997589111e-01
6.311984062194824219e-01
7.539833188056945801e-01
6.246157735586166382e-02
9.309308975934982300e-02
3.396668434143066406e-01
1.543025225400924683e-01
9.163418412208557129e-02
1.549336463212966919e-01
6.669046282768249512e-01
1.041675880551338196e-01
1.303073577582836151e-02
4.106155931949615479e-01
5.452788993716239929e-02
9.582973718643188477e-01
2.839744389057159424e-01
3.562839925289154053e-01
8.441697955131530762e-01
4.787673950195312500e-01
5.893174409866333008e-01
2.542153298854827881e-01
9.455599635839462280e-02
3.876630961894989014e-01
1.910382807254791260e-01
3.021319806575775146e-01
2.211816459894180298e-01
9.375172853469848633e-01
3.639125525951385498e-01
4.249227046966552734e-01
4.061654210090637207e-02
1.446253210306167603e-01
2.744666337966918945e-01
8.805932402610778809e-01
4.554685652256011963e-01
7.197270393371582031e-01
5.436321496963500977e-01
8.566573262214660645e-01
1.105642989277839661e-01
2.593327462673187256e-01
7.438334822654724121e-02
4.739430546760559082e-01
1.385484188795089722e-01
9.950889274477958679e-03
1.768416166305541992e-01
5.991327017545700073e-02
8.898538947105407715e-01
5.075743198394775391e-01
9.557733684778213501e-02
7.763105630874633789e-02
4.602013230323791504e-01
6.258721947669982910e-01
1.456627994775772095e-01
6.536334156990051270e-01
3.617392480373382568e-02
6.909657269716262817e-02
1.809136867523193359e-01
8.939471840858459473e-01
6.758902072906494141e-01
8.930583000183105469e-01
7.283889502286911011e-02
5.611793994903564453e-01
8.645803332328796387e-01
7.039429992437362671e-02
3.539987206459045410e-01
3.029371500015258789e-01
6.291489601135253906e-01
9.652287960052490234e-01
6.401540637016296387e-01
6.052948534488677979e-02
9.485838413238525391e-01
1.495035290718078613e-01
5.488133057951927185e-02
4.683562368154525757e-02
1.399413049221038818e-01
8.328098654747009277e-01
7.259857654571533203e-01
1.729431450366973877e-01
1.191428601741790771e-01
1.486938595771789551e-01
3.393001854419708252e-01
1.864368617534637451e-01
3.105324804782867432e-01
4.327845573425292969e-02
2.095108479261398315e-01
4.052718877792358398e-01
5.881443619728088379e-01
9.381374120712280273e-01
2.999795973300933838e-01
7.493466138839721680e-01
6.675568222999572754e-01
2.497812546789646149e-02
6.975557804107666016e-01
1.629766672849655151e-01
2.356879413127899170e-01
2.913629710674285889e-01
6.884970664978027344e-01
6.838443875312805176e-02
9.303799867630004883e-01
1.544809788465499878e-01
5.716226100921630859e-01
5.559639930725097656e-01
1.140786558389663696e-01
1.382903456687927246e-01
7.241401076316833496e-01
4.225998222827911377e-01
4.978546798229217529e-01
6.185760349035263062e-02
6.146267652511596680e-01
3.613376319408416748e-01
1.090775728225708008e-01
4.087545573711395264e-01
7.810696959495544434e-02
8.178732991218566895e-01
7.118114829063415527e-02
4.091280996799468994e-01
9.319832921028137207e-01
3.628428578376770020e-01
1.254734098911285400e-01
1.653384268283843994e-01
2.390486747026443481e-02
1.884219646453857422e-01
7.706147432327270508e-02
7.082048058509826660e-01
1.179551854729652405e-01
1.879923492670059204e-01
4.317291975021362305e-01
2.662764489650726318e-01
8.897081017494201660e-01
8.732640743255615234e-01
1.068038791418075562e-01
3.616399765014648438e-01
1.727670729160308838e-01
5.450251102447509766e-01
5.761321187019348145e-01
5.207136273384094238e-01
1.295380853116512299e-02
4.242428392171859741e-02
5.547686219215393066e-01
2.844413518905639648e-01
8.432504534721374512e-02
7.484574913978576660e-01
9.004919528961181641e-01
2.203560434281826019e-02
8.263209462165832520e-02
4.415786266326904297e-01
4.404454827308654785e-01
8.801252245903015137e-01
1.111897751688957214e-01
8.838531374931335449e-02
9.483640789985656738e-01
1.374766677618026733e-01
5.768160223960876465e-01
2.976180315017700195e-01
1.215763539075851440e-01
1.778882741928100586e-01
5.661278963088989258e-02
9.837321937084197998e-02
5.802604556083679199e-01
2.019464075565338135e-01
6.164103150367736816e-01
1.118235662579536438e-01
5.534870028495788574e-01
7.986210286617279053e-02
1.132667213678359985e-01
3.110198862850666046e-02
2.746386826038360596e-01
5.042659640312194824e-01
9.054853916168212891e-01
9.504675865173339844e-02
3.482617735862731934e-01
8.842483758926391602e-01
5.916506052017211914e-01
1.400750577449798584e-01
9.655730798840522766e-03
1.857175678014755249e-01
4.121382161974906921e-02
9.557098746299743652e-01
3.098315931856632233e-02
5.864278078079223633e-01
4.352589249610900879e-01
9.392772316932678223e-01
2.306102067232131958e-01
6.576325893402099609e-01
3.340317606925964355e-01
8.704386651515960693e-02
5.207856893539428711e-01
6.706916540861129761e-02
4.605033695697784424e-01
1.853061318397521973e-01
2.559230029582977295e-01
1.875966042280197144e-01
2.112151831388473511e-01
2.850750274956226349e-02
2.762021869421005249e-02
6.420556902885437012e-01
5.465289354324340820e-01
7.154589146375656128e-02
1.700742095708847046e-01
1.116227805614471436e-01
8.359143137931823730e-01
1.073542237281799316e-01
9.377982616424560547e-01
9.760699868202209473e-01
4.418699815869331360e-02
3.101109340786933899e-02
1.963361203670501709e-01
1.036550253629684448e-01
5.583611130714416504e-01
8.576884865760803223e-02
2.800843715667724609e-01
4.013592898845672607e-01
2.850810885429382324e-01
3.642192780971527100e-01
5.542840957641601562e-01
1.748615875840187073e-02
8.852573633193969727e-01
3.492106199264526367e-01
2.818785607814788818e-02
8.409801125526428223e-01
7.444344758987426758e-01
5.516879558563232422e-01
2.339601069688796997e-01
1.210301741957664490e-01
7.001996636390686035e-01
1.524235308170318604e-01
8.428576588630676270e-01
8.089968562126159668e-01
3.413704633712768555e-01
7.653991226106882095e-03
2.795676589012145996e-01
7.361400127410888672e-01
2.527320384979248047e-02
2.880037426948547363e-01
3.744378685951232910e-01
7.735182046890258789e-01
1.081447117030620575e-02
5.495837926864624023e-01
6.882300376892089844e-01
1.385714858770370483e-01
1.242247298359870911e-01
5.170381069183349609e-01
1.273493170738220215e-01
5.714017152786254883e-01
8.297476768493652344e-01
6.112532615661621094e-01
3.763530254364013672e-01
3.677204549312591553e-01
4.383018240332603455e-02
2.511546202003955841e-02
5.395063161849975586e-01
8.275219202041625977e-01
7.794670015573501587e-02
1.508227437734603882e-01
1.427684128284454346e-01
3.147952854633331299e-01
6.192182898521423340e-01
2.179268002510070801e-02
4.054204002022743225e-02
1.096812263131141663e-02
4.299998283386230469e-02
1.774099767208099365e-01
4.919052496552467346e-02
2.925989329814910889e-01
2.643723785877227783e-01
6.018298268318176270e-01
5.251114070415496826e-02
2.262832224369049072e-02
9.711484909057617188e-01
8.781480193138122559e-01
3.996183872222900391e-01
4.076958894729614258e-01
1.373744159936904907e-01
8.642151355743408203e-01
3.049853742122650146e-01
1.760452240705490112e-01
1.415017396211624146e-01
8.785619735717773438e-01
4.037040472030639648e-01
8.948307484388351440e-02
5.690923929214477539e-01
3.826946616172790527e-01
1.726020127534866333e-01
1.371245086193084717e-01
4.556422531604766846e-01
6.815410405397415161e-02
8.860017172992229462e-03
8.593941330909729004e-01
9.158763289451599121e-02
3.714883923530578613e-01
1.632978469133377075e-01
2.965165972709655762e-01
9.219124913215637207e-01
8.983816504478454590e-01
8.005274087190628052e-02
8.830875158309936523e-03
5.737638473510742188e-01
3.655975311994552612e-02
6.669983863830566406e-01
7.859370708465576172e-01
1.223269104957580566e-01
8.476489186286926270e-01
9.659606814384460449e-01
4.077537059783935547e-01
7.905614376068115234e-01
1.924512088298797607e-01
3.750751018524169922e-01
6.768867969512939453e-01
4.032777547836303711e-01
6.329727768898010254e-01
3.911871463060379028e-02
2.052268832921981812e-01
5.441220104694366455e-02
4.676437079906463623e-01
5.676752924919128418e-01
1.473589539527893066e-01
4.791591465473175049e-01
7.814186811447143555e-02
1.704178936779499054e-02
4.357016086578369141e-01
1.542904078960418701e-01
4.201269149780273438e-01
2.313390225172042847e-01
5.448046326637268066e-01
4.462634623050689697e-01
1.264819353818893433e-01
1.492213159799575806e-01
9.109423756599426270e-01
3.034636974334716797e-01
2.926568388938903809e-01
8.493953198194503784e-02
4.170532822608947754e-01
6.298355460166931152e-01
8.461383581161499023e-01
4.392149448394775391e-01
6.368347406387329102e-01
1.706383526325225830e-01
5.501329898834228516e-01
2.090140581130981445e-01
7.411624491214752197e-02
9.674690961837768555e-01
4.394020438194274902e-01
4.129193723201751709e-01
2.948603034019470215e-01
1.211189478635787964e-01
1.813925206661224365e-01
5.349899455904960632e-02
3.581168353557586670e-01
3.102823197841644287e-01
6.877461820840835571e-02
8.446077108383178711e-01
2.943421304225921631e-01
1.308007389307022095e-01
7.016268372535705566e-01
6.491209864616394043e-01
3.861735165119171143e-01
2.590566873550415039e-02
9.593687206506729126e-02
2.830466628074645996e-01
8.700684309005737305e-01
2.214641720056533813e-01
3.685709834098815918e-02
9.486548900604248047e-01
2.060236632823944092e-01
8.315556049346923828e-01
6.965598464012145996e-01
4.609018564224243164e-01
6.228284239768981934e-01
5.929011479020118713e-02
6.241987347602844238e-01
3.131286501884460449e-01
2.754576802253723145e-01
1.420846283435821533e-01
3.414920568466186523e-01
4.714716672897338867e-01
9.723179340362548828e-01
4.820264875888824463e-02
6.955265402793884277e-01
5.077322199940681458e-02
2.521191537380218506e-01
3.603281378746032715e-01
7.257830500602722168e-01
2.681087553501129150e-01
1.758819818496704102e-01
1.975764632225036621e-01
8.906768262386322021e-02
2.365873306989669800e-01
7.916601896286010742e-01
1.506333947181701660e-01
8.269077539443969727e-02
5.639382600784301758e-01
9.890823066234588623e-02
1.246721483767032623e-02
2.480066716670989990e-01
3.316305577754974365e-01
9.721422940492630005e-02
6.138106584548950195e-01
6.874670088291168213e-02
8.153480887413024902e-01
3.098239898681640625e-01
1.196868047118186951e-01
4.778517037630081177e-02
6.570131182670593262e-01
6.177356243133544922e-01
4.585841670632362366e-02
5.794616341590881348e-01
3.489338159561157227e-01
3.740080893039703369e-01
9.289599210023880005e-02
8.796689510345458984e-01
3.146479427814483643e-01
2.709169499576091766e-02
3.246824443340301514e-01
4.661242663860321045e-01
7.833357453346252441e-01
2.036081850528717041e-01
1.638689488172531128e-01
4.584907889366149902e-01
7.012777775526046753e-02
1.213631704449653625e-01
8.478231430053710938e-01
6.663445234298706055e-01
4.347240030765533447e-01
2.329976260662078857e-01
2.231561839580535889e-01
1.163701638579368591e-01
1.911424100399017334e-01
8.214939832687377930e-01
9.880790114402770996e-02
1.832204908132553101e-01
5.856418982148170471e-02
8.132282495498657227e-01
6.675642728805541992e-02
2.451866716146469116e-01
3.197211623191833496e-01
3.931659087538719177e-02
9.420070052146911621e-02
3.675882518291473389e-02
3.022736608982086182e-01
2.166195213794708252e-01
2.119919955730438232e-01
2.506410703063011169e-02
1.237230077385902405e-01
5.569233298301696777e-01
2.243859916925430298e-01
5.158534646034240723e-01
5.003303289413452148e-01
5.358140468597412109e-01
2.131815552711486816e-01
1.152263488620519638e-02
8.470841497182846069e-02
4.682500287890434265e-02
3.271931707859039307e-01
3.365802392363548279e-02
3.287037909030914307e-01
2.264938503503799438e-01
8.099865913391113281e-01
2.208064496517181396e-01
4.447929859161376953e-01
6.219956651329994202e-02
3.298333287239074707e-01
9.017809629440307617e-01
1.176920235157012939e-01
8.418408036231994629e-01
3.759445250034332275e-01
9.133399724960327148e-01
3.914187550544738770e-01
3.941173851490020752e-01
5.580043196678161621e-01
1.509884148836135864e-01
9.072949886322021484e-01
7.219401001930236816e-01
8.101835250854492188e-01
2.548586130142211914e-01
6.664153933525085449e-02
7.322929501533508301e-01
6.339303255081176758e-01
2.851924598217010498e-01
3.231173008680343628e-02
7.470283657312393188e-02
1.209134608507156372e-01
5.090017318725585938e-01
2.290651798248291016e-01
8.598783016204833984e-01
4.508091211318969727e-01
4.959888458251953125e-01
6.554175615310668945e-01
1.220249831676483154e-01
1.985975503921508789e-01
4.408270120620727539e-02
4.710428118705749512e-01
8.517190217971801758e-01
3.443030416965484619e-01
9.060113877058029175e-02
1.872045546770095825e-01
1.620801240205764771e-01
7.646194696426391602e-01
4.312761425971984863e-01
9.439362883567810059e-01
2.011442929506301880e-01
3.885461091995239258e-01
1.308019757270812988e-01
2.758122682571411133e-01
8.737208694219589233e-02
8.558805584907531738e-01
5.641406774520874023e-01
1.122721135616302490e-01
8.333052396774291992e-01
2.223847210407257080e-01
2.581694424152374268e-01
2.695181071758270264e-01
9.558550715446472168e-01
7.489483058452606201e-02
4.926042258739471436e-01
7.137256264686584473e-01
6.896105408668518066e-01
3.481566905975341797e-01
4.798847138881683350e-01
2.890832424163818359e-01
9.626358747482299805e-02
7.925630211830139160e-01
1.425322592258453369e-01
8.381036520004272461e-01
3.446920514106750488e-01
2.877281904220581055e-01
1.944656968116760254e-01
1.637938991189002991e-02
1.276434957981109619e-01
9.898156523704528809e-01
1.608879864215850830e-01
3.750960156321525574e-02
9.744262099266052246e-01
1.146394461393356323e-01
6.097644567489624023e-02
7.826834172010421753e-02
9.423339366912841797e-01
1.374038159847259521e-01
8.396884202957153320e-01
5.123763531446456909e-02
8.023689985275268555e-01
1.640589833259582520e-01
3.690245747566223145e-01
1.892228126525878906e-01
8.784015178680419922e-01
2.541921734809875488e-01
4.454672932624816895e-01
1.094375401735305786e-01
1.059719920158386230e-01
3.852003812789916992e-01
2.644334360957145691e-02
2.990981936454772949e-01
3.888512253761291504e-01
7.034903019666671753e-02
1.031725574284791946e-02
8.431624621152877808e-02
6.023960113525390625e-01
1.565883606672286987e-01
6.682723164558410645e-01
8.780355453491210938e-01
8.238176107406616211e-01
8.332381248474121094e-01
1.661121249198913574e-01
3.766202330589294434e-01
8.573214411735534668e-01
6.862081587314605713e-03
3.475709557533264160e-01
1.405070722103118896e-01
6.316452026367187500e-01
2.539758570492267609e-02
1.548723727464675903e-01
7.539610862731933594e-01
7.451409697532653809e-01
3.307258784770965576e-01
8.098923563957214355e-01
2.962136827409267426e-02
1.697172820568084717e-01
1.567062884569168091e-01
8.921698331832885742e-01
2.223926335573196411e-01
8.658645153045654297e-01
2.201947867870330811e-01
2.166599631309509277e-01
1.775892972946166992e-01
6.743388175964355469e-01
4.499612152576446533e-01
1.829327084124088287e-02
2.435231059789657593e-01
4.976158142089843750e-01
1.410239785909652710e-01
2.182135283946990967e-01
9.703265875577926636e-02
7.750564217567443848e-01
6.381213665008544922e-01
8.298099040985107422e-02
2.505074739456176758e-01
5.830538645386695862e-02
9.278315901756286621e-01
2.255892604589462280e-01
5.726208090782165527e-01
9.004607200622558594e-01
9.128819704055786133e-01
4.283026605844497681e-02
6.864666938781738281e-01
2.236579954624176025e-01
2.348915338516235352e-01
3.096163570880889893e-01
1.210175529122352600e-01
8.906058967113494873e-02
6.004713475704193115e-02
6.793981790542602539e-01
5.492652654647827148e-01
9.412577152252197266e-01
3.723387122154235840e-01
1.588781327009201050e-01
7.843431830406188965e-01
1.926703602075576782e-01
3.744241893291473389e-01
2.249519526958465576e-02
6.546886563301086426e-01
2.166266143321990967e-01
6.302863955497741699e-01
2.832050621509552002e-01
5.350715667009353638e-02
3.129642009735107422e-01
4.905432462692260742e-01
1.785365045070648193e-01
1.722095161676406860e-01
1.116046905517578125e-01
2.022245526313781738e-01
2.318740338087081909e-01
9.912490099668502808e-02
3.049707412719726562e-01
1.841794550418853760e-01
3.085831403732299805e-01
1.660776585340499878e-01
7.130282521247863770e-01
6.143288612365722656e-01
7.001481056213378906e-01
1.712153106927871704e-01
6.576612591743469238e-02
1.578155308961868286e-01
4.238571226596832275e-01
8.029729872941970825e-02
6.103046536445617676e-01
3.129191696643829346e-02
5.861248373985290527e-01
3.178200721740722656e-01
1.778933703899383545e-01
4.715116694569587708e-02
4.677948951721191406e-01
7.339548319578170776e-02
1.932461857795715332e-01
8.240795135498046875e-01
4.764000475406646729e-01
3.377990052103996277e-02
3.517935425043106079e-02
3.862502276897430420e-01
1.885278522968292236e-01
6.467741727828979492e-02
2.509753108024597168e-01
2.054253034293651581e-02
6.372094154357910156e-02
4.472298026084899902e-01
7.807902693748474121e-01
5.398272275924682617e-01
4.567589759826660156e-01
2.509344816207885742e-01
6.205272078514099121e-01
5.097451433539390564e-02
9.429612010717391968e-02
9.731968492269515991e-02
1.991269290447235107e-01
1.308070719242095947e-01
8.455587923526763916e-02
7.924351692199707031e-01
4.274200275540351868e-02
2.844582498073577881e-01
6.556159257888793945e-02
7.589231431484222412e-02
7.604020833969116211e-01
3.334150835871696472e-02
7.924219369888305664e-01
5.034184083342552185e-02
6.948514282703399658e-02
2.739957869052886963e-01
2.849884629249572754e-01
5.304316282272338867e-01
5.434956550598144531e-01
9.246369600296020508e-01
6.370895504951477051e-01
2.728445529937744141e-01
3.921648859977722168e-02
3.153741732239723206e-02
8.861069679260253906e-01
6.266053915023803711e-01
4.492905437946319580e-01
1.268067210912704468e-01
1.550419032573699951e-01
5.672543048858642578e-01
2.121515870094299316e-01
3.117364346981048584e-01
2.418306618928909302e-01
4.193063676357269287e-01
2.394696623086929321e-01
6.488064527511596680e-01
3.943202197551727295e-01
4.224069714546203613e-01
7.954983413219451904e-02
4.614956304430961609e-02
1.104318648576736450e-01
1.653006300330162048e-02
1.338557992130517960e-02
9.736126065254211426e-01
7.942506670951843262e-01
6.535623222589492798e-02
3.428576290607452393e-01
3.767429590225219727e-01
5.116205811500549316e-01
4.127108156681060791e-01
2.772605419158935547e-01
2.222795635461807251e-01
1.757423132658004761e-01
8.127684593200683594e-01
1.138672903180122375e-01
1.199966594576835632e-01
2.418093234300613403e-01
5.494005680084228516e-01
3.676541149616241455e-01
1.452741473913192749e-01
7.229599952697753906e-01
1.796713322401046753e-01
5.234569683670997620e-02
9.260741062462329865e-03
2.932846248149871826e-01
2.398026548326015472e-02
8.422087132930755615e-02
1.916735321283340454e-01
2.636505067348480225e-01
4.453391432762145996e-01
8.077044486999511719e-01
1.474633365869522095e-01
4.913170337677001953e-01
3.647659420967102051e-01
1.594428420066833496e-01
1.618710011243820190e-01
5.102462768554687500e-01
1.677131503820419312e-01
1.889029145240783691e-01
2.925811707973480225e-02
6.870466470718383789e-01
7.037661075592041016e-01
1.782087981700897217e-01
1.295001357793807983e-01
5.784928426146507263e-02
2.696571350097656250e-01
2.889768779277801514e-02
2.494069635868072510e-01
7.492619156837463379e-01
6.666839122772216797e-02
2.890835516154766083e-02
1.416932046413421631e-01
3.867855668067932129e-01
2.220830321311950684e-01
1.728328019380569458e-01
8.140415549278259277e-01
1.019020900130271912e-01
5.524588823318481445e-01
2.379728108644485474e-01
2.632397785782814026e-02
1.854633688926696777e-01
3.201738595962524414e-01
3.258422613143920898e-01
4.257276356220245361e-01
2.248145341873168945e-01
2.888546288013458252e-01
1.431978493928909302e-01
8.958327174186706543e-01
8.731041103601455688e-02
5.092155933380126953e-01
2.526467144489288330e-01
8.431231379508972168e-01
5.873121023178100586e-01
5.574996471405029297e-01
7.150466442108154297e-01
9.572215080261230469e-01
2.157026976346969604e-01
8.487461209297180176e-01
2.200374007225036621e-01
1.858859956264495850e-01
4.440493881702423096e-01
6.963478922843933105e-01
1.670646071434020996e-01
9.894234687089920044e-02
3.156078234314918518e-02
1.686883866786956787e-01
2.259649187326431274e-01
5.457499027252197266e-01
9.607969522476196289e-01
8.640384674072265625e-01
1.782979369163513184e-01
1.216360032558441162e-01
6.424378156661987305e-01
1.484235934913158417e-02
2.638701349496841431e-02
3.858630359172821045e-02
5.471796989440917969e-01
9.954731166362762451e-02
1.411404460668563843e-01
5.187320709228515625e-02
1.631233282387256622e-02
6.893307566642761230e-01
5.201702117919921875e-01
7.005351185798645020e-01
3.724271655082702637e-01
1.006113141775131226e-01
5.659676715731620789e-02
4.730494618415832520e-01
1.042786687612533569e-01
7.602465152740478516e-01
8.960942029953002930e-01
1.460791528224945068e-01
2.111999839544296265e-01
3.394535481929779053e-01
1.808120012283325195e-01
5.632677674293518066e-01
8.679724931716918945e-01
2.654327750205993652e-01
2.690018415451049805e-01
9.729700088500976562e-01
6.983479857444763184e-01
4.661884903907775879e-01
8.594260811805725098e-01
3.592396676540374756e-01
6.320135593414306641e-01
5.669865608215332031e-01
8.443897962570190430e-01
5.214064121246337891e-01
3.295743167400360107e-01
1.411415338516235352e-01
2.135568112134933472e-01
1.893488466739654541e-01
7.614735364913940430e-01
4.324355721473693848e-01
9.768594503402709961e-01
2.139515876770019531e-01
7.234470546245574951e-02
4.990329593420028687e-02
4.485988616943359375e-01
7.083743810653686523e-02
1.301505863666534424e-01
1.787377148866653442e-01
9.260843992233276367e-01
7.500739693641662598e-01
8.875324130058288574e-01
3.396410644054412842e-01
1.490267068147659302e-01
8.325838446617126465e-01
7.241178154945373535e-01
7.544560730457305908e-02
2.199508063495159149e-02
2.138538956642150879e-01
2.374513000249862671e-01
3.938845396041870117e-01
1.796533465385437012e-01
7.031235694885253906e-01
1.542049050331115723e-01
7.858337163925170898e-01
4.614489525556564331e-02
7.916362881660461426e-01
1.343277543783187866e-01
5.800808966159820557e-02
3.819224238395690918e-01
4.142573103308677673e-02
1.748770475387573242e-01
3.816836476325988770e-01
8.962878584861755371e-01
2.973626554012298584e-01
1.301394253969192505e-01
3.239140212535858154e-01
1.138942241668701172e-01
2.257516831159591675e-01
8.622063398361206055e-01
2.088011428713798523e-02
8.476952314376831055e-01
2.038366645574569702e-01
1.198401749134063721e-01
7.831643223762512207e-01
7.319435477256774902e-01
1.720959544181823730e-01
1.965871602296829224e-01
5.510384961962699890e-02
6.528230309486389160e-01
7.602310180664062500e-01
4.015461802482604980e-01
8.382382392883300781e-01
1.366958767175674438e-02
8.286882936954498291e-02
2.692107483744621277e-02
1.999422907829284668e-01
4.107164144515991211e-01
5.875543355941772461e-01
1.427375376224517822e-01
6.691914796829223633e-01
1.251887828111648560e-01
1.656952053308486938e-01
9.536213278770446777e-01
8.648737668991088867e-01
1.833431124687194824e-01
8.382796049118041992e-01
2.715419791638851166e-02
1.511798985302448273e-02
5.999149680137634277e-01
4.221941530704498291e-02
3.296502828598022461e-01
5.064144134521484375e-01
9.168640971183776855e-01
6.428372263908386230e-01
1.006807088851928711e-01
4.684761166572570801e-01
4.947650432586669922e-01
2.214362323284149170e-01
3.546192869544029236e-02
2.011071294546127319e-01
7.445184588432312012e-01
3.723728060722351074e-01
5.376986861228942871e-01
4.037929177284240723e-01
9.279067814350128174e-02
4.155034571886062622e-02
1.364428699016571045e-01
7.758785486221313477e-01
2.991514801979064941e-01
1.172490641474723816e-01
9.426688402891159058e-02
9.325441122055053711e-01
3.544021844863891602e-01
8.547417819499969482e-02
1.436058431863784790e-01
5.520145297050476074e-01
2.100290209054946899e-01
3.027891926467418671e-02
4.846142530441284180e-01
1.180051341652870178e-01
3.764268159866333008e-01
6.277720332145690918e-01
8.495822548866271973e-01
4.085965454578399658e-01
3.754526078701019287e-01
3.469111621379852295e-01
3.222512602806091309e-01
8.118360042572021484e-01
1.813604384660720825e-01
7.271768897771835327e-02
8.151985704898834229e-02
5.228347778320312500e-01
8.300541639328002930e-01
2.008772641420364380e-01
1.160295456647872925e-01
4.484098404645919800e-02
7.879142761230468750e-01
1.154561936855316162e-01
2.755196094512939453e-01
4.776868224143981934e-01
1.995650827884674072e-01
1.220475211739540100e-01
7.817319035530090332e-01
9.125399589538574219e-01
2.420505583286285400e-01
1.593415439128875732e-01
6.751881837844848633e-01
8.789510130882263184e-01
1.189380213618278503e-01
1.832679510116577148e-01
3.783643245697021484e-01
1.625445634126663208e-01
2.371786534786224365e-01
9.643620252609252930e-01
7.276018708944320679e-02
6.196100711822509766e-01
1.150440946221351624e-01
9.194085597991943359e-01
5.354369878768920898e-01
3.351150155067443848e-01
3.185525834560394287e-01
6.845793128013610840e-01
3.174627944827079773e-02
3.450121283531188965e-01
6.316062808036804199e-02
2.794526144862174988e-02
2.536801397800445557e-01
8.303226232528686523e-01
2.155390828847885132e-01
5.207090377807617188e-01
8.128997087478637695e-01
5.070833563804626465e-01
4.564959704875946045e-01
1.186764389276504517e-01
2.811649143695831299e-01
5.772058963775634766e-01
6.374626159667968750e-01
2.252842038869857788e-01
6.681690812110900879e-01
7.944787740707397461e-01
5.113095641136169434e-01
1.761764436960220337e-01
5.887368917465209961e-01
2.299707233905792236e-01
7.520036101341247559e-01
8.218494057655334473e-02
9.154127836227416992e-01
4.460895061492919922e-01
2.625581622123718262e-01
7.953228354454040527e-01
1.039316728711128235e-01
6.164367124438285828e-02
1.180042773485183716e-01
3.451716005802154541e-01
3.381035923957824707e-01
1.451390534639358521e-01
8.798566460609436035e-02
1.627247035503387451e-01
2.972166836261749268e-01
3.079658746719360352e-01
2.132981419563293457e-01
1.041679903864860535e-01
5.283980965614318848e-01
6.174702569842338562e-02
4.715079441666603088e-02
2.158499658107757568e-01
5.973407030105590820e-01
3.542789816856384277e-01
8.186934590339660645e-01
4.449816048145294189e-01
5.055220723152160645e-01
4.218783602118492126e-02
5.791884064674377441e-01
3.880588412284851074e-01
9.133365750312805176e-01
5.721845477819442749e-02
2.589353322982788086e-01
1.119183152914047241e-01
1.826557070016860962e-01
1.149626821279525757e-01
7.592540234327316284e-02
1.204327940940856934e-01
5.481863021850585938e-02
1.210982128977775574e-01
1.698727458715438843e-01
6.424488872289657593e-02
6.023459136486053467e-02
7.692012190818786621e-01
3.374522924423217773e-01
8.411990851163864136e-02
1.262205690145492554e-01
5.717552080750465393e-02
5.874133706092834473e-01
4.914036393165588379e-01
8.961611390113830566e-01
5.010525584220886230e-01
2.476206421852111816e-01
5.030421614646911621e-01
5.551060438156127930e-01
4.009997099637985229e-02
6.400727629661560059e-01
5.287587177008390427e-03
3.404192626476287842e-01
5.867555737495422363e-01
1.179721951484680176e-01
1.386105567216873169e-01
1.438730210065841675e-02
4.091676175594329834e-01
8.053498268127441406e-01
7.472158223390579224e-02
5.186631083488464355e-01
3.117190301418304443e-01
7.298839688301086426e-01
9.036351442337036133e-01
4.870344102382659912e-01
2.784347832202911377e-01
8.664707839488983154e-02
6.454095840454101562e-01
8.731998205184936523e-01
7.089745402336120605e-01
3.865236788988113403e-02
9.401897192001342773e-01
5.898642539978027344e-01
3.188317716121673584e-01
1.336140781641006470e-01
7.362545728683471680e-01
1.712521910667419434e-01
2.439695298671722412e-01
1.072052419185638428e-01
8.829715251922607422e-01
3.597287237644195557e-01
3.056550920009613037e-01
9.523527324199676514e-02
9.838879704475402832e-01
7.799805998802185059e-01
5.213301181793212891e-01
8.075170516967773438e-01
6.768574714660644531e-01
6.496609449386596680e-01
4.771918058395385742e-01
3.228955715894699097e-02
5.755358934402465820e-02
6.109104156494140625e-01
9.874880313873291016e-02
5.606468319892883301e-01
7.173709869384765625e-01
2.872021794319152832e-01
1.046255379915237427e-01
6.470407843589782715e-01
2.940836846828460693e-01
9.655073285102844238e-01
4.294145405292510986e-01
5.377727150917053223e-01
5.692961215972900391e-01
2.047829031944274902e-01
6.380373239517211914e-02
2.031431645154953003e-01
9.369095787405967712e-03
6.830817461013793945e-01
3.231814503669738770e-01
2.169836461544036865e-01
5.585117936134338379e-01
6.894772406667470932e-03
6.771362423896789551e-01
5.073480308055877686e-02
2.373055964708328247e-01
7.038847208023071289e-01
2.942434251308441162e-01
8.611465096473693848e-01
9.014160633087158203e-01
8.004279434680938721e-02
4.356224238872528076e-01
5.572788715362548828e-01
2.415110617876052856e-01
7.888560742139816284e-02
1.499087661504745483e-01
3.483125939965248108e-02
1.373616904020309448e-01
4.822885096073150635e-01
5.475210547447204590e-01
9.575473666191101074e-01
4.323215782642364502e-01
8.788932114839553833e-02
7.707150578498840332e-01
1.227978095412254333e-01
6.676872372627258301e-01
6.053501963615417480e-01
2.145639657974243164e-01
8.852979540824890137e-01
1.168886050581932068e-01
3.357812762260437012e-01
6.717711687088012695e-02
6.001825332641601562e-01
9.001539945602416992e-01
2.915807366371154785e-01
8.898070454597473145e-02
7.965159416198730469e-01
1.175650209188461304e-01
2.450734227895736694e-01
1.784765347838401794e-02
6.824033707380294800e-02
1.470534503459930420e-02
6.445427238941192627e-02
6.644828319549560547e-01
6.653391569852828979e-02
1.010620370507240295e-01
3.834897279739379883e-01
7.793081998825073242e-01
1.070068031549453735e-01
1.092615053057670593e-01
5.378571152687072754e-02
5.749240517616271973e-02
5.048962682485580444e-02
8.436631560325622559e-01
1.927772164344787598e-01
2.500166594982147217e-01
8.330977708101272583e-02
1.170289814472198486e-01
1.928668618202209473e-01
2.760627493262290955e-02
8.473886251449584961e-01
5.969963222742080688e-02
9.823248535394668579e-02
1.284483075141906738e-01
1.822736561298370361e-01
8.103027939796447754e-01
8.095613121986389160e-01
4.863023161888122559e-01
1.143860518932342529e-01
7.704742252826690674e-02
1.458781361579895020e-01
6.012612581253051758e-01
6.428291797637939453e-01
2.126354724168777466e-02
7.080044597387313843e-02
8.883259296417236328e-01
5.574532151222229004e-01
6.496790647506713867e-01
2.121971845626831055e-01
7.287531495094299316e-01
5.945571064949035645e-01
1.754299700260162354e-01
8.095869421958923340e-01
5.959147214889526367e-01
1.866775602102279663e-01
9.719155728816986084e-02
2.965011633932590485e-02
5.287589132785797119e-02
1.469279080629348755e-01
6.440230607986450195e-01
1.420927196741104126e-01
1.362837702035903931e-01
2.739493846893310547e-01
1.226542517542839050e-01
8.101184666156768799e-02
2.759009897708892822e-01
9.577563405036926270e-01
1.576724946498870850e-01
2.229940593242645264e-01
2.350933849811553955e-02
8.325142860412597656e-01
6.685432791709899902e-01
8.161331415176391602e-01
3.242532722651958466e-03
2.152307704091072083e-02
9.771369099617004395e-01
1.762826442718505859e-01
4.438419044017791748e-01
2.044757455587387085e-01
7.659492492675781250e-01
5.349977016448974609e-01
3.238630890846252441e-01
3.431971371173858643e-01
3.199109062552452087e-02
1.129289492964744568e-01
5.473581552505493164e-01
1.351913362741470337e-01
7.653173804283142090e-01
2.181288003921508789e-01
2.854003310203552246e-01
1.096537262201309204e-01
2.552910447120666504e-01
5.082602426409721375e-02
9.344508647918701172e-01
4.959720671176910400e-01
1.789450198411941528e-01
2.074806094169616699e-01
4.364970326423645020e-01
4.793820530176162720e-02
7.427740842103958130e-02
1.472658067941665649e-01
7.172945141792297363e-01
1.684461385011672974e-01
2.469002902507781982e-01
3.587183356285095215e-01
1.613738685846328735e-01
6.998545527458190918e-01
6.148828566074371338e-02
7.622084021568298340e-01
3.134055137634277344e-01
1.011808216571807861e-01
4.758706316351890564e-02
8.167893886566162109e-01
1.507993191480636597e-01
2.167315632104873657e-01
8.426323533058166504e-02
8.813402056694030762e-01
8.487635105848312378e-02
3.238902240991592407e-02
7.334486246109008789e-01
5.659160017967224121e-02
9.302953630685806274e-02
5.053964853286743164e-01
5.362350121140480042e-02
3.302255868911743164e-01
3.327719271183013916e-01
6.226976215839385986e-02
1.501860320568084717e-01
1.868640929460525513e-01
4.776234924793243408e-01
9.009699523448944092e-02
1.106555759906768799e-01
4.761604666709899902e-01
1.785368174314498901e-01
9.522728919982910156e-01
4.518563747406005859e-01
1.808953583240509033e-01
5.965166687965393066e-01
1.988061219453811646e-01
2.337169200181961060e-01
9.930869936943054199e-02
1.601645350456237793e-01
6.191754937171936035e-01
2.688777744770050049e-01
2.626599371433258057e-01
4.560709372162818909e-02
1.550896614789962769e-01
3.771885633468627930e-01
3.582513928413391113e-01
9.082435965538024902e-01
7.940700054168701172e-01
4.755023419857025146e-01
1.748171597719192505e-01
2.184538692235946655e-01
8.579776883125305176e-01
4.258206188678741455e-01
1.991679966449737549e-01
8.857424855232238770e-01
1.199471205472946167e-02
9.120900630950927734e-01
2.264276146888732910e-01
8.670377135276794434e-01
1.557416561990976334e-02
5.009951591491699219e-01
1.735387593507766724e-01
7.776207923889160156e-01
2.813861370086669922e-01
5.659484267234802246e-01
2.893620915710926056e-02
3.683970272541046143e-01
1.148630976676940918e-01
5.801376104354858398e-01
1.456443034112453461e-02
1.553891450166702271e-01
1.410277634859085083e-01
9.593563675880432129e-01
7.840822339057922363e-01
5.543769598007202148e-01
3.274009004235267639e-02
1.737810969352722168e-01
6.857730746269226074e-01
3.976551294326782227e-01
1.874808222055435181e-01
8.833830058574676514e-02
4.229286685585975647e-02
6.038165092468261719e-01
8.534149527549743652e-01
6.541988849639892578e-01
4.813833832740783691e-01
2.495512962341308594e-01
1.802332997322082520e-01
2.674317955970764160e-01
5.674598366022109985e-02
1.405830681324005127e-01
5.572623610496520996e-01
8.559740334749221802e-02
1.072532981634140015e-01
2.935539782047271729e-01
3.527002781629562378e-02
1.172366365790367126e-01
3.798910081386566162e-01
3.937372267246246338e-01
4.514005780220031738e-01
8.439760804176330566e-01
1.661807447671890259e-01
1.081633642315864563e-01
7.712274789810180664e-01
7.832358479499816895e-01
9.785214811563491821e-02
9.445673227310180664e-02
2.374980747699737549e-01
6.872043013572692871e-02
1.615208834409713745e-01
6.338903903961181641e-01
4.459574222564697266e-01
7.246155738830566406e-01
1.762838661670684814e-02
8.502188324928283691e-01
5.094413757324218750e-01
3.992249816656112671e-02
4.637367650866508484e-02
2.562981843948364258e-01
7.818978428840637207e-01
2.268884181976318359e-01
3.347730636596679688e-01
4.805119037628173828e-01
9.085634946823120117e-01
4.371178746223449707e-01
1.666953414678573608e-01
1.379918009042739868e-01
1.793311387300491333e-01
5.690586939454078674e-02
9.169093370437622070e-01
6.250926852226257324e-02
9.270301461219787598e-01
4.362600445747375488e-01
7.032870501279830933e-02
1.383485086262226105e-02
7.670972347259521484e-01
1.585309207439422607e-01
1.488234847784042358e-01
4.780497029423713684e-02
1.417010426521301270e-01
6.342467069625854492e-01
1.382405757904052734e-01
2.236792445182800293e-02
4.359762668609619141e-01
8.965358734130859375e-01
3.377401083707809448e-02
6.243947744369506836e-01
4.719397425651550293e-01
4.350127577781677246e-01
3.547613024711608887e-01
1.300316751003265381e-01
2.324884831905364990e-01
1.406910866498947144e-01
7.015583515167236328e-01
2.593176439404487610e-02
4.865538179874420166e-01
2.465853989124298096e-01
8.648415207862854004e-01
4.751305878162384033e-01
7.526661753654479980e-01
1.765855550765991211e-01
1.849413216114044189e-01
9.946805834770202637e-01
1.218999698758125305e-01
3.036839701235294342e-02
2.925226688385009766e-01
5.722929835319519043e-01
2.205809652805328369e-01
7.520999908447265625e-01
8.306148052215576172e-01
3.793092370033264160e-01
1.309548616409301758e-01
3.144808709621429443e-01
7.679993510246276855e-01
2.948651909828186035e-01
1.735279709100723267e-01
3.105875477194786072e-02
7.700859904289245605e-01
3.284099400043487549e-01
8.943140506744384766e-01
4.745944738388061523e-01
5.854721069335937500e-01
6.065783500671386719e-01
2.595244944095611572e-01
4.807272180914878845e-02
3.099060654640197754e-01
5.620041489601135254e-01
3.147778809070587158e-01
5.167921185493469238e-01
7.770903706550598145e-01
1.431028246879577637e-01
4.968132972717285156e-01
1.615596413612365723e-01
4.627786576747894287e-01
9.275606870651245117e-01
4.877453297376632690e-02
8.740615099668502808e-02
3.205215334892272949e-01
6.406807154417037964e-02
2.894185483455657959e-02
1.249871179461479187e-01
3.207500576972961426e-01
4.040700849145650864e-03
7.007095217704772949e-01
5.029454231262207031e-01
6.405036449432373047e-01
8.385204672813415527e-01
1.344083845615386963e-01
3.247579038143157959e-01
2.390158176422119141e-01
6.464419960975646973e-01
4.262890219688415527e-01
7.183082699775695801e-01
9.861567020416259766e-01
7.442932128906250000e-01
5.053579807281494141e-01
6.436134874820709229e-02
1.603603512048721313e-01
2.701423168182373047e-01
5.864864215254783630e-02
9.335221052169799805e-01
1.184286773204803467e-01
2.461924552917480469e-01
6.835911870002746582e-01
2.972759306430816650e-01
8.367688208818435669e-02
2.076110392808914185e-01
9.031862616539001465e-01
2.309857308864593506e-01
4.522316753864288330e-01
6.436654925346374512e-02
8.956488370895385742e-01
8.883678317070007324e-01
5.793300643563270569e-02
5.888642743229866028e-02
8.695182204246520996e-02
1.727953180670738220e-02
3.858593702316284180e-01
8.900168538093566895e-01
2.688823938369750977e-01
4.713655114173889160e-01
1.488166898488998413e-01
2.268932014703750610e-01
4.440701007843017578e-01
4.777362570166587830e-02
1.215066611766815186e-01
8.272013664245605469e-01
6.108987927436828613e-01
9.658969044685363770e-01
4.902615398168563843e-02
3.819217681884765625e-01
7.615885138511657715e-01
8.572036027908325195e-01
7.240985631942749023e-01
8.859077692031860352e-01
2.178558856248855591e-01
1.468931436538696289e-01
7.705307006835937500e-01
4.598435163497924805e-01
6.771122813224792480e-01
4.839891195297241211e-02
3.748622536659240723e-02
6.111691594123840332e-01
8.055146932601928711e-01
6.746337413787841797e-01
1.428380012512207031e-01
2.327204942703247070e-01
6.690987944602966309e-02
1.785206235945224762e-02
5.865668058395385742e-01
2.315050363540649414e-01
5.676209554076194763e-02
5.765078961849212646e-02
2.770207524299621582e-01
9.641576409339904785e-01
6.692731976509094238e-01
5.968111008405685425e-02
6.269826740026473999e-02
1.063460484147071838e-01
3.452965915203094482e-01
4.556721746921539307e-01
3.249689638614654541e-01
5.420911908149719238e-01
2.340978085994720459e-01
6.076601147651672363e-01
2.022606283426284790e-01
1.215006783604621887e-01
5.911568403244018555e-01
6.845770776271820068e-02
9.165606498718261719e-01
4.179650843143463135e-01
2.036026120185852051e-01
7.851441204547882080e-02
8.933309316635131836e-01
9.443319588899612427e-02
6.243309751152992249e-02
4.808353781700134277e-01
4.128098785877227783e-01
1.763103902339935303e-02
6.454686522483825684e-01
7.657019495964050293e-01
7.685742378234863281e-01
5.937180668115615845e-02
1.536679565906524658e-01
6.548900604248046875e-01
4.379993304610252380e-02
3.972234427928924561e-01
4.436221420764923096e-01
8.185850381851196289e-01
4.620986282825469971e-01
2.962758243083953857e-01
1.003139019012451172e-01
9.330815076828002930e-02
2.870100364089012146e-02
1.676617115736007690e-01
5.560572072863578796e-02
4.484279826283454895e-02
2.395094633102416992e-01
5.412834286689758301e-01
9.740528464317321777e-01
2.188545614480972290e-01
4.684085398912429810e-02
4.237139523029327393e-01
7.949809432029724121e-01
7.551214098930358887e-01
1.906500160694122314e-01
5.910718813538551331e-02
1.738535463809967041e-01
9.529785811901092529e-02
1.024172157049179077e-01
1.208385974168777466e-01
8.054342865943908691e-02
1.720824092626571655e-02
2.242366969585418701e-01
4.340227544307708740e-01
1.202990487217903137e-02
3.185693323612213135e-01
4.310743808746337891e-01
2.618515491485595703e-01
6.787014007568359375e-02
5.815224647521972656e-01
4.809044003486633301e-01
9.579145908355712891e-01
3.877068758010864258e-01
7.651548832654953003e-02
1.728160828351974487e-01
5.558540672063827515e-02
1.245516687631607056e-01
7.026246935129165649e-02
9.602812528610229492e-01
4.132882654666900635e-01
1.209763437509536743e-01
8.874425888061523438e-01
5.572147369384765625e-01
1.724230311810970306e-02
7.910085320472717285e-01
4.346722662448883057e-01
6.161746382713317871e-01
8.460515737533569336e-02
4.387601017951965332e-01
7.816867530345916748e-02
1.044872179627418518e-01
8.526706099510192871e-01
6.437152028083801270e-01
3.434392809867858887e-01
2.485647350549697876e-01
5.894835591316223145e-01
5.353400111198425293e-01
2.291492670774459839e-01
4.728916883468627930e-01
5.205006003379821777e-01
5.152744650840759277e-01
1.109932661056518555e-01
4.208826124668121338e-01
8.215856552124023438e-01
2.560483813285827637e-01
3.548414409160614014e-01
1.391451209783554077e-01
3.793455958366394043e-01
9.237708151340484619e-02
9.892740249633789062e-01
4.408316016197204590e-01
7.004454135894775391e-01
7.667456269264221191e-01
2.389472424983978271e-01
5.056141018867492676e-01
1.305587589740753174e-01
2.671890854835510254e-01
5.397751927375793457e-01
7.981748580932617188e-01
5.776638984680175781e-01
7.367173582315444946e-02
2.307725548744201660e-01
4.187191426753997803e-01
1.454663425683975220e-01
6.729910969734191895e-01
2.771834135055541992e-01
7.476598024368286133e-01
2.792237699031829834e-01
4.647402465343475342e-01
6.226888298988342285e-01
5.861387252807617188e-01
5.254277586936950684e-01
1.055213287472724915e-01
2.084750384092330933e-01
7.790454626083374023e-01
3.987294435501098633e-01
3.447988033294677734e-01
7.327721714973449707e-01
1.707451492547988892e-01
7.529798150062561035e-01
3.073348701000213623e-01
3.402141630649566650e-01
1.730318665504455566e-01
2.627146244049072266e-02
9.634740352630615234e-01
6.558804214000701904e-02
1.935762465000152588e-01
9.138069748878479004e-01
9.243950843811035156e-01
6.585805416107177734e-01
1.634872555732727051e-01
7.090760469436645508e-01
1.264971792697906494e-01
6.986478716135025024e-02
6.129280328750610352e-01
4.310470521450042725e-01
7.534310221672058105e-01
3.312632441520690918e-01
8.694444298744201660e-01
3.196426331996917725e-01
2.918853163719177246e-01
4.912131130695343018e-01
3.908344805240631104e-01
3.600293397903442383e-01
9.639212489128112793e-02
3.856377303600311279e-02
4.286850616335868835e-02
2.233828753232955933e-01
7.914197444915771484e-01
5.377762019634246826e-02
2.510336041450500488e-01
5.753317475318908691e-01
2.188903987407684326e-01
1.324564814567565918e-01
3.395521342754364014e-01
5.992925167083740234e-01
8.989790081977844238e-01
8.771110773086547852e-01
4.405128359794616699e-01
4.058315753936767578e-01
9.394823312759399414e-01
9.779006242752075195e-02
9.306597113609313965e-01
6.302044391632080078e-01
2.965803816914558411e-02
4.878814816474914551e-01
8.472028374671936035e-01
3.110289573669433594e-01
1.626853048801422119e-01
8.290153741836547852e-02
7.203047275543212891e-01
3.674648106098175049e-01
6.522475741803646088e-03
2.647600471973419189e-01
3.329029679298400879e-01
5.873407423496246338e-02
9.033102989196777344e-01
2.152897715568542480e-01
5.316429734230041504e-01
7.673718929290771484e-01
9.937104582786560059e-02
1.559373736381530762e-01
6.249577179551124573e-02
1.094030886888504028e-01
4.783112406730651855e-01
4.713432192802429199e-01
3.200116753578186035e-01
7.544208765029907227e-01
8.066043853759765625e-01
8.363661915063858032e-02
3.801743984222412109e-01
8.300201892852783203e-01
9.777647256851196289e-02
2.414385974407196045e-02
2.342424355447292328e-02
1.169856414198875427e-01
2.904456853866577148e-01
1.614985167980194092e-01
8.292917907238006592e-02
8.847670257091522217e-02
6.549733132123947144e-02
1.179485321044921875e-01
1.405897736549377441e-01
9.444445967674255371e-01
3.236003220081329346e-01
7.723441720008850098e-01
5.152254700660705566e-01
1.527793407440185547e-01
3.708089292049407959e-01
1.681347787380218506e-01
4.481105804443359375e-01
7.507591843605041504e-01
3.266686499118804932e-01
2.138110399246215820e-01
6.376593112945556641e-01
4.079836010932922363e-01
5.543178915977478027e-01
2.067859284579753876e-02
1.208301559090614319e-01
3.109206855297088623e-01
1.235794350504875183e-01
1.375449299812316895e-01
3.393306136131286621e-01
6.937897205352783203e-01
3.944449126720428467e-02
9.964992105960845947e-02
5.754802003502845764e-02
1.735702753067016602e-01
1.523951590061187744e-01
7.479709386825561523e-01
1.372442245483398438e-01
2.527453564107418060e-02
1.128899678587913513e-01
5.040538311004638672e-01
7.041854858398437500e-01
5.290470719337463379e-01
2.364319413900375366e-01
3.817058503627777100e-01
1.718197464942932129e-01
8.988522291183471680e-01
7.541868686676025391e-01
5.407924652099609375e-01
1.517318189144134521e-01
8.130673170089721680e-01
2.417399287223815918e-01
9.049826860427856445e-01
1.024814024567604065e-01
3.637854754924774170e-01
3.585917949676513672e-01
9.783096909523010254e-01
9.447460770606994629e-01
6.494413018226623535e-01
3.679283559322357178e-01
8.145317435264587402e-01
5.709909796714782715e-01
5.860611200332641602e-01
4.649480581283569336e-01
1.325498521327972412e-01
5.196208879351615906e-02
6.100227832794189453e-01
1.272743381559848785e-02
2.946876287460327148e-01
9.486344456672668457e-01
2.547947168350219727e-01
2.622126042842864990e-01
3.748514056205749512e-01
2.085490524768829346e-01
2.068635970354080200e-01
6.617599725723266602e-01
1.915927417576313019e-02
4.890422821044921875e-01
7.243180274963378906e-01
4.285261332988739014e-01
2.585784196853637695e-01
1.013520210981369019e-01
6.259882450103759766e-01
2.048714011907577515e-01
4.414048790931701660e-02
3.708107769489288330e-01
8.307213187217712402e-01
1.930121146142482758e-02
7.312241196632385254e-01
6.656000018119812012e-01
4.572257399559020996e-01
1.029289364814758301e-01
5.202456116676330566e-01
1.898667216300964355e-01
4.275154471397399902e-01
4.270119369029998779e-01
8.947698026895523071e-02
3.376504778861999512e-02
6.332369148731231689e-02
9.613754749298095703e-01
3.285374939441680908e-01
3.765439987182617188e-02
3.792004287242889404e-01
1.295511126518249512e-01
2.036962658166885376e-01
8.188075423240661621e-01
4.485431313514709473e-01
8.832411468029022217e-02
9.401569366455078125e-01
9.230573177337646484e-01
5.288137793540954590e-01
8.757373094558715820e-01
3.043567240238189697e-01
5.682098865509033203e-01
5.115581676363945007e-02
1.969780325889587402e-01
3.468464612960815430e-01
4.246798157691955566e-01
8.008301258087158203e-02
5.834025889635086060e-02
1.788647770881652832e-01
5.313321948051452637e-01
5.348119735717773438e-01
5.120072960853576660e-01
1.635897532105445862e-02
3.957955241203308105e-01
2.151871323585510254e-01
1.033308580517768860e-01
4.871343970298767090e-01
1.019510924816131592e-01
8.812415003776550293e-01
1.587525308132171631e-01
8.330437541007995605e-01
3.366158604621887207e-01
1.330606341361999512e-01
9.375780820846557617e-01
1.432975940406322479e-02
1.535176783800125122e-01
5.519939959049224854e-02
1.566688716411590576e-01
9.672731161117553711e-01
1.299672126770019531e-01
2.906396985054016113e-01
9.281304478645324707e-01
7.635085582733154297e-01
3.300302326679229736e-01
1.934902369976043701e-01
7.018354535102844238e-01
7.556338906288146973e-01
4.503758549690246582e-01
2.150130867958068848e-01
1.735788881778717041e-01
1.269317567348480225e-01
7.818264365196228027e-01
8.233597874641418457e-02
8.560758084058761597e-02
3.958776593208312988e-01
5.397046208381652832e-01
2.314687967300415039e-01
3.156718909740447998e-01
4.193989038467407227e-01
7.153103351593017578e-01
2.515780366957187653e-02
7.690993696451187134e-02
4.461560398340225220e-02
1.277981400489807129e-01
2.078701853752136230e-01
1.311840713024139404e-01
2.927760481834411621e-01
2.719917893409729004e-01
5.373185276985168457e-01
1.298123300075531006e-01
1.984492838382720947e-01
7.646261155605316162e-02
2.517802119255065918e-01
8.010436594486236572e-02
5.532721281051635742e-01
6.117743253707885742e-01
2.659810781478881836e-01
9.881597012281417847e-02
7.085145115852355957e-01
5.728508234024047852e-01
3.654846251010894775e-01
4.337985813617706299e-01
8.136857748031616211e-01
2.038293480873107910e-01
1.975013688206672668e-02
8.340986073017120361e-02
4.632934629917144775e-01
8.460350632667541504e-01
5.477623343467712402e-01
8.657393455505371094e-01
4.963271692395210266e-02
1.270013749599456787e-01
1.365769505500793457e-01
4.005636274814605713e-01
1.328107118606567383e-01
7.022003084421157837e-02
3.878936767578125000e-01
1.967492848634719849e-01
6.566586494445800781e-01
5.681533813476562500e-01
5.071821063756942749e-02
3.472235202789306641e-01
3.246643841266632080e-01
3.558152914047241211e-02
7.287833094596862793e-01
9.805870056152343750e-01
9.710167646408081055e-01
9.889585897326469421e-03
5.087969079613685608e-02
6.708590686321258545e-02
1.060175076127052307e-01
8.448404073715209961e-01
8.300073146820068359e-01
5.363830924034118652e-01
2.916020750999450684e-01
4.444739222526550293e-01
5.740170925855636597e-02
7.049955129623413086e-01
7.138965725898742676e-01
1.066723391413688660e-01
2.428322732448577881e-01
4.057368636131286621e-02
1.502364277839660645e-01
1.758771091699600220e-01
7.369488477706909180e-02
6.525563597679138184e-01
6.283006072044372559e-01
8.616921901702880859e-01
2.788920104503631592e-01
2.217442244291305542e-01
1.650300323963165283e-01
8.905149102210998535e-01
3.865738958120346069e-02
5.841233134269714355e-01
2.924330830574035645e-01
8.487806916236877441e-01
6.684656739234924316e-01
1.983897387981414795e-01
8.881435394287109375e-01
6.744014471769332886e-02
4.828603267669677734e-01
4.689327627420425415e-02
4.219793379306793213e-01
2.306176722049713135e-01
2.706033885478973389e-01
8.980989456176757812e-01
7.014626860618591309e-01
8.903980851173400879e-01
5.251861810684204102e-01
4.019079208374023438e-01
4.722091928124427795e-02
2.305546104907989502e-01
5.966533422470092773e-01
1.850550994277000427e-02
1.534468680620193481e-01
9.638599306344985962e-02
8.710611462593078613e-01
7.253455519676208496e-01
1.935834884643554688e-01
7.812287211418151855e-01
4.104192554950714111e-02
6.593893468379974365e-02
2.521439194679260254e-01
8.744634389877319336e-01
4.952489733695983887e-01
9.373052716255187988e-01
7.678090333938598633e-01
2.101293802261352539e-01
5.589728951454162598e-01
4.986908435821533203e-01
2.757364213466644287e-01
3.025897145271301270e-01
3.497986197471618652e-01
1.248956844210624695e-01
2.587618827819824219e-01
8.842467069625854492e-01
2.674770727753639221e-02
3.980123251676559448e-02
7.383930683135986328e-01
2.343540824949741364e-02
5.746029019355773926e-01
8.743781447410583496e-01
3.946534544229507446e-02
2.156855762004852295e-01
2.952979132533073425e-02
4.025831222534179688e-01
8.001598119735717773e-01
5.079892873764038086e-01
2.213395237922668457e-01
1.686820685863494873e-01
5.644430220127105713e-02
1.913616359233856201e-01
3.719120025634765625e-01
9.156627207994461060e-02
5.942156910896301270e-01
7.581227421760559082e-01
3.725432753562927246e-01
4.134222567081451416e-01
2.961434796452522278e-02
4.309459328651428223e-01
5.409751832485198975e-02
6.889921426773071289e-01
8.564703911542892456e-02
2.230846881866455078e-01
2.033743113279342651e-01
1.204667687416076660e-01
8.878040909767150879e-01
4.297990202903747559e-01
6.281602978706359863e-01
2.971779108047485352e-01
6.037515997886657715e-01
4.720214307308197021e-01
4.220266044139862061e-01
6.496718525886535645e-01
1.268404871225357056e-01
1.244899854063987732e-01
6.348217725753784180e-01
7.168414443731307983e-02
1.841008663177490234e-01
5.120764374732971191e-01
2.034733295440673828e-01
3.085818327963352203e-02
8.218762874603271484e-01
3.030571341514587402e-01
7.829929143190383911e-02
1.278754025697708130e-01
2.195165008306503296e-01
7.689791731536388397e-03
3.364093303680419922e-01
9.565426111221313477e-01
1.336214840412139893e-01
2.368208020925521851e-01
2.755562961101531982e-02
1.079314574599266052e-01
3.802094161510467529e-01
9.618044644594192505e-02
5.480976700782775879e-01
2.942016720771789551e-01
1.005470752716064453e-01
6.719296574592590332e-01
4.330602586269378662e-01
4.784819781780242920e-01
1.664452105760574341e-01
2.751715183258056641e-01
8.247230201959609985e-02
3.268937468528747559e-01
8.799883723258972168e-02
2.716535925865173340e-01
9.535285830497741699e-01
5.972917675971984863e-01
5.700470805168151855e-01
1.707082390785217285e-01
5.306320190429687500e-01
1.726121455430984497e-02
1.694823503494262695e-01
5.881402269005775452e-02
5.353217199444770813e-02
4.826448857784271240e-01
2.014552801847457886e-01
2.550225257873535156e-01
2.827680408954620361e-01
1.285894364118576050e-01
7.920492887496948242e-01
7.145560532808303833e-02
1.297091096639633179e-01
9.306035041809082031e-01
4.857102334499359131e-01
7.690891027450561523e-01
2.382218465209007263e-02
2.339655607938766479e-01
6.166930198669433594e-01
1.573262177407741547e-02
9.799701571464538574e-01
3.474220037460327148e-01
8.722156286239624023e-01
4.149674996733665466e-02
7.535707354545593262e-01
9.073520302772521973e-01
3.159186616539955139e-02
6.270080804824829102e-02
3.427554666996002197e-01
5.889801979064941406e-01
4.280354082584381104e-01
4.683775603771209717e-01
3.002664446830749512e-01
1.979313194751739502e-01
4.984035715460777283e-02
5.885957479476928711e-01
9.663731455802917480e-01
5.285599827766418457e-01
1.665744036436080933e-01
8.165826797485351562e-01
4.919486045837402344e-01
2.526387870311737061e-01
3.247066959738731384e-02
4.107800722122192383e-01
6.603443622589111328e-02
1.039058528840541840e-02
7.421268522739410400e-02
5.710103735327720642e-02
1.188805475831031799e-01
5.517056584358215332e-01
5.975262522697448730e-01
4.166661798954010010e-01
3.037819080054759979e-02
7.266560196876525879e-01
9.555999189615249634e-03
4.369767755270004272e-02
9.745255857706069946e-02
6.168819069862365723e-01
4.638982117176055908e-01
7.246623933315277100e-02
5.646105110645294189e-02
2.435474842786788940e-01
1.629730165004730225e-01
2.292497642338275909e-02
5.844585299491882324e-01
4.732371270656585693e-01
1.158334538340568542e-01
1.932465881109237671e-01
8.371431380510330200e-02
7.557585239410400391e-01
2.263755500316619873e-01
9.006513953208923340e-01
3.021490275859832764e-01
5.955139994621276855e-01
3.854848146438598633e-01
2.414690107107162476e-01
1.365617960691452026e-01
4.663012921810150146e-01
8.540172576904296875e-01
5.317640304565429688e-01
7.449567317962646484e-01
7.396307587623596191e-02
1.527614593505859375e-01
8.188598155975341797e-01
8.892821669578552246e-01
7.492075115442276001e-02
1.214369200170040131e-02
2.239879816770553589e-01
2.079384624958038330e-01
2.626359760761260986e-01
3.481227159500122070e-01
4.287226498126983643e-01
2.324914373457431793e-02
4.323134422302246094e-01
2.342563122510910034e-01
2.179084718227386475e-01
2.253276705741882324e-01
5.515565872192382812e-01
7.340278476476669312e-02
6.032176315784454346e-02
8.023153990507125854e-02
1.793565303087234497e-01
1.570097655057907104e-01
3.863822668790817261e-02
1.292748153209686279e-01
8.707733154296875000e-01
1.706790328025817871e-01
9.057101607322692871e-01
2.081555277109146118e-01
3.881558775901794434e-01
8.437637090682983398e-01
4.053315222263336182e-01
8.643163740634918213e-02
8.921465873718261719e-01
1.794086098670959473e-01
6.252457499504089355e-01
4.345608353614807129e-01
2.966436743736267090e-01
1.759406179189682007e-01
5.427920818328857422e-02
1.294995099306106567e-01
6.274933218955993652e-01
1.073727682232856750e-01
1.454188823699951172e-01
4.559088349342346191e-01
1.397402137517929077e-01
3.537186235189437866e-02
2.301823496818542480e-01
4.037678539752960205e-01
6.995645165443420410e-01
8.084191679954528809e-01
4.334194958209991455e-02
5.409356355667114258e-01
7.590304017066955566e-01
1.450070738792419434e-01
9.970656037330627441e-02
1.515830308198928833e-01
1.647052168846130371e-01
9.356879629194736481e-03
4.521587491035461426e-01
9.907075017690658569e-02
3.003537952899932861e-01
8.648000657558441162e-03
3.996081948280334473e-01
5.808687210083007812e-01
1.071992665529251099e-01
2.213966548442840576e-01
8.384618908166885376e-02
6.092430949211120605e-01
9.178644418716430664e-01
2.004160732030868530e-01
1.677778661251068115e-01
3.841818869113922119e-01
6.804949641227722168e-01
1.049659326672554016e-01
7.571566700935363770e-01
3.690977990627288818e-01
6.413637995719909668e-01
3.098860010504722595e-02
7.686724513769149780e-02
1.005182564258575439e-01
1.146897897124290466e-01
5.138955637812614441e-02
1.312964260578155518e-01
2.502411976456642151e-02
7.570742368698120117e-01
8.557720780372619629e-01
2.826776802539825439e-01
1.046923547983169556e-01
1.145892366766929626e-01
3.757408261299133301e-02
2.546223104000091553e-01
6.920292377471923828e-01
5.938682556152343750e-01
3.605903387069702148e-01
2.856008894741535187e-02
1.598989665508270264e-01
1.752292066812515259e-01
4.628320038318634033e-02
5.351070165634155273e-01
9.882899522781372070e-01
4.221669137477874756e-01
2.268951199948787689e-02
9.820322990417480469e-01
9.663231670856475830e-02
6.711596846580505371e-01
9.081742167472839355e-02
8.529909253120422363e-01
6.951579451560974121e-01
1.392193287611007690e-01
5.062365531921386719e-01
3.367544338107109070e-02
7.317279577255249023e-01
9.428408741950988770e-01
8.681505322456359863e-01
9.440240263938903809e-01
9.150894880294799805e-01
4.976435750722885132e-02
3.740889728069305420e-01
4.380859807133674622e-02
1.184929832816123962e-01
5.317942500114440918e-01
1.304156184196472168e-01
3.386383354663848877e-01
4.267970323562622070e-01
2.359049022197723389e-01
1.962526738643646240e-01
3.101727664470672607e-01
6.617392301559448242e-01
7.967306673526763916e-02
1.147389933466911316e-01
6.168856620788574219e-01
7.161524295806884766e-01
7.060482352972030640e-02
7.311382889747619629e-01
6.656649708747863770e-01
1.412385106086730957e-01
2.219735682010650635e-01
5.479537844657897949e-01
4.355577006936073303e-02
6.577568054199218750e-01
6.095920801162719727e-01
1.112363860011100769e-01
6.900395750999450684e-01
3.241470456123352051e-01
1.949788182973861694e-01
1.479781866073608398e-01
6.110194921493530273e-01
5.490303039550781250e-02
1.509122550487518311e-01
7.848744988441467285e-01
9.841939806938171387e-02
5.049155950546264648e-01
1.962165720760822296e-02
1.424064300954341888e-02
1.622767746448516846e-01
4.482388496398925781e-01
7.521911263465881348e-01
5.475016236305236816e-01
4.573553204536437988e-01
2.945251166820526123e-01
6.923023462295532227e-01
2.206137478351593018e-01
3.309982270002365112e-02
3.132783621549606323e-02
2.123815566301345825e-01
8.509019017219543457e-02
4.655227065086364746e-01
2.317233532667160034e-01
7.281352877616882324e-01
8.831809461116790771e-02
2.183912098407745361e-01
8.679604530334472656e-01
9.038849472999572754e-01
8.305749893188476562e-01
2.587232589721679688e-01
5.772411823272705078e-01
4.763882160186767578e-01
2.327903732657432556e-02
6.341007351875305176e-02
1.757250428199768066e-01
7.782737910747528076e-02
7.140841335058212280e-02
5.898367166519165039e-01
9.320748448371887207e-01
2.116782963275909424e-01
4.908072203397750854e-02
2.307320013642311096e-02
5.148957371711730957e-01
3.123331069946289062e-01
7.609719038009643555e-02
5.523833632469177246e-01
2.098799198865890503e-01
6.668898463249206543e-01
2.118703722953796387e-01
3.959947824478149414e-01
8.131060749292373657e-02
9.354526400566101074e-01
1.742705330252647400e-02
4.017307162284851074e-01
9.528023004531860352e-01
4.155281558632850647e-02
1.587471365928649902e-01
5.346244946122169495e-02
1.856988072395324707e-01
9.356088042259216309e-01
3.001252114772796631e-01
6.325641274452209473e-02
3.980856239795684814e-01
8.666197061538696289e-01
5.247743725776672363e-01
1.020952984690666199e-01
5.427890419960021973e-01
7.899172604084014893e-02
5.904242396354675293e-01
4.746412634849548340e-01
1.882227882742881775e-02
7.659901976585388184e-01
8.820939064025878906e-02
5.662202835083007812e-02
3.187305331230163574e-01
1.215269118547439575e-01
9.695403277873992920e-02
6.616380810737609863e-01
6.511056423187255859e-01
6.006228327751159668e-01
9.814314544200897217e-02
7.989524006843566895e-01
1.087640449404716492e-01
9.388661384582519531e-01
1.502165496349334717e-01
6.714953184127807617e-01
8.741345405578613281e-01
2.864637374877929688e-01
8.130348324775695801e-01
9.031901359558105469e-01
3.917932510375976562e-02
3.485585451126098633e-01
7.734321951866149902e-01
1.068052798509597778e-01
7.426461577415466309e-02
7.326882481575012207e-01
4.461361169815063477e-01
7.472219318151473999e-02
2.770980000495910645e-01
6.570024788379669189e-02
1.325893253087997437e-01
1.513139903545379639e-01
8.458253741264343262e-01
7.728612422943115234e-02
1.390335857868194580e-01
4.641739130020141602e-01
2.408469915390014648e-01
8.035562038421630859e-01
1.379931122064590454e-01
1.626952588558197021e-01
7.404767721891403198e-02
9.191346168518066406e-01
1.793414056301116943e-01
3.225390017032623291e-01
7.938451319932937622e-02
8.713828772306442261e-02
3.004632890224456787e-01
4.002225995063781738e-01
4.025315642356872559e-01
2.387920022010803223e-01
3.432226181030273438e-01
8.705212175846099854e-02
9.537731111049652100e-02
8.579449653625488281e-01
2.798316776752471924e-01
5.121709108352661133e-01
5.565199255943298340e-01
5.021461099386215210e-02
1.353799402713775635e-01
4.364108741283416748e-01
6.359694004058837891e-01
2.367888092994689941e-01
1.360237598419189453e-01
9.373247623443603516e-01
5.472105145454406738e-01
3.791583180427551270e-01
4.232219234108924866e-02
1.755775362253189087e-01
5.889934301376342773e-01
3.822151198983192444e-02
8.960105180740356445e-01
3.425778746604919434e-01
8.117167949676513672e-01
6.747854948043823242e-01
1.438219100236892700e-01
8.121542930603027344e-01
6.597287654876708984e-01
2.665526568889617920e-01
5.623538494110107422e-01
5.623006224632263184e-01
1.178977116942405701e-01
9.143234044313430786e-02
1.903015002608299255e-02
2.809826098382472992e-02
7.616736888885498047e-01
2.763935327529907227e-01
4.304194152355194092e-01
5.713457465171813965e-01
2.310316860675811768e-01
1.215053945779800415e-01
1.462455466389656067e-02
2.217222452163696289e-01
5.940606594085693359e-01
1.582165360450744629e-01
6.552631407976150513e-02
7.538347244262695312e-01
4.066833257675170898e-01
5.333884358406066895e-01
6.891228258609771729e-03
2.721584402024745941e-02
7.044441252946853638e-02
7.555577158927917480e-01
6.872977018356323242e-01
6.899085044860839844e-01
2.062606215476989746e-01
7.597898840904235840e-01
3.264137506484985352e-01
8.202537894248962402e-02
3.697026669979095459e-01
6.571040302515029907e-02
1.315773725509643555e-01
2.513330578804016113e-01
9.026042371988296509e-02
1.096807047724723816e-01
7.068875432014465332e-01
3.756943941116333008e-01
3.005611598491668701e-01
3.161943256855010986e-01
1.522778570652008057e-01
5.560125410556793213e-02
4.155265688896179199e-01
4.334324300289154053e-01
1.497975271195173264e-02
8.836755156517028809e-02
7.971091270446777344e-01
9.101097583770751953e-01
2.225256115198135376e-01
3.300362080335617065e-02
3.627063930034637451e-01
6.224611997604370117e-01
8.255695104598999023e-01
8.570493459701538086e-01
5.352640151977539062e-01
4.543447121977806091e-02
7.385908365249633789e-01
3.239346668124198914e-02
1.707637608051300049e-01
6.687352061271667480e-01
1.770135909318923950e-01
1.286068111658096313e-01
9.261499643325805664e-01
5.997627973556518555e-02
1.404571533203125000e-01
5.694775581359863281e-01
5.438457131385803223e-01
4.643025249242782593e-02
9.998601675033569336e-02
2.392264008522033691e-01
2.031542807817459106e-01
9.280786514282226562e-01
7.099298834800720215e-01
7.982349395751953125e-01
3.879528045654296875e-01
2.516224607825279236e-02
1.095515638589859009e-01
5.398488640785217285e-01
2.560653090476989746e-01
4.876161515712738037e-01
9.250682592391967773e-01
4.222787916660308838e-01
5.172904133796691895e-01
5.838585495948791504e-01
6.089426279067993164e-01
3.266573250293731689e-01
1.260499507188796997e-01
4.222608208656311035e-01
7.959766983985900879e-01
5.905990600585937500e-01
9.223636388778686523e-01
9.365695118904113770e-01
3.871679306030273438e-01
4.199775308370590210e-02
4.817302227020263672e-01
3.685270249843597412e-01
6.101964712142944336e-01
9.516161680221557617e-01
6.057584881782531738e-01
8.650566637516021729e-02
4.822278022766113281e-01
9.405317902565002441e-02
3.288312554359436035e-01
1.403881050646305084e-02
2.220520824193954468e-01
4.771912395954132080e-01
5.140967369079589844e-01
4.633823782205581665e-02
7.460082173347473145e-01
2.913337573409080505e-02
2.314684987068176270e-01
5.226578116416931152e-01
2.376335859298706055e-01
3.815550357103347778e-02
5.147460699081420898e-01
8.815322071313858032e-02
3.612219691276550293e-01
1.903987228870391846e-01
2.709558606147766113e-02
1.711428463459014893e-01
1.522032357752323151e-02
6.603224575519561768e-02
1.454175263643264771e-02
5.019577145576477051e-01
4.176087975502014160e-01
7.802350521087646484e-01
2.530301809310913086e-01
3.095923662185668945e-01
7.781511545181274414e-01
3.601085022091865540e-02
5.751206278800964355e-01
7.411420941352844238e-01
1.694333702325820923e-01
7.201806902885437012e-01
3.496061563491821289e-01
4.165424406528472900e-01
7.948808372020721436e-02
1.347125601023435593e-02
5.924769043922424316e-01
1.806554496288299561e-01
7.572798132896423340e-01
5.441477298736572266e-01
2.722817473113536835e-02
1.283634901046752930e-01
3.832566365599632263e-02
8.015503287315368652e-01
6.938127875328063965e-01
4.047845005989074707e-01
3.192691206932067871e-01
1.888091713190078735e-01
1.827367097139358521e-01
6.465070247650146484e-01
7.102503776550292969e-01
1.445775181055068970e-01
4.729644954204559326e-01
8.479405641555786133e-01
1.573504209518432617e-01
7.060720920562744141e-01
6.616874933242797852e-01
3.890306651592254639e-01
8.312072753906250000e-01
1.431451588869094849e-01
2.208801656961441040e-01
4.652623534202575684e-01
1.436216533184051514e-01
5.859293788671493530e-02
2.843298912048339844e-01
9.219365119934082031e-01
9.019960761070251465e-01
5.162506699562072754e-01
2.085717022418975830e-02
1.254483759403228760e-01
6.400432586669921875e-01
5.744117498397827148e-02
6.513977795839309692e-02
3.311116099357604980e-01
7.418897151947021484e-01
7.040550708770751953e-01
2.685576677322387695e-01
5.219091475009918213e-02
2.828667163848876953e-01
1.875041052699089050e-02
1.193549484014511108e-02
3.106499016284942627e-01
5.970841646194458008e-01
6.718114614486694336e-01
8.357695937156677246e-01
3.190582096576690674e-01
1.036454662680625916e-01
6.026693433523178101e-02
7.918664813041687012e-02
1.665635108947753906e-01
8.959938883781433105e-01
3.883093595504760742e-02
5.435446500778198242e-01
1.924494504928588867e-01
3.068437986075878143e-02
1.090474873781204224e-01
3.196995854377746582e-01
1.972407847642898560e-01
8.217910528182983398e-01
5.989481508731842041e-02
6.650689840316772461e-01
9.999967366456985474e-02
6.996349096298217773e-01
1.556617468595504761e-01
3.515568003058433533e-02
1.745472997426986694e-01
1.233837287873029709e-02
4.318131804466247559e-01
8.584835380315780640e-02
1.831034123897552490e-01
5.803455784916877747e-02
1.120147109031677246e-01
4.446882009506225586e-01
6.477660536766052246e-01
8.966815471649169922e-01
1.588605940341949463e-01
3.251542448997497559e-01
6.950137019157409668e-02
3.783755004405975342e-01
1.478564552962779999e-02
6.566674709320068359e-01
8.854633569717407227e-01
2.304749786853790283e-01
2.923804894089698792e-02
1.741314530372619629e-01
5.285982489585876465e-01
7.514618039131164551e-01
9.382648766040802002e-02
8.671000003814697266e-01
2.429815232753753662e-01
7.495754957199096680e-01
1.052614226937294006e-01
3.980104029178619385e-01
9.162535667419433594e-01
5.081264972686767578e-01
9.671792387962341309e-02
7.853938341140747070e-01
9.905194491147994995e-02
7.266821265220642090e-01
4.568128883838653564e-01
7.200812101364135742e-01
5.095802247524261475e-02
8.585594892501831055e-01
7.902424931526184082e-01
7.172079682350158691e-01
1.078511700034141541e-01
5.839895457029342651e-02
1.160740554332733154e-01
8.561410307884216309e-01
4.382276535034179688e-01
9.931051731109619141e-02
7.142400145530700684e-01
9.558614492416381836e-01
7.467592954635620117e-01
1.045909225940704346e-01
4.383168816566467285e-01
4.587145447731018066e-01
2.245079427957534790e-01
7.947135716676712036e-02
1.341103911399841309e-01
2.255522646009922028e-02
7.123877853155136108e-02
1.186220645904541016e-01
3.229447007179260254e-01
1.433306336402893066e-01
1.592770367860794067e-01
1.109158769249916077e-01
7.896400690078735352e-01
5.944783687591552734e-01
7.582406997680664062e-01
8.560031056404113770e-01
8.475857973098754883e-01
6.952130198478698730e-01
1.985175311565399170e-01
4.373470321297645569e-02
3.964954018592834473e-01
9.594002962112426758e-01
3.695243299007415771e-01
7.453882098197937012e-01
7.237999886274337769e-02
1.084794327616691589e-01
2.052805945277214050e-02
5.609326362609863281e-01
1.270786076784133911e-01
1.633069217205047607e-01
6.330040097236633301e-02
5.163924098014831543e-01
9.329192638397216797e-01
5.144347548484802246e-01
6.349987387657165527e-01
4.507862925529479980e-01
1.316472887992858887e-01
4.760767221450805664e-01
5.218316912651062012e-01
8.519408851861953735e-02
8.864728212356567383e-01
1.859888136386871338e-01
3.882198929786682129e-01
1.879412680864334106e-01
7.786594033241271973e-01
3.698723614215850830e-01
5.603642463684082031e-01
9.396283030509948730e-01
1.680028587579727173e-01
2.937365174293518066e-01
4.012044966220855713e-01
8.909555077552795410e-01
7.176862657070159912e-02
5.354988202452659607e-02
6.704144477844238281e-01
8.028945922851562500e-01
2.150819078087806702e-02
4.285914823412895203e-02
2.030725032091140747e-01
4.417295455932617188e-01
4.494383037090301514e-01
1.521257162094116211e-01
4.336512461304664612e-02
6.361563205718994141e-01
3.895373642444610596e-01
9.223318845033645630e-02
1.212201192975044250e-01
5.827944874763488770e-01
2.098602354526519775e-01
1.918895691633224487e-01
6.369382143020629883e-01
5.441483855247497559e-01
1.986278742551803589e-01
4.290392994880676270e-01
1.927746236324310303e-01
6.138011813163757324e-01
1.369580179452896118e-01
9.858660101890563965e-01
2.520720101892948151e-02
4.130432009696960449e-02
4.935348778963088989e-02
3.632831573486328125e-02
4.779058396816253662e-01
3.029839992523193359e-01
4.524649977684020996e-01
8.931971788406372070e-01
4.243802279233932495e-02
1.417562514543533325e-01
5.168660879135131836e-01
1.011752262711524963e-01
3.364245891571044922e-01
2.652369141578674316e-01
4.219798445701599121e-01
2.703665494918823242e-01
6.952542662620544434e-01
2.367391735315322876e-01
3.440784811973571777e-01
4.661462306976318359e-01
1.655939966440200806e-01
4.090145528316497803e-01
2.895560860633850098e-01
2.975731194019317627e-01
4.890097677707672119e-01
8.250992000102996826e-02
9.904760718345642090e-01
3.118260204792022705e-01
4.622629284858703613e-02
7.537667453289031982e-02
2.710177935659885406e-02
4.311264753341674805e-01
7.149347662925720215e-01
6.216996535658836365e-02
9.416165947914123535e-01
2.647903263568878174e-01
2.130823284387588501e-01
7.955256700515747070e-01
1.060674786567687988e-01
4.862581938505172729e-02
1.843376457691192627e-01
1.386869549751281738e-01
3.622649013996124268e-01
2.489382922649383545e-01
8.561076521873474121e-01
1.227963194251060486e-01
7.874237298965454102e-01
9.115067720413208008e-01
1.083565596491098404e-02
8.338976502418518066e-01
3.954428136348724365e-01
4.607816040515899658e-02
8.300115466117858887e-01
5.636261105537414551e-01
1.563918590545654297e-01
4.137100577354431152e-01
3.689614236354827881e-01
1.530310958623886108e-01
5.739355087280273438e-01
9.224043488502502441e-01
5.255172848701477051e-01
1.117902696132659912e-01
6.777893900871276855e-01
6.670567393302917480e-01
6.631581187248229980e-01
2.067346721887588501e-01
1.096286699175834656e-01
5.143296122550964355e-01
7.690919041633605957e-01
6.093624234199523926e-01
8.130515813827514648e-01
6.317847371101379395e-01
2.543548643589019775e-01
2.420871555805206299e-01
1.968773901462554932e-01
1.496417522430419922e-01
3.585655689239501953e-01
7.201932668685913086e-01
1.864008307456970215e-01
4.242388010025024414e-01
5.483576655387878418e-02
1.333035230636596680e-01
9.491121023893356323e-02
4.831950962543487549e-01
4.540971219539642334e-01
2.153239846229553223e-01
8.410356193780899048e-02
4.938336610794067383e-01
2.004100084304809570e-01
3.511971533298492432e-01
8.423309028148651123e-02
4.767234623432159424e-01
6.450020521879196167e-02
2.090868949890136719e-01
4.786850512027740479e-02
5.225688815116882324e-01
9.792793393135070801e-01
5.566869974136352539e-01
3.587482869625091553e-01
9.697655439376831055e-01
8.274551630020141602e-01
1.892948150634765625e-01
8.202114701271057129e-01
5.903988480567932129e-01
3.621643185615539551e-01
2.532749176025390625e-01
1.396768689155578613e-01
3.221225142478942871e-01
9.763598442077636719e-02
7.686631083488464355e-01
8.298894017934799194e-02
1.284583061933517456e-01
3.039241135120391846e-01
3.009251058101654053e-01
8.409225344657897949e-01
3.734604641795158386e-02
3.653460741043090820e-01
7.907065749168395996e-02
3.439091444015502930e-01
3.947925567626953125e-01
5.950506329536437988e-01
4.422284290194511414e-02
2.497456967830657959e-01
5.210895836353302002e-02
1.242076680064201355e-01
2.055264413356781006e-01
9.375466108322143555e-01
5.473877191543579102e-01
7.612670660018920898e-01
1.883966103196144104e-02
7.322098612785339355e-01
7.476451992988586426e-01
3.311483561992645264e-01
9.326014518737792969e-01
1.381813585758209229e-01
6.170206069946289062e-01
2.906858623027801514e-01
7.012060880661010742e-01
6.624992489814758301e-01
2.595968246459960938e-01
1.326101124286651611e-01
6.127589941024780273e-01
2.530302703380584717e-01
6.593840122222900391e-01
7.828831076622009277e-01
1.916752755641937256e-01
7.432739138603210449e-01
2.669103257358074188e-02
4.268871247768402100e-02
1.477003246545791626e-01
9.714039564132690430e-01
4.657946825027465820e-01
2.656422853469848633e-01
6.198010444641113281e-01
6.049932241439819336e-01
3.147936761379241943e-01
8.786564320325851440e-02
6.094676256179809570e-01
5.522235482931137085e-02
5.084076523780822754e-02
1.798139661550521851e-01
4.711394906044006348e-01
1.739980876445770264e-01
1.796221733093261719e-01
4.300475716590881348e-01
3.056900501251220703e-01
4.270950853824615479e-01
6.942790746688842773e-01
5.533704757690429688e-01
4.960005581378936768e-01
1.339867562055587769e-01
7.639461010694503784e-02
8.121343255043029785e-01
4.265772923827171326e-02
4.775032997131347656e-01
5.431589484214782715e-02
2.066798508167266846e-01
5.900155305862426758e-01
1.120686158537864685e-01
9.013571143150329590e-01
8.340197801589965820e-01
8.979734778404235840e-02
2.236143648624420166e-01
3.926723301410675049e-01
4.549165368080139160e-01
7.419564723968505859e-01
3.932619988918304443e-01
7.396585941314697266e-01
3.109169192612171173e-02
5.972084403038024902e-02
3.264566659927368164e-01
7.423485815525054932e-02
4.057360813021659851e-02
8.796858042478561401e-02
4.123423993587493896e-02
1.019483506679534912e-01
1.205655653029680252e-02
7.084345817565917969e-02
4.879519939422607422e-01
9.232814908027648926e-01
3.946714997291564941e-01
4.500393271446228027e-01
1.222348958253860474e-01
3.731469511985778809e-01
6.065080314874649048e-02
9.420915246009826660e-01
2.871232032775878906e-01
8.065555691719055176e-01
1.011889725923538208e-01
7.602808475494384766e-01
7.673940807580947876e-02
2.979321181774139404e-01
6.546617746353149414e-01
7.213343381881713867e-01
6.484091281890869141e-02
5.251250863075256348e-01
7.993305921554565430e-01
2.492274045944213867e-01
8.300818502902984619e-02
2.654239535331726074e-02
6.280223131179809570e-01
3.369016051292419434e-01
8.980751037597656250e-01
2.959158122539520264e-01
7.856176048517227173e-02
1.863329112529754639e-01
6.229844689369201660e-01
1.472714990377426147e-01
5.392985343933105469e-01
4.187119752168655396e-02
1.178997233510017395e-01
5.634410381317138672e-01
3.110350072383880615e-01
1.544289849698543549e-02
1.363547742366790771e-01
1.189631149172782898e-01
6.355408430099487305e-01
3.093086481094360352e-01
3.711847960948944092e-01
9.482299089431762695e-01
2.435611188411712646e-01
8.658674359321594238e-01
5.354787111282348633e-01
5.194542184472084045e-02
7.726346850395202637e-01
1.831944286823272705e-01
7.058662176132202148e-01
5.289658308029174805e-01
9.487230330705642700e-02
2.097759395837783813e-01
1.357958763837814331e-01
3.561220467090606689e-01
3.400167077779769897e-02
1.130131706595420837e-01
7.530107498168945312e-01
6.008079648017883301e-01
1.942636370658874512e-01
6.011894941329956055e-01
5.618977919220924377e-02
2.399031072854995728e-02
3.325195610523223877e-01
5.519936084747314453e-01
3.429227694869041443e-02
7.947802543640136719e-01
3.610464334487915039e-01
1.542117446660995483e-01
2.163853943347930908e-01
3.177040517330169678e-01
6.558077931404113770e-01
2.319836914539337158e-01
6.043335050344467163e-02
4.663544297218322754e-01
1.110433861613273621e-01
2.195515930652618408e-01
9.412964582443237305e-01
2.203604429960250854e-01
9.367038011550903320e-01
3.667052090167999268e-01
5.414234995841979980e-01
5.185247063636779785e-01
8.561916649341583252e-02
8.141613602638244629e-01
5.061249807476997375e-02
6.249757409095764160e-01
9.208591580390930176e-01
1.397076547145843506e-01
6.335174292325973511e-02
2.342002689838409424e-01
9.296247363090515137e-01
1.614809930324554443e-01
1.109350286424160004e-02
8.391305208206176758e-01
8.454474210739135742e-01
8.126649856567382812e-01
3.535323739051818848e-01
5.813356041908264160e-01
5.297583714127540588e-02
1.561152935028076172e-01
3.540789186954498291e-01
8.701395988464355469e-02
5.165567994117736816e-02
5.527169108390808105e-01
4.452107250690460205e-01
6.960280984640121460e-02
1.633796282112598419e-02
2.617419958114624023e-01
1.648029386997222900e-01
9.345061182975769043e-01
9.190053343772888184e-01
9.300385117530822754e-01
8.183245658874511719e-01
1.245183944702148438e-01
1.278663575649261475e-01
6.186473965644836426e-01
9.437335729598999023e-01
7.022967934608459473e-01
4.320695698261260986e-01
9.274567961692810059e-01
1.201234683394432068e-01
5.748744010925292969e-01
7.035654187202453613e-01
5.764152407646179199e-01
3.847950398921966553e-01
6.421008706092834473e-01
1.364058405160903931e-01
6.230806112289428711e-01
1.327710896730422974e-01
6.116739511489868164e-01
1.751728355884552002e-01
6.046549081802368164e-01
9.826005995273590088e-02
2.738159894943237305e-01
2.056230902671813965e-01
6.805056929588317871e-01
8.832663297653198242e-02
6.031454354524612427e-02
2.782928943634033203e-01
2.376551628112792969e-01
7.319399118423461914e-01
4.642135202884674072e-01
5.176957845687866211e-01
5.716879367828369141e-01
2.367322444915771484e-01
8.254722505807876587e-02
8.948626518249511719e-01
9.199958443641662598e-01
9.705148637294769287e-02
4.786109924316406250e-02
4.631291031837463379e-01
2.364476472139358521e-01
2.959680557250976562e-02
1.193320676684379578e-01
5.447624623775482178e-02
7.903900146484375000e-01
1.512099653482437134e-01
5.488767102360725403e-02
1.407999694347381592e-01
2.892993390560150146e-01
7.021967321634292603e-02
2.419578731060028076e-01
3.043324351310729980e-01
6.186842918395996094e-01
3.860035538673400879e-02
6.610246896743774414e-01
1.013381183147430420e-01
9.904650449752807617e-01
4.284303784370422363e-01
1.174739599227905273e-01
8.741946518421173096e-02
3.534809052944183350e-01
9.705202281475067139e-02
9.519364833831787109e-01
2.455505579710006714e-01
1.795497722923755646e-02
9.809064865112304688e-01
1.396327167749404907e-01
4.253595769405364990e-01
4.983093738555908203e-01
1.706083416938781738e-01
4.604083895683288574e-01
8.784680366516113281e-01
1.124744266271591187e-01
4.474025070667266846e-01
5.752523988485336304e-02
7.893204689025878906e-01
6.534639000892639160e-01
1.381898075342178345e-01
2.945582270622253418e-01
2.748416960239410400e-01
9.436790943145751953e-01
3.517778515815734863e-01
3.148725628852844238e-02
7.851365953683853149e-02
4.756704568862915039e-01
3.944205865263938904e-02
1.263929009437561035e-01
7.476223111152648926e-01
2.323055267333984375e-02
2.482573986053466797e-01
3.086404502391815186e-01
8.654138445854187012e-01
2.990916371345520020e-01
2.155763208866119385e-01
8.807065486907958984e-01
5.416277647018432617e-01
1.210126802325248718e-01
5.987560153007507324e-01
6.914043426513671875e-02
4.075778424739837646e-01
3.823981806635856628e-02
3.745575845241546631e-01
1.791345514357089996e-02
4.405098259449005127e-01
2.616125643253326416e-01
7.743458747863769531e-01
6.208896636962890625e-01
4.232804775238037109e-01
3.055660724639892578e-01
1.107237562537193298e-01
8.923804014921188354e-02
2.621245384216308594e-01
3.742599785327911377e-01
1.063254922628402710e-01
9.694059491157531738e-01
5.600374564528465271e-02
7.878421545028686523e-01
2.839441597461700439e-01
2.692933939397335052e-02
8.727584481239318848e-01
8.388326168060302734e-01
9.361580759286880493e-02
5.478924512863159180e-01
5.770168304443359375e-01
6.091198325157165527e-01
5.341155529022216797e-01
2.938456833362579346e-01
7.571173459291458130e-02
1.859565079212188721e-01
1.895925402641296387e-01
8.636898547410964966e-02
3.814792037010192871e-01
1.995559632778167725e-01
2.485742568969726562e-01
1.391693949699401855e-02
2.008094191551208496e-01
5.934873223304748535e-01
7.708954215049743652e-01
8.385952115058898926e-01
6.754387915134429932e-02
1.765149533748626709e-01
8.196827173233032227e-01
7.985031008720397949e-01
2.854542136192321777e-01
1.145988404750823975e-01
5.785295963287353516e-01
1.301517616957426071e-02
4.239087998867034912e-01
2.556409239768981934e-01
2.364446595311164856e-02
5.963854193687438965e-01
2.172932624816894531e-01
3.050677478313446045e-01
3.147657588124275208e-02
4.300827085971832275e-01
2.164504863321781158e-02
9.799059629440307617e-01
1.459283381700515747e-01
5.161838531494140625e-01
5.591670423746109009e-02
2.807658910751342773e-01
9.246008396148681641e-01
1.059196367859840393e-01
2.611052095890045166e-01
2.249827384948730469e-01
3.280065581202507019e-02
7.305065542459487915e-02
9.057701230049133301e-01
9.757857918739318848e-01
8.221038579940795898e-01
4.566924273967742920e-01
8.130845427513122559e-01
1.399534940719604492e-01
1.235889121890068054e-01
1.229705475270748138e-02
1.839681118726730347e-01
1.199303120374679565e-01
1.183378845453262329e-01
1.610640287399291992e-01
5.436943173408508301e-01
6.295736134052276611e-02
1.033767163753509521e-01
5.337388515472412109e-01
4.685182273387908936e-01
4.202930927276611328e-01
5.506283044815063477e-01
2.863642200827598572e-02
4.577451050281524658e-01
3.323127627372741699e-01
1.801871061325073242e-01
8.466358482837677002e-02
3.762664273381233215e-02
1.570629626512527466e-01
3.469863533973693848e-01
3.300026357173919678e-01
5.393185019493103027e-01
5.418948531150817871e-01
6.327558308839797974e-02
9.669838547706604004e-01
1.142693907022476196e-01
7.295993715524673462e-02
1.911009103059768677e-01
2.572185359895229340e-02
1.009828299283981323e-01
4.769905209541320801e-01
9.260056167840957642e-02
2.942910417914390564e-02
2.168271690607070923e-01
3.528399169445037842e-01
9.274355173110961914e-01
2.980113029479980469e-01
4.452386200428009033e-01
2.193968445062637329e-01
9.535489231348037720e-02
2.636255621910095215e-01
1.288465261459350586e-01
6.579234004020690918e-01
3.391483724117279053e-01
8.792850971221923828e-01
5.818747282028198242e-01
4.182995855808258057e-01
1.052223369479179382e-01
3.903868198394775391e-01
1.670524030923843384e-01
5.400950461626052856e-02
6.317961215972900391e-01
2.296787500381469727e-01
6.009289026260375977e-01
8.963037729263305664e-01
8.222203850746154785e-01
4.353782534599304199e-02
7.461671829223632812e-01
7.920657992362976074e-01
3.322095274925231934e-01
9.630716592073440552e-02
2.345515191555023193e-01
2.021885216236114502e-01
4.116998314857482910e-01
4.820876196026802063e-02
9.327074289321899414e-01
5.481988564133644104e-02
5.047072768211364746e-01
9.118819236755371094e-02
6.638524532318115234e-01
3.645888268947601318e-01
8.025435805320739746e-01
4.597796797752380371e-01
2.651776969432830811e-01
5.561694502830505371e-01
5.878588557243347168e-01
6.804634630680084229e-02
9.621459990739822388e-02
1.955465599894523621e-02
4.877252131700515747e-02
1.514883339405059814e-01
4.174450635910034180e-01
5.175092220306396484e-01
2.695131301879882812e-02
3.596775233745574951e-01
3.506348729133605957e-01
7.309824973344802856e-02
1.280646678060293198e-02
9.033466689288616180e-03
9.779670834541320801e-01
3.644086718559265137e-01
4.680786728858947754e-01
1.275337487459182739e-01
5.111008137464523315e-02
1.739691793918609619e-01
4.589717984199523926e-01
2.773583307862281799e-02
3.184839487075805664e-01
2.061558365821838379e-01
6.973921060562133789e-01
9.746708273887634277e-01
7.536111474037170410e-01
6.190310120582580566e-01
3.052118718624114990e-01
9.559948444366455078e-01
3.190209344029426575e-02
1.041186824440956116e-01
2.316212952136993408e-01
7.925691008567810059e-01
1.722176671028137207e-01
7.035695016384124756e-02
7.939380407333374023e-02
3.404718041419982910e-01
1.664242893457412720e-01
6.380881071090698242e-01
1.699539273977279663e-01
6.599580645561218262e-01
6.164909601211547852e-01
8.658293634653091431e-02
9.046648740768432617e-01
1.720138192176818848e-01
5.147866532206535339e-02
6.214887499809265137e-01
4.291272461414337158e-01
5.394284054636955261e-02
5.473231077194213867e-01
5.111128091812133789e-01
2.949965000152587891e-02
9.639110565185546875e-01
1.032234914600849152e-02
6.215948984026908875e-02
7.789560407400131226e-02
6.481992006301879883e-01
6.351594924926757812e-01
2.476575374603271484e-01
1.387096941471099854e-01
2.307020872831344604e-02
1.289486587047576904e-01
6.327486038208007812e-02
1.070246323943138123e-01
2.076860815286636353e-01
8.866942524909973145e-01
3.028905205428600311e-02
4.513571560382843018e-01
8.315064311027526855e-01
2.563110888004302979e-01
5.180272459983825684e-02
5.478921532630920410e-01
5.078786611557006836e-01
2.056914865970611572e-01
1.794055849313735962e-01
6.717673540115356445e-01
1.897026598453521729e-01
1.808269619941711426e-01
4.824209511280059814e-01
5.702413320541381836e-01
2.152762413024902344e-01
5.216497555375099182e-02
8.322314918041229248e-02
2.554920911788940430e-01
4.397199153900146484e-01
8.483806252479553223e-01
1.715755462646484375e-02
4.701459705829620361e-01
8.144471049308776855e-01
7.683600187301635742e-01
1.855942234396934509e-02
7.471883893013000488e-01
2.990485131740570068e-01
1.614131629467010498e-01
1.024546772241592407e-01
1.199187934398651123e-01
1.499512344598770142e-01
2.033251523971557617e-01
3.974914848804473877e-01
4.365204274654388428e-02
5.277605652809143066e-01
6.746166944503784180e-01
4.965656101703643799e-01
4.735752195119857788e-02
3.507556915283203125e-01
1.262424737215042114e-01
7.689553499221801758e-01
9.123823642730712891e-01
1.666412949562072754e-01
4.052848219871520996e-01
3.515464365482330322e-01
7.200219631195068359e-01
4.175606966018676758e-01
2.112372815608978271e-01
1.482245028018951416e-01
2.107057273387908936e-01
2.851368188858032227e-01
7.650652527809143066e-01
2.308358550071716309e-01
7.845602631568908691e-01
1.528771519660949707e-01
7.687724232673645020e-01
4.391735047101974487e-02
8.419277667999267578e-01
9.376284480094909668e-02
6.893782615661621094e-01
1.190925911068916321e-01
5.432582497596740723e-01
1.609332859516143799e-01
2.270733118057250977e-01
2.027354091405868530e-01
8.413041234016418457e-01
5.491010472178459167e-02
3.702387809753417969e-01
3.525765836238861084e-01
1.291971802711486816e-01
8.947247266769409180e-01
1.347563881427049637e-02
4.791632890701293945e-01
1.229201629757881165e-01
1.733635067939758301e-01
4.696828424930572510e-01
8.777939081192016602e-01
3.138888627290725708e-02
1.183655411005020142e-01
6.937503218650817871e-01
1.015157327055931091e-01
1.149402931332588196e-01
9.661527872085571289e-01
3.064805269241333008e-01
8.032485842704772949e-02
9.220011830329895020e-01
8.300697803497314453e-02
9.135259687900543213e-02
4.091487824916839600e-02
6.457075476646423340e-01
8.635158538818359375e-01
2.119563519954681396e-01
2.061711251735687256e-01
3.950823545455932617e-01
6.616044789552688599e-02
4.768087267875671387e-01
6.783749461174011230e-01
3.685564398765563965e-01
4.261344075202941895e-01
1.352885365486145020e-02
1.540251914411783218e-02
1.865853667259216309e-01
4.429925680160522461e-01
3.864483833312988281e-01
6.792199797928333282e-03
2.478264868259429932e-01
1.165517121553421021e-01
6.365599632263183594e-01
2.602044679224491119e-02
6.345459222793579102e-01
1.256068050861358643e-01
2.578419260680675507e-02
2.069647982716560364e-02
8.639751672744750977e-01
5.653201341629028320e-01
8.493712544441223145e-01
6.674532890319824219e-01
1.331907957792282104e-01
3.704645037651062012e-01
5.652226805686950684e-01
8.111004829406738281e-01
5.475484132766723633e-01
1.213139295578002930e-01
1.230041235685348511e-01
1.404782384634017944e-01
1.202033683657646179e-01
6.846894025802612305e-01
7.929167896509170532e-02
1.104436144232749939e-01
5.135095715522766113e-01
2.253092825412750244e-01
2.901362068951129913e-02
3.973520919680595398e-02
6.483328342437744141e-01
1.461316496133804321e-01
3.308293223381042480e-01
4.300824552774429321e-02
5.833283066749572754e-01
9.538166970014572144e-02
8.908759951591491699e-01
1.702670603990554810e-01
3.938666880130767822e-01
7.155943661928176880e-02
7.161344289779663086e-01
7.013970017433166504e-01
3.893623948097229004e-01
2.090899050235748291e-01
1.490405648946762085e-01
9.277438521385192871e-01
1.067924499511718750e-01
1.965366303920745850e-02
2.183191478252410889e-01
4.095622003078460693e-01
1.071024239063262939e-01
1.934764236211776733e-01
6.518161892890930176e-01
3.670459985733032227e-01
9.870269335806369781e-03
6.165809631347656250e-01
3.458523750305175781e-01
2.299507111310958862e-01
6.894549727439880371e-01
4.612964391708374023e-01
7.307440042495727539e-01
5.920495986938476562e-01
4.041236639022827148e-01
3.943826854228973389e-01
3.957599401473999023e-01
7.400952577590942383e-01
9.247247576713562012e-01
8.680476546287536621e-01
8.363499045372009277e-01
4.098759591579437256e-01
3.464080020785331726e-02
1.757358312606811523e-01
9.563103318214416504e-01
1.569851785898208618e-01
2.910236716270446777e-01
1.247282624244689941e-01
5.661493167281150818e-02
4.133097827434539795e-02
7.977091521024703979e-02
9.069544672966003418e-01
8.660696744918823242e-01
8.034585714340209961e-01
4.548889994621276855e-01
5.107929706573486328e-01
9.883553385734558105e-01
1.436820477247238159e-01
1.986296027898788452e-01
3.375514149665832520e-01
2.594060599803924561e-01
8.604366183280944824e-01
3.537535667419433594e-01
3.239336609840393066e-01
1.972949355840682983e-01
4.940731823444366455e-01
5.117243528366088867e-02
3.730837702751159668e-01
9.595015645027160645e-02
1.821551658213138580e-02
7.308630943298339844e-01
2.692304179072380066e-02
1.080480590462684631e-01
3.392306268215179443e-01
1.205507889389991760e-01
1.151882559061050415e-01
2.878641486167907715e-01
2.446286231279373169e-01
4.159264564514160156e-01
2.986467778682708740e-01
3.591157793998718262e-01
6.142950057983398438e-01
7.197010517120361328e-01
4.862841069698333740e-01
1.473308354616165161e-01
3.681436181068420410e-01
9.624751210212707520e-01
7.497181892395019531e-01
7.290393114089965820e-01
4.124284982681274414e-01
2.259629070758819580e-01
1.306710094213485718e-01
1.724596619606018066e-01
6.047586798667907715e-01
4.617187082767486572e-01
7.736231684684753418e-01
1.623687744140625000e-01
5.089061260223388672e-01
5.443485379219055176e-01
1.637148410081863403e-01
9.160833358764648438e-01
5.014486312866210938e-01
2.909860014915466309e-01
9.666438698768615723e-01
7.100315392017364502e-02
8.630537986755371094e-01
7.468792796134948730e-01
1.614094972610473633e-01
3.715012967586517334e-02
4.870526194572448730e-01
7.630150318145751953e-01
5.826722979545593262e-01
8.737400770187377930e-01
4.172177016735076904e-01
2.033916413784027100e-01
4.578887522220611572e-01
6.472227573394775391e-01
5.639185905456542969e-01
5.511573329567909241e-02
8.412157297134399414e-01
2.296695485711097717e-02
9.048571586608886719e-01
2.086555361747741699e-01
5.811025500297546387e-01
5.705724954605102539e-01
6.328409910202026367e-01
3.804011344909667969e-01
9.425306916236877441e-01
4.746668934822082520e-01
7.854466438293457031e-01
2.630003541707992554e-02
8.679099082946777344e-01
9.599300622940063477e-01
6.050635576248168945e-01
3.428324162960052490e-01
1.146993190050125122e-01
1.876556277275085449e-01
1.182639598846435547e-01
1.303717046976089478e-01
8.672178387641906738e-01
3.711909651756286621e-01
9.730060398578643799e-02
9.554046392440795898e-01
3.533765673637390137e-02
8.749437928199768066e-01
2.638242840766906738e-01
5.791451409459114075e-02
3.148485720157623291e-01
3.638038039207458496e-02
2.967741191387176514e-01
1.122229546308517456e-01
3.112076818943023682e-01
1.044204458594322205e-01
3.617879152297973633e-01
6.078873276710510254e-01
1.042668297886848450e-01
2.942175418138504028e-02
1.252369880676269531e-01
1.293838620185852051e-01
6.907513141632080078e-01
2.684510946273803711e-01
7.913002371788024902e-01
7.253568172454833984e-01
5.574122667312622070e-01
2.307992875576019287e-01
4.075287282466888428e-01
2.639855444431304932e-01
8.882591128349304199e-01
9.021432399749755859e-01
7.792841792106628418e-01
6.870951056480407715e-01
2.296987734735012054e-02
3.071560859680175781e-01
4.112537205219268799e-01
3.457229137420654297e-01
4.661389812827110291e-02
1.810090243816375732e-01
2.356516718864440918e-01
1.482759416103363037e-01
2.247462272644042969e-01
7.519128322601318359e-01
5.882384777069091797e-01
8.695614337921142578e-02
9.006644487380981445e-01
5.226733088493347168e-01
3.903828859329223633e-01
9.841696918010711670e-02
2.793893516063690186e-01
2.510484121739864349e-02
4.702050685882568359e-01
1.990807354450225830e-01
2.995944619178771973e-01
6.419858932495117188e-01
1.578337401151657104e-01
5.037350058555603027e-01
6.957701444625854492e-01
6.575531959533691406e-01
2.045005559921264648e-01
7.467415649443864822e-03
1.355533301830291748e-01
2.645116113126277924e-02
7.303187996149063110e-02
3.111396431922912598e-01
3.428209945559501648e-02
1.667376756668090820e-01
2.236553467810153961e-02
4.087427258491516113e-01
4.453853070735931396e-01
8.025760948657989502e-02
2.763906717300415039e-01
7.953476309776306152e-01
9.703027009963989258e-01
7.314611673355102539e-01
5.689714848995208740e-02
1.765438914299011230e-01
8.317089080810546875e-01
2.815048210322856903e-03
1.023747399449348450e-01
4.568359851837158203e-01
1.600500792264938354e-01
3.291079998016357422e-01
1.580899804830551147e-01
4.516383111476898193e-01
6.966042518615722656e-01
6.604136228561401367e-01
6.365610957145690918e-01
1.563560068607330322e-01
5.785162448883056641e-01
1.267589330673217773e-01
3.419118747115135193e-02
1.931653618812561035e-01
8.922117352485656738e-01
6.618860363960266113e-02
8.147931694984436035e-01
1.727750003337860107e-01
2.240929603576660156e-01
3.605762422084808350e-01
4.080525413155555725e-02
3.273936212062835693e-01
5.785702466964721680e-01
5.519500374794006348e-01
5.045338273048400879e-01
6.910509467124938965e-01
3.356350660324096680e-01
1.170589104294776917e-01
5.442474484443664551e-01
6.846357136964797974e-02
2.681791484355926514e-01
7.334258407354354858e-03
4.782196134328842163e-02
2.014987356960773468e-02
3.245703279972076416e-01
2.531778812408447266e-01
3.288434818387031555e-02
7.932504415512084961e-01
5.936072021722793579e-02
1.522028297185897827e-01
1.305389106273651123e-01
7.896827906370162964e-02
1.335095763206481934e-01
4.688785672187805176e-01
3.021551966667175293e-01
4.403994232416152954e-02
1.792135536670684814e-01
6.875701546669006348e-01
7.742809504270553589e-02
1.126508563756942749e-01
5.494193732738494873e-02
8.044555783271789551e-01
3.638761043548583984e-01
8.919131755828857422e-02
1.793101578950881958e-01
3.402711078524589539e-02
1.232803761959075928e-01
1.233079060912132263e-01
2.263005673885345459e-01
9.430280923843383789e-01
2.329046130180358887e-01
1.741535067558288574e-01
1.536115109920501709e-01
4.686447978019714355e-01
7.446589469909667969e-01
1.239702384918928146e-02
8.443984985351562500e-01
1.431810706853866577e-01
1.762354075908660889e-01
9.302426576614379883e-01
2.434543222188949585e-01
4.395276680588722229e-02
9.095143675804138184e-01
8.887830972671508789e-01
3.218223899602890015e-02
3.834056854248046875e-01
3.582271337509155273e-01
3.604360818862915039e-01
1.870374679565429688e-01
1.279978901147842407e-01
1.240000277757644653e-01
1.485224068164825439e-01
9.090996384620666504e-01
9.248974919319152832e-01
4.249228909611701965e-02
1.602749675512313843e-01
8.836409449577331543e-01
7.516881227493286133e-01
5.636599659919738770e-01
5.934497117996215820e-01
9.818074107170104980e-02
3.241402506828308105e-01
3.688795864582061768e-01
4.449366331100463867e-01
1.223406270146369934e-01
4.539333879947662354e-01
1.173025369644165039e-01
6.608940362930297852e-01
7.073746919631958008e-01
8.305163979530334473e-01
1.135473325848579407e-01
8.854738473892211914e-01
2.445496916770935059e-01
3.722107037901878357e-02
3.762593567371368408e-01
2.150157466530799866e-02
1.866645924746990204e-02
4.118328988552093506e-01
4.223742783069610596e-01
2.441241964697837830e-02
3.785523772239685059e-02
3.222643584012985229e-02
6.053926795721054077e-02
5.176677554845809937e-02
1.569009572267532349e-01
4.671774506568908691e-01
3.376559317111968994e-01
7.226329445838928223e-01
6.010201573371887207e-01
9.137523770332336426e-01
2.875650227069854736e-01
9.493557214736938477e-01
1.955791711807250977e-01
4.389536678791046143e-01
1.431499421596527100e-01
7.844995260238647461e-01
6.739937067031860352e-01
4.048572182655334473e-01
1.951022595167160034e-01
2.354928553104400635e-01
1.078530251979827881e-01
1.780055016279220581e-01
5.902944803237915039e-01
3.319239616394042969e-01
2.737717330455780029e-01
9.632877707481384277e-01
1.785836070775985718e-01
3.949799537658691406e-01
3.963382169604301453e-02
9.911223314702510834e-03
7.155984640121459961e-01
9.509535878896713257e-02
4.139008820056915283e-01
1.202715486288070679e-01
1.105560660362243652e-01
4.342886805534362793e-01
5.739255547523498535e-01
3.846562281250953674e-02
2.614223957061767578e-01
2.070236951112747192e-01
7.699222564697265625e-01
2.788651287555694580e-01
5.118219256401062012e-01
1.397105008363723755e-01
1.640501469373703003e-01
1.570154279470443726e-01
9.810162335634231567e-02
4.938024580478668213e-01
4.664427042007446289e-01
1.626138687133789062e-01
1.571280658245086670e-01
2.763593196868896484e-01
6.284334659576416016e-01
5.691800266504287720e-02
9.321513175964355469e-01
2.610300183296203613e-01
3.145270645618438721e-01
9.637373685836791992e-01
2.878304421901702881e-01
7.530901581048965454e-02
6.817803382873535156e-01
1.830435544252395630e-01
3.715812563896179199e-01
8.510018885135650635e-02
1.139121353626251221e-01
7.442361116409301758e-01
7.942244410514831543e-01
7.732437252998352051e-01
8.649846166372299194e-02
6.817261129617691040e-02
8.701000809669494629e-01
4.335084855556488037e-01
1.474280953407287598e-01
7.875905036926269531e-01
2.476100176572799683e-01
4.735707864165306091e-02
9.230586290359497070e-01
4.227006435394287109e-01
7.793449759483337402e-01
8.313360810279846191e-02
6.094062924385070801e-01
2.766298651695251465e-01
2.508984133601188660e-02
7.412373423576354980e-01
3.258005976676940918e-01
2.221056967973709106e-01
9.073931723833084106e-02
5.367372930049896240e-02
4.951820150017738342e-02
8.123469352722167969e-02
1.249650716781616211e-01
3.184184432029724121e-01
1.423853337764739990e-01
9.783419966697692871e-01
2.382558137178421021e-01
3.431558907032012939e-01
1.125801131129264832e-01
6.167668104171752930e-01
1.931717097759246826e-01
3.418628871440887451e-01
3.590856194496154785e-01
4.973355680704116821e-02
2.451749145984649658e-01
3.658517599105834961e-01
4.586589932441711426e-01
2.063116878271102905e-01
4.017093032598495483e-02
5.175924897193908691e-01
4.019603878259658813e-02
6.585784554481506348e-01
4.055778309702873230e-02
1.510782241821289062e-01
3.044413626194000244e-01
7.921048998832702637e-01
1.484428644180297852e-01
2.273499369621276855e-01
8.727830648422241211e-01
1.299726516008377075e-01
9.343580007553100586e-01
9.306175708770751953e-01
1.429811120033264160e-01
3.401222527027130127e-01
8.535882234573364258e-01
1.562414616346359253e-01
4.685782194137573242e-01
2.400521486997604370e-01
4.577478766441345215e-01
3.429260849952697754e-01
4.436608776450157166e-02
1.243701651692390442e-01
5.609673261642456055e-01
8.988142013549804688e-01
3.944255411624908447e-01
7.942526340484619141e-01
7.921901345252990723e-01
9.701770544052124023e-01
1.177296191453933716e-01
1.034284979104995728e-01
8.353912234306335449e-01
2.779741287231445312e-01
2.838635742664337158e-01
1.396879702806472778e-01
2.374025285243988037e-01
8.863492608070373535e-01
5.490845814347267151e-02
6.357296109199523926e-01
1.007681116461753845e-01
3.057324513792991638e-02
2.696496993303298950e-02
4.400494694709777832e-01
3.501113951206207275e-01
3.267364501953125000e-01
6.511802971363067627e-02
1.031075045466423035e-01
2.849831581115722656e-01
4.755038321018218994e-01
9.153396487236022949e-01
8.094461560249328613e-01
1.806831955909729004e-01
4.215170741081237793e-01
2.698714099824428558e-02
5.402001142501831055e-01
1.456862986087799072e-01
1.659070998430252075e-01
5.472932010889053345e-02
2.225448042154312134e-01
1.004950627684593201e-01
5.785794258117675781e-01
2.292730510234832764e-01
6.682778000831604004e-01
6.669266819953918457e-01
1.426099836826324463e-01
4.124429225921630859e-01
2.610217779874801636e-02
4.949492812156677246e-01
9.678139537572860718e-02
6.283667683601379395e-02
2.786765992641448975e-01
9.541039466857910156e-01
1.518550664186477661e-01
6.712741255760192871e-01
2.571170963346958160e-02
7.815607786178588867e-01
9.036893844604492188e-01
8.760046362876892090e-01
3.714274466037750244e-01
4.693305492401123047e-01
5.304869636893272400e-02
1.940852105617523193e-01
2.405655011534690857e-02
1.650530099868774414e-01
2.653988003730773926e-01
4.916439056396484375e-01
1.187970265746116638e-01
9.539053440093994141e-01
2.999834716320037842e-01
2.907859086990356445e-01
3.441289663314819336e-01
9.168818593025207520e-01
1.328434348106384277e-01
1.106543093919754028e-01
1.859763413667678833e-01
4.671843647956848145e-01
2.080572992563247681e-01
9.017484784126281738e-01
2.604587674140930176e-01
6.525149941444396973e-01
2.669751346111297607e-01
8.507218956947326660e-01
1.587302386760711670e-01
4.600359201431274414e-01
1.730403304100036621e-02
3.255901336669921875e-01
8.490874171257019043e-01
6.145493388175964355e-01
1.628313660621643066e-01
5.912553071975708008e-01
1.115806028246879578e-01
2.091891020536422729e-01
3.658376336097717285e-01
1.891894638538360596e-01
7.130647897720336914e-01
4.700735807418823242e-01
7.565506100654602051e-01
1.386040449142456055e-02
2.215692251920700073e-01
4.595445394515991211e-01
5.665770769119262695e-01
5.931364297866821289e-01
8.151578903198242188e-01
1.152821853756904602e-01
6.394448876380920410e-01
9.063546657562255859e-01
6.284353882074356079e-02
6.317535787820816040e-02
3.105441033840179443e-01
1.662411838769912720e-01
7.814146876335144043e-01
2.346580028533935547e-01
5.341969728469848633e-01
8.370204269886016846e-02
1.994497627019882202e-01
1.073043122887611389e-01
2.395711541175842285e-01
1.564882509410381317e-02
5.919720977544784546e-02
1.051836907863616943e-01
2.946130633354187012e-01
9.976939857006072998e-02
1.298409551382064819e-01
8.454030156135559082e-01
3.145717978477478027e-01
1.054642945528030396e-01
9.904035180807113647e-02
3.069133758544921875e-01
6.690711379051208496e-01
9.557902067899703979e-02
3.433263674378395081e-02
2.725533246994018555e-01
6.690870970487594604e-02
7.746742367744445801e-01
7.580819725990295410e-01
2.179662138223648071e-01
9.198231101036071777e-01
1.389541774988174438e-01
8.903474807739257812e-01
1.080822348594665527e-01
6.719855070114135742e-01
6.312508583068847656e-01
7.355535030364990234e-02
4.731753170490264893e-01
6.765826791524887085e-02
2.302588224411010742e-01
9.160440415143966675e-02
1.776141822338104248e-01
3.613414168357849121e-01
3.722654283046722412e-01
8.194656372070312500e-01
2.745975553989410400e-01
3.272989392280578613e-02
6.025412082672119141e-01
5.234578251838684082e-01
4.635991156101226807e-01
4.871376156806945801e-01
4.269772768020629883e-02
4.898498952388763428e-02
2.421906739473342896e-01
5.972399562597274780e-02
7.613065838813781738e-01
5.434463545680046082e-02
1.026625838130712509e-02
5.860553979873657227e-01
6.948801875114440918e-01
3.524171710014343262e-01
8.634819984436035156e-01
9.721223711967468262e-01
1.861220300197601318e-01
6.099953055381774902e-01
6.474657356739044189e-02
6.742956489324569702e-02
1.409906297922134399e-01
3.117794394493103027e-01
7.534565031528472900e-02
6.610615849494934082e-01
1.263056602329015732e-02
7.453583478927612305e-01
4.043215215206146240e-01
2.802429199218750000e-01
1.646856963634490967e-01
4.494593739509582520e-01
8.848161101341247559e-01
7.636704444885253906e-01
4.323906004428863525e-01
1.338647305965423584e-01
6.917603015899658203e-01
3.666857630014419556e-02
8.605145215988159180e-01
3.902000933885574341e-02
8.202834725379943848e-01
2.522715926170349121e-02
1.401964724063873291e-01
3.530557751655578613e-01
2.781271934509277344e-01
8.472942709922790527e-01
2.694042026996612549e-01
3.773033618927001953e-02
3.356954753398895264e-01
9.682438522577285767e-02
2.080481871962547302e-02
1.701338738203048706e-01
3.209353089332580566e-01
5.782570242881774902e-01
5.515219643712043762e-02
8.159934878349304199e-01
5.135487392544746399e-02
3.544242978096008301e-01
2.184629738330841064e-01
2.072947472333908081e-01
1.498259902000427246e-01
2.332067117094993591e-02
2.471705079078674316e-01
6.087063625454902649e-02
1.636128425598144531e-01
8.415948599576950073e-02
8.911822438240051270e-01
5.406018346548080444e-02
4.228570461273193359e-01
1.319574415683746338e-01
3.763332962989807129e-01
9.880005121231079102e-01
6.708507537841796875e-01
9.758571982383728027e-01
7.439320534467697144e-02
5.266541838645935059e-01
1.570151150226593018e-01
4.189295768737792969e-01
4.110003262758255005e-02
1.902231760323047638e-02
3.513997197151184082e-01
7.215008735656738281e-01
8.788058161735534668e-01
3.856477141380310059e-01
4.653541445732116699e-01
8.441811800003051758e-01
2.382098883390426636e-01
7.510861754417419434e-02
5.974854826927185059e-01
2.724408209323883057e-01
8.627660870552062988e-01
7.572842836380004883e-01
5.304752662777900696e-02
9.522177577018737793e-01
3.663320094347000122e-02
8.182052969932556152e-01
5.922142863273620605e-01
5.965012907981872559e-01
3.289380669593811035e-02
4.942784830927848816e-02
4.449285268783569336e-01
5.453191995620727539e-01
7.076444104313850403e-03
1.501897536218166351e-02
5.153579115867614746e-01
5.275551676750183105e-01
4.478746652603149414e-01
2.978137433528900146e-01
1.892761439085006714e-01
4.923112392425537109e-01
3.976629674434661865e-01
1.723475456237792969e-01
4.879610240459442139e-02
7.608727812767028809e-01
2.569054663181304932e-01
2.084283828735351562e-01
1.479528844356536865e-02
8.674686551094055176e-01
6.905600428581237793e-01
1.851105876266956329e-02
1.879731863737106323e-01
4.452951252460479736e-02
4.687023162841796875e-01
8.862013220787048340e-01
9.441557526588439941e-01
7.967416942119598389e-02
2.571988701820373535e-01
4.206064939498901367e-01
7.378246188163757324e-01
1.362951099872589111e-01
5.720958709716796875e-01
1.386948823928833008e-01
1.381504088640213013e-01
2.921831607818603516e-01
7.517063021659851074e-01
8.094412684440612793e-01
9.386311173439025879e-01
1.816514730453491211e-01
1.879101544618606567e-01
9.285547137260437012e-01
3.799531757831573486e-01
4.765848815441131592e-01
1.494972258806228638e-01
4.528794810175895691e-02
3.220901489257812500e-01
3.195522725582122803e-01
1.676402390003204346e-01
1.725199073553085327e-01
2.345069497823715210e-02
8.055254817008972168e-02
3.316842317581176758e-01
9.138383269309997559e-01
4.786853194236755371e-01
5.194855332374572754e-01
8.480398058891296387e-01
8.588273078203201294e-02
9.749760478734970093e-02
5.905023813247680664e-01
9.700398147106170654e-02
2.000768035650253296e-01
6.008445844054222107e-02
2.705910056829452515e-02
8.885499835014343262e-02
1.029193103313446045e-01
1.685145944356918335e-01
4.585834592580795288e-02
8.135750293731689453e-01
1.992310434579849243e-01
1.178816854953765869e-01
6.944189667701721191e-01
4.884496629238128662e-01
2.030769884586334229e-01
1.259144395589828491e-01
2.612754143774509430e-02
3.646112084388732910e-01
4.423599690198898315e-02
4.499692320823669434e-01
1.132004559040069580e-01
8.874801397323608398e-01
3.033835887908935547e-01
9.492446482181549072e-02
6.457406282424926758e-01
9.084374308586120605e-01
1.901442408561706543e-01
8.783081918954849243e-02
5.465277433395385742e-01
3.989584445953369141e-01
6.985917091369628906e-01
3.196523785591125488e-01
4.638349711894989014e-01
3.765683472156524658e-01
5.569756031036376953e-01
3.111367225646972656e-01
2.396752089262008667e-01
3.034494072198867798e-02
8.979521393775939941e-01
3.757565319538116455e-01
2.751670219004154205e-02
6.179544925689697266e-01
3.930429220199584961e-01
2.169252634048461914e-01
4.317762553691864014e-01
1.256083399057388306e-01
4.824348390102386475e-01
3.868898749351501465e-01
3.379574120044708252e-01
1.162676438689231873e-01
6.157321929931640625e-01
7.389385998249053955e-02
5.318030714988708496e-02
7.422129064798355103e-02
3.456418812274932861e-01
5.635391473770141602e-01
3.014069795608520508e-01
3.586180210113525391e-01
6.372815966606140137e-01
3.522139787673950195e-02
7.438414692878723145e-01
6.484994888305664062e-01
5.479224920272827148e-01
2.623224556446075439e-01
5.250725150108337402e-02
2.241062968969345093e-01
3.035855591297149658e-01
3.274028599262237549e-01
6.071029305458068848e-01
6.843569874763488770e-01
5.283969640731811523e-01
5.697105824947357178e-02
1.578734070062637329e-01
1.718586981296539307e-01
3.312307894229888916e-01
4.392239451408386230e-02
3.991260826587677002e-01
3.131773769855499268e-01
3.514407873153686523e-01
3.255905508995056152e-01
6.717714667320251465e-01
1.559046655893325806e-02
5.529153347015380859e-01
9.860716760158538818e-02
7.412972450256347656e-01
1.326610147953033447e-01
2.313101887702941895e-01
2.390261292457580566e-01
1.619326323270797729e-01
6.741920113563537598e-02
7.394146174192428589e-02
1.116749644279479980e-01
1.085399463772773743e-01
7.364385128021240234e-01
3.259492814540863037e-01
8.555466681718826294e-02
3.008957505226135254e-01
5.316454917192459106e-02
6.260429620742797852e-01
1.109059434384107590e-02
1.098049432039260864e-02
7.409830093383789062e-01
1.625228077173233032e-01
1.857839226722717285e-01
5.251457691192626953e-01
4.893540740013122559e-01
5.479829907417297363e-01
5.192833021283149719e-02
4.493577182292938232e-01
9.485024213790893555e-01
1.262744236737489700e-02
1.453084051609039307e-01
7.201436161994934082e-01
9.612295031547546387e-01
1.654924452304840088e-02
4.396522790193557739e-02
1.977759152650833130e-01
6.181835532188415527e-01
9.030330181121826172e-01
6.025362014770507812e-01
4.574548304080963135e-01
5.585558414459228516e-01
1.959189772605895996e-01
9.065471589565277100e-02
4.565621912479400635e-01
5.272234082221984863e-01
5.030198693275451660e-01
1.738789081573486328e-01
2.786905169486999512e-01
4.762526229023933411e-02
6.177629232406616211e-01
8.862087726593017578e-01
2.100147008895874023e-01
6.697261929512023926e-01
8.314183950424194336e-01
9.171403050422668457e-01
3.136042654514312744e-01
5.510649681091308594e-01
5.207830071449279785e-01
2.055560946464538574e-01
2.987318634986877441e-01
7.993816137313842773e-01
4.213655591011047363e-01
2.913339138031005859e-01
3.142249584197998047e-01
4.176712632179260254e-01
6.437620520591735840e-01
6.387291550636291504e-01
4.722355306148529053e-01
7.630737125873565674e-02
3.468867838382720947e-01
4.029988497495651245e-02
4.660070240497589111e-01
4.597708955407142639e-02
6.501549482345581055e-01
5.065521597862243652e-01
3.640223741531372070e-01
4.930384159088134766e-01
7.493802905082702637e-01
7.683910131454467773e-01
1.595115065574645996e-01
6.854777336120605469e-01
2.891365885734558105e-01
3.181435763835906982e-01
1.975336670875549316e-02
4.025724902749061584e-02
1.803797483444213867e-01
2.971522212028503418e-01
8.021878600120544434e-01
6.788927316665649414e-01
4.125887751579284668e-01
1.153270602226257324e-01
2.256755679845809937e-01
5.491349101066589355e-01
8.954250216484069824e-01
3.629876077175140381e-01
1.830004155635833740e-01
6.408460140228271484e-01
6.883664727210998535e-01
1.616700291633605957e-01
1.188199892640113831e-01
7.197008132934570312e-01
5.951600074768066406e-01
4.212116897106170654e-01
6.896634697914123535e-01
9.237109124660491943e-02
5.089179798960685730e-02
4.141315817832946777e-02
9.128218293190002441e-01
9.301179647445678711e-01
5.807679295539855957e-01
6.608945131301879883e-01
1.973288059234619141e-01
8.515205234289169312e-02
6.337980031967163086e-01
1.129927635192871094e-01
3.103372156620025635e-01
1.590814590454101562e-01
7.445651888847351074e-01
6.330767869949340820e-01
2.508734166622161865e-01
3.952856957912445068e-01
9.859650135040283203e-01
3.025902211666107178e-01
8.629912883043289185e-02
1.344866603612899780e-01
4.278844892978668213e-01
2.693705856800079346e-01
2.932728230953216553e-01
1.761575639247894287e-01
4.739185869693756104e-01
7.841250859200954437e-03
3.264161944389343262e-01
1.710927784442901611e-01
9.249850511550903320e-01
5.655551329255104065e-02
8.990071713924407959e-02
3.128193914890289307e-01
1.492002326995134354e-02
1.457089185714721680e-01
2.846545279026031494e-01
3.401355445384979248e-01
5.487570911645889282e-02
5.204759240150451660e-01
6.521058082580566406e-01
9.355457425117492676e-01
5.748166888952255249e-02
9.517391771078109741e-02
2.583913207054138184e-01
3.780417516827583313e-02
5.661956667900085449e-01
8.972574770450592041e-02
7.077803611755371094e-01
8.863918483257293701e-02
3.328051269054412842e-01
5.544100999832153320e-01
6.813114881515502930e-02
7.238509058952331543e-01
8.797030448913574219e-01
3.963119089603424072e-01
4.151498153805732727e-02
8.668380379676818848e-01
6.789230108261108398e-01
7.867848128080368042e-02
7.456495761871337891e-01
3.453446924686431885e-01
8.098945617675781250e-01
4.111566543579101562e-01
5.258058905601501465e-01
7.357690334320068359e-01
4.791052043437957764e-01
8.908166289329528809e-01
7.193917036056518555e-01
8.518987298011779785e-01
4.791340827941894531e-01
3.456440865993499756e-01
3.435910344123840332e-01
6.624770164489746094e-01
2.902459800243377686e-01
6.946386694908142090e-01
4.200947657227516174e-02
7.111629843711853027e-02
6.223514080047607422e-01
1.245602518320083618e-01
2.899412512779235840e-01
8.826678991317749023e-02
1.515699177980422974e-01
2.898567318916320801e-01
8.319890499114990234e-01
8.989276885986328125e-01
4.454475641250610352e-01
3.870317339897155762e-02
1.357415318489074707e-01
1.823170334100723267e-01
2.865309417247772217e-01
1.790613681077957153e-01
1.561434194445610046e-02
7.498178631067276001e-02
2.947678864002227783e-01
4.061500728130340576e-02
1.403603702783584595e-01
3.251724243164062500e-01
3.283596038818359375e-01
9.605003595352172852e-01
6.547116488218307495e-02
9.398703575134277344e-01
3.928000032901763916e-01
6.276802420616149902e-01
8.480068296194076538e-02
1.617374867200851440e-01
9.572111964225769043e-01
6.510745733976364136e-02
2.463838458061218262e-02
1.364262551069259644e-01
6.164452433586120605e-01
1.885320544242858887e-01
6.215730309486389160e-01
3.415896594524383545e-01
3.925033211708068848e-01
1.381948143243789673e-01
7.283415794372558594e-01
3.534659743309020996e-01
4.543757811188697815e-02
3.119448423385620117e-01
6.899077296257019043e-01
4.559937119483947754e-01
2.920648753643035889e-01
3.395650535821914673e-02
1.760123074054718018e-01
7.943112850189208984e-01
6.505643576383590698e-02
6.579620391130447388e-02
4.122702479362487793e-01
5.779607892036437988e-01
3.950920403003692627e-01
6.212242692708969116e-02
2.499222159385681152e-01
4.521178603172302246e-01
6.869586557149887085e-02
3.062173128128051758e-01
3.285561129450798035e-02
3.693611547350883484e-02
7.438343763351440430e-01
8.161448836326599121e-01
8.810233324766159058e-02
5.835247039794921875e-01
2.685607075691223145e-01
8.748620748519897461e-01
3.521584346890449524e-02
8.127415776252746582e-01
7.067734748125076294e-02
6.105984449386596680e-01
1.783900111913681030e-01
1.098292618989944458e-01
2.688266634941101074e-01
7.095957994461059570e-01
8.593825697898864746e-01
3.108003437519073486e-01
5.445231869816780090e-02
2.055724114179611206e-01
3.581755161285400391e-01
2.957968413829803467e-01
6.355094313621520996e-01
1.920461952686309814e-01
3.303963541984558105e-01
1.198513135313987732e-01
7.229135036468505859e-01
9.378959238529205322e-02
4.665619507431983948e-02
9.283170104026794434e-02
5.033284425735473633e-01
8.141770958900451660e-01
2.995704710483551025e-01
7.059879601001739502e-02
9.034901857376098633e-02
6.562232375144958496e-01
1.732518076896667480e-01
1.113669574260711670e-01
2.235330343246459961e-01
8.209843635559082031e-01
6.199327856302261353e-02
6.686910390853881836e-01
3.646690770983695984e-02
7.911709547042846680e-01
1.535528600215911865e-01
3.910429403185844421e-02
8.712052553892135620e-02
2.745112478733062744e-01
1.134379133582115173e-01
4.241476655006408691e-01
4.432385042309761047e-02
5.075444579124450684e-01
2.801566123962402344e-01
6.356965303421020508e-01
6.735175251960754395e-01
2.184929847717285156e-01
3.323682770133018494e-02
3.773967921733856201e-01
9.119208455085754395e-01
9.582338929176330566e-01
7.975658178329467773e-01
5.269491299986839294e-02
6.164603829383850098e-01
3.536205291748046875e-01
5.930709242820739746e-01
6.777687668800354004e-01
4.881693050265312195e-02
4.794727638363838196e-02
2.134644538164138794e-01
7.389510869979858398e-01
9.041998386383056641e-01
5.505390837788581848e-02
7.279898524284362793e-01
3.495104312896728516e-01
6.333694458007812500e-01
2.511075139045715332e-01
8.341412544250488281e-01
4.155679345130920410e-01
1.045958995819091797e-01
2.262856662273406982e-01
1.154510527849197388e-01
2.268948853015899658e-01
1.780946254730224609e-01
9.185402989387512207e-01
2.411626130342483521e-01
7.045848667621612549e-02
3.074121773242950439e-01
7.458654046058654785e-01
6.971932053565979004e-01
1.057186946272850037e-01
1.808370798826217651e-01
6.896320581436157227e-01
1.229641884565353394e-01
6.160572171211242676e-01
6.288452744483947754e-01
9.241752624511718750e-01
3.033002316951751709e-01
3.276616930961608887e-01
4.065127670764923096e-01
1.013590022921562195e-01
8.985031843185424805e-01
5.248096585273742676e-01
2.718954980373382568e-01
1.492206156253814697e-01
1.867812275886535645e-01
5.137548595666885376e-02
7.724170088768005371e-01
8.093245029449462891e-01
1.893604844808578491e-01
8.676778078079223633e-01
1.650976538658142090e-01
6.763719767332077026e-02
3.654237091541290283e-02
3.267328143119812012e-01
3.643774986267089844e-01
3.460518717765808105e-01
9.125252366065979004e-01
1.891061365604400635e-01
2.451926618814468384e-01
2.677170932292938232e-01
5.034164339303970337e-02
8.424850702285766602e-01
7.936971187591552734e-01
1.518199741840362549e-01
5.167847871780395508e-01
4.594357311725616455e-01
2.583244442939758301e-01
1.343474239110946655e-01
6.163004040718078613e-01
5.953650176525115967e-02
5.946780443191528320e-01
3.316570520401000977e-01
2.046127431094646454e-02
3.974602222442626953e-01
8.696311116218566895e-01
7.292715311050415039e-01
6.529108285903930664e-01
7.316083312034606934e-01
5.356798171997070312e-01
7.982177138328552246e-01
1.305660456418991089e-01
3.989800512790679932e-01
6.640201210975646973e-01
7.756603956222534180e-01
7.388432621955871582e-01
2.397453337907791138e-01
4.223292469978332520e-01
8.434506505727767944e-02
9.091783165931701660e-01
4.123226925730705261e-02
6.443322896957397461e-01
1.953735500574111938e-01
2.981964349746704102e-01
5.125494301319122314e-02
8.356545567512512207e-01
1.152948588132858276e-01
7.664178311824798584e-02
1.180247440934181213e-01
2.105596363544464111e-01
6.976443529129028320e-01
3.763261735439300537e-01
2.411823719739913940e-01
4.295626655220985413e-02
9.307637810707092285e-02
3.141393512487411499e-02
1.132469847798347473e-01
5.817734003067016602e-01
6.518688797950744629e-01
9.509561657905578613e-01
8.016417920589447021e-02
2.125842273235321045e-01
1.019789725542068481e-01
2.305262237787246704e-01
3.959338366985321045e-01
5.699660181999206543e-01
4.831733405590057373e-01
1.461660861968994141e-01
2.177515327930450439e-01
1.455832645297050476e-02
4.854638874530792236e-02
1.838404536247253418e-01
5.756121873855590820e-01
2.680628895759582520e-01
7.905880361795425415e-02
4.398419260978698730e-01
5.192121267318725586e-01
3.117275238037109375e-01
3.823627233505249023e-01
6.616433858871459961e-01
5.090758576989173889e-02
1.155425608158111572e-01
8.887822180986404419e-02
7.530210614204406738e-01
4.593346416950225830e-01
4.564653038978576660e-01
1.985983848571777344e-01
2.565158009529113770e-01
5.433262512087821960e-02
4.404154419898986816e-01
9.023289382457733154e-02
5.411916598677635193e-02
6.199556589126586914e-01
2.812270820140838623e-01
5.125788971781730652e-02
5.809249728918075562e-02
7.961647212505340576e-02
4.240315854549407959e-01
1.595060229301452637e-01
1.618687994778156281e-02
2.956387996673583984e-01
6.903819441795349121e-01
6.588845849037170410e-01
2.831168770790100098e-01
9.168198704719543457e-01
9.105388522148132324e-01
3.754164576530456543e-01
8.950210809707641602e-01
4.793950617313385010e-01
3.423888385295867920e-01
9.420670270919799805e-01
2.129517197608947754e-01
1.226337030529975891e-01
4.962480366230010986e-01
5.625026822090148926e-01
6.270363926887512207e-01
4.196342825889587402e-02
2.787937223911285400e-02
7.161566615104675293e-02
1.667428165674209595e-01
2.375203967094421387e-01
1.377371102571487427e-01
3.331508114933967590e-02
4.088539183139801025e-01
9.435991048812866211e-01
5.674083828926086426e-01
3.164038062095642090e-02
7.235792875289916992e-01
7.744731009006500244e-02
8.586808294057846069e-02
3.269085884094238281e-01
2.776631712913513184e-01
9.216467142105102539e-01
4.571483135223388672e-01
5.049015879631042480e-01
3.636409342288970947e-02
9.289158582687377930e-01
9.840957820415496826e-02
1.848362237215042114e-01
1.111163049936294556e-01
2.850389778614044189e-01
1.042883694171905518e-01
7.703049480915069580e-02
2.427174001932144165e-01
7.539761066436767578e-01
5.380154252052307129e-01
7.998501658439636230e-01
4.260867461562156677e-02
6.979271173477172852e-01
4.248051643371582031e-01
8.582441508769989014e-02
3.308408260345458984e-01
2.628508806228637695e-01
5.810928344726562500e-01
1.150948703289031982e-01
3.032344281673431396e-01
4.385126531124114990e-01
3.975030779838562012e-01
6.082322597503662109e-01
4.549742490053176880e-02
7.928349375724792480e-01
7.855330109596252441e-01
7.176343798637390137e-01
1.799975335597991943e-01
2.938681468367576599e-02
8.354967236518859863e-01
7.968188822269439697e-02
2.662033028900623322e-02
2.293863892555236816e-02
8.650268316268920898e-01
5.880255699157714844e-01
2.032427042722702026e-01
3.961317837238311768e-01
5.021722316741943359e-01
3.567355871200561523e-01
8.150625228881835938e-02
4.373359307646751404e-02
2.412170171737670898e-01
5.664417743682861328e-01
3.073742799460887909e-02
8.719821572303771973e-01
1.833367198705673218e-01
5.181519985198974609e-01
2.238113991916179657e-02
8.251518011093139648e-01
9.160266071557998657e-02
7.210333943367004395e-01
6.072540879249572754e-01
7.932694554328918457e-01
7.676354795694351196e-02
6.878420710563659668e-02
2.736135721206665039e-01
6.463701725006103516e-01
3.496198952198028564e-01
2.652554512023925781e-01
9.221900254487991333e-03
1.649754643440246582e-01
5.649374797940254211e-02
6.280852556228637695e-01
7.167655229568481445e-01
8.540568500757217407e-02
7.551876306533813477e-01
5.365604162216186523e-02
2.623133063316345215e-01
8.012041449546813965e-02
2.914277613162994385e-01
3.163316249847412109e-01
3.993908762931823730e-01
4.438599348068237305e-01
4.574211835861206055e-01
7.615652084350585938e-01
9.575508236885070801e-01
1.410633176565170288e-01
7.798309326171875000e-01
2.255801558494567871e-01
4.846062064170837402e-01
7.288939505815505981e-02
2.082547545433044434e-01
1.867720186710357666e-01
2.604892253875732422e-01
6.223520040512084961e-01
6.408706903457641602e-01
1.173031702637672424e-01
3.989589586853981018e-02
4.593126848340034485e-02
7.068116217851638794e-02
7.892302274703979492e-01
9.580357372760772705e-02
8.617221713066101074e-01
3.861812949180603027e-01
3.391402959823608398e-01
2.988379895687103271e-01
5.400073528289794922e-01
1.565469503402709961e-01
1.796351820230484009e-01
6.875832676887512207e-01
4.366895183920860291e-02
5.190696120262145996e-01
6.619919538497924805e-01
8.685631752014160156e-01
4.931513667106628418e-01
7.555234432220458984e-01
1.352759301662445068e-01
2.888842225074768066e-01
5.920787155628204346e-02
8.985178470611572266e-01
5.278963595628738403e-02
2.797029912471771240e-01
1.056671589612960815e-01
6.864956617355346680e-01
8.312273025512695312e-01
3.939286768436431885e-01
1.620784997940063477e-01
8.414792418479919434e-01
2.392934113740921021e-01
9.760185480117797852e-01
8.984754234552383423e-02
9.114162921905517578e-01
3.593125045299530029e-01
1.285904943943023682e-01
4.443407356739044189e-01
7.883235216140747070e-01
8.249072432518005371e-01
3.320304155349731445e-01
4.608748108148574829e-02
1.645443588495254517e-02
1.367213279008865356e-01
5.333150923252105713e-02
9.749524295330047607e-02
7.879797816276550293e-01
1.470737606287002563e-01
3.379287123680114746e-01
5.511575341224670410e-01
1.135084182024002075e-01
6.981731653213500977e-01
1.679863780736923218e-01
1.270056664943695068e-01
1.073073595762252808e-01
1.589877605438232422e-01
1.523530930280685425e-01
1.288927495479583740e-01
4.127321839332580566e-01
8.133640289306640625e-01
1.054757162928581238e-01
4.886642843484878540e-02
4.863409325480461121e-02
1.970432102680206299e-01
4.923758506774902344e-01
8.320260643959045410e-01
9.145020246505737305e-01
3.085646033287048340e-01
2.896027453243732452e-02
5.487068742513656616e-02
3.243156149983406067e-02
7.874606847763061523e-01
6.978103518486022949e-01
2.992583811283111572e-01
5.890774726867675781e-01
6.788661330938339233e-02
3.069548308849334717e-02
2.198294252157211304e-01
6.512526273727416992e-01
1.226654350757598877e-01
6.363008618354797363e-01
9.144200086593627930e-01
1.697410494089126587e-01
8.881593942642211914e-01
5.280299186706542969e-01
8.964124917984008789e-01
8.609247207641601562e-02
4.019430577754974365e-01
8.324169367551803589e-02
8.654826283454895020e-01
4.759714901447296143e-01
6.516017913818359375e-01
5.121419429779052734e-01
2.605648934841156006e-01
5.427498221397399902e-01
3.840284645557403564e-01
7.241400480270385742e-01
1.474217176437377930e-01
4.138409495353698730e-01
7.073354721069335938e-02
2.134976089000701904e-01
2.397902458906173706e-01
5.601574182510375977e-01
4.358220696449279785e-01
9.355612397193908691e-01
5.648893117904663086e-01
5.420532226562500000e-01
7.406522631645202637e-01
6.005446910858154297e-01
5.682774782180786133e-01
7.930003106594085693e-02
1.262908726930618286e-01
5.826561897993087769e-02
3.083783090114593506e-01
9.133884906768798828e-01
1.462190002202987671e-01
2.655842602252960205e-01
6.570778489112854004e-01
7.368472814559936523e-01
3.785944357514381409e-02
1.105191037058830261e-01
8.053740859031677246e-02
1.712333261966705322e-01
1.488049179315567017e-01
1.984811723232269287e-01
3.711227700114250183e-02
1.760758161544799805e-01
1.125578805804252625e-01
2.171051204204559326e-01
8.782896995544433594e-01
7.527014017105102539e-01
6.095861196517944336e-01
4.732765853404998779e-01
8.954247832298278809e-01
7.269537448883056641e-01
8.314082399010658264e-03
9.377498030662536621e-01
7.176948785781860352e-01
2.589566409587860107e-01
8.034312725067138672e-01
3.881011307239532471e-01
5.352534353733062744e-02
1.003831475973129272e-01
3.579464256763458252e-01
8.339722752571105957e-01
3.611001372337341309e-02
2.625308930873870850e-01
2.756273746490478516e-01
8.447698354721069336e-01
8.386269807815551758e-01
1.078545004129409790e-01
8.400657773017883301e-02
2.058337628841400146e-01
4.496455192565917969e-01
6.188653707504272461e-01
4.983942210674285889e-02
5.345240831375122070e-01
2.938371896743774414e-01
5.961667373776435852e-02
1.449695676565170288e-01
4.598538950085639954e-02
2.934251427650451660e-01
3.705872297286987305e-01
2.085752487182617188e-01
2.294539287686347961e-02
7.083687782287597656e-01
1.007964760065078735e-01
2.187494039535522461e-01
5.337928235530853271e-02
9.315307140350341797e-01
9.778188467025756836e-01
2.624385952949523926e-01
9.094855189323425293e-02
4.281944036483764648e-01
7.816706895828247070e-01
3.232646584510803223e-01
3.639937639236450195e-01
3.274305909872055054e-02
2.051920443773269653e-01
1.242253258824348450e-01
5.884060859680175781e-01
6.671342253684997559e-02
5.465045571327209473e-01
6.952844858169555664e-01
8.020442724227905273e-02
6.173313409090042114e-02
7.981747388839721680e-01
2.343643009662628174e-01
4.678992554545402527e-02
1.842218041419982910e-01
2.833048105239868164e-01
1.317403018474578857e-01
3.155741393566131592e-01
1.101470440626144409e-01
9.458736777305603027e-01
6.020410656929016113e-01
3.126856312155723572e-02
2.365305125713348389e-01
5.651234984397888184e-01
1.605319082736968994e-01
6.944163143634796143e-02
1.121975183486938477e-01
7.982791662216186523e-01
2.802886366844177246e-01
4.913037717342376709e-01
4.082346558570861816e-01
5.590616911649703979e-02
4.333752989768981934e-01
2.995857298374176025e-01
6.160891056060791016e-02
2.135354578495025635e-01
2.113934606313705444e-01
2.293716967105865479e-01
8.793990612030029297e-01
3.733362257480621338e-01
6.210500001907348633e-01
1.859629452228546143e-01
5.578961372375488281e-01
9.324672222137451172e-01
6.165103912353515625e-01
6.278595924377441406e-01
5.832358598709106445e-01
4.654995203018188477e-01
8.304376602172851562e-01
1.477745920419692993e-01
5.641393065452575684e-01
3.218553364276885986e-01
4.559720754623413086e-01
2.789667248725891113e-02
7.530462741851806641e-01
2.805725634098052979e-01
4.944384992122650146e-01
8.150424063205718994e-02
4.815230071544647217e-01
4.506308957934379578e-02
8.907959461212158203e-01
9.529285430908203125e-01
7.261893153190612793e-01
4.182052239775657654e-02
1.610716134309768677e-01
4.934014379978179932e-02
2.949141263961791992e-01
8.021448254585266113e-01
1.944962143898010254e-01
4.896990060806274414e-01
9.168099164962768555e-01
5.209126323461532593e-02
8.670966625213623047e-01
4.421209990978240967e-01
7.207947969436645508e-01
2.005436569452285767e-01
4.781964421272277832e-02
7.635562419891357422e-01
1.687539555132389069e-02
1.691474914550781250e-01
5.894003435969352722e-02
4.219852089881896973e-01
7.710791230201721191e-01
4.907552003860473633e-01
2.449900843203067780e-02
3.027555644512176514e-01
1.613037735223770142e-01
8.669996857643127441e-01
1.907568797469139099e-02
2.002002596855163574e-01
1.946212202310562134e-01
2.203101366758346558e-01
1.839205250144004822e-02
1.342563629150390625e-01
7.010644674301147461e-02
3.092296421527862549e-01
9.332989901304244995e-02
4.299285113811492920e-01
1.519365161657333374e-01
4.994074106216430664e-01
9.866482764482498169e-02
6.980133056640625000e-01
6.696625351905822754e-01
3.867588043212890625e-01
7.969658076763153076e-02
7.315720319747924805e-01
5.353214144706726074e-01
9.151791930198669434e-01
2.570832669734954834e-01
6.431185603141784668e-01
5.351590365171432495e-02
9.460556507110595703e-01
6.115085631608963013e-02
5.736662447452545166e-02
7.196127176284790039e-01
2.655576467514038086e-01
5.995754599571228027e-01
1.189001947641372681e-01
1.581131666898727417e-01
9.598147273063659668e-01
3.262005448341369629e-01
5.644154548645019531e-01
4.944565296173095703e-01
6.452234387397766113e-01
9.291079640388488770e-01
1.308236271142959595e-01
1.140047758817672729e-01
4.153087437152862549e-01
3.341634869575500488e-01
1.074429899454116821e-01
1.266101449728012085e-01
4.006318449974060059e-01
1.427058875560760498e-01
4.118810892105102539e-01
3.554358482360839844e-01
1.155112087726593018e-01
8.245964348316192627e-02
9.696820974349975586e-01
1.300156582146883011e-02
7.439699769020080566e-01
7.388126850128173828e-01
6.766723394393920898e-01
1.901144534349441528e-01
8.368696570396423340e-01
1.198819056153297424e-01
3.508759737014770508e-01
3.721620440483093262e-01
8.784027099609375000e-01
1.587961912155151367e-01
5.680204033851623535e-01
9.634085744619369507e-02
1.751405447721481323e-01
8.292841911315917969e-01
4.156911075115203857e-01
3.513324260711669922e-01
1.779405325651168823e-01
2.735620439052581787e-01
4.494803398847579956e-02
9.095497727394104004e-01
3.751819133758544922e-01
5.588493347167968750e-01
8.681985139846801758e-01
7.660585045814514160e-01
1.099793687462806702e-01
8.706340789794921875e-01
4.110950827598571777e-01
1.252374053001403809e-01
3.645631968975067139e-01
8.319547176361083984e-01
1.102103479206562042e-02
5.532491207122802734e-02
7.589815258979797363e-01
9.154852628707885742e-01
8.775581121444702148e-01
2.336610257625579834e-01
8.090434074401855469e-01
7.097326517105102539e-01
8.992384672164916992e-01
9.225376695394515991e-02
6.583106517791748047e-01
3.826357424259185791e-02
9.274064898490905762e-01
5.196074843406677246e-01
7.219325304031372070e-01
9.537177085876464844e-01
3.197421729564666748e-01
1.951401084661483765e-01
1.251781284809112549e-01
2.441973052918910980e-02
2.160311937332153320e-01
2.826982364058494568e-02
5.170530676841735840e-01
8.955697417259216309e-01
2.145226299762725830e-01
7.702418565750122070e-01
8.854782581329345703e-01
1.483835875988006592e-01
1.023018211126327515e-01
2.736344039440155029e-01
6.452405452728271484e-02
6.555453687906265259e-02
2.714593112468719482e-01
3.931390121579170227e-02
1.935792714357376099e-01
2.435090392827987671e-01
8.484808206558227539e-01
5.564925074577331543e-01
1.366382539272308350e-01
6.805431842803955078e-01
3.440034389495849609e-01
2.093152552843093872e-01
1.044457182288169861e-01
4.481287598609924316e-01
1.383780986070632935e-01
4.755912125110626221e-01
5.877723097801208496e-01
1.866706162691116333e-01
2.249283045530319214e-01
1.255302131175994873e-01
5.392057076096534729e-02
8.972243666648864746e-01
3.271576464176177979e-01
3.997573554515838623e-01
8.604081273078918457e-01
7.981393933296203613e-01
1.183807849884033203e-01
5.401456728577613831e-02
7.980848103761672974e-02
4.477019309997558594e-01
4.106195867061614990e-01
1.050933524966239929e-01
8.418844640254974365e-02
3.117466866970062256e-01
8.831644058227539062e-01
4.170814454555511475e-01
7.068234682083129883e-01
8.380710333585739136e-02
1.437744945287704468e-01
7.277759164571762085e-02
6.508066058158874512e-01
6.658864617347717285e-01
3.396310806274414062e-01
2.567364275455474854e-01
2.379036545753479004e-01
2.109906524419784546e-01
2.848803810775279999e-02
3.980605900287628174e-01
1.508132182061672211e-02
5.034426450729370117e-01
5.860527753829956055e-01
5.080154538154602051e-01
2.352428585290908813e-01
5.870952010154724121e-01
3.447070717811584473e-01
4.403292536735534668e-01
8.683781623840332031e-01
4.621488973498344421e-02
6.168087124824523926e-01
1.993908733129501343e-01
2.245038002729415894e-01
5.444945096969604492e-01
1.290212105959653854e-02
8.630891442298889160e-01
1.010777577757835388e-01
7.186982035636901855e-01
1.527865976095199585e-01
1.107626557350158691e-01
6.948415189981460571e-02
9.978847950696945190e-02
1.850315034389495850e-01
9.092079401016235352e-01
9.108625054359436035e-01
1.445604674518108368e-02
7.703715562820434570e-01
4.071425795555114746e-01
3.528746962547302246e-02
1.870129257440567017e-01
6.440863609313964844e-01
3.513594716787338257e-02
8.469187021255493164e-01
7.238644361495971680e-01
8.206951022148132324e-01
7.453727126121520996e-01
2.548625767230987549e-01
8.079910278320312500e-01
7.005845904350280762e-01
1.093910411000251770e-01
4.246535599231719971e-01
4.407143294811248779e-01
3.566898107528686523e-01
6.751944124698638916e-02
9.606112539768218994e-02
6.747576594352722168e-01
3.292179405689239502e-01
9.851667284965515137e-01
1.741076409816741943e-01
7.803772091865539551e-01
6.221735477447509766e-01
7.364296913146972656e-01
5.286390781402587891e-01
8.968737125396728516e-01
8.835895061492919922e-01
3.244024813175201416e-01
1.548906564712524414e-01
7.576642185449600220e-02
1.312249451875686646e-01
1.110276430845260620e-01
8.372456431388854980e-01
1.568363159894943237e-01
9.573573619127273560e-02
4.569118618965148926e-01
8.659203648567199707e-01
2.821050584316253662e-01
8.235072493553161621e-01
1.577648222446441650e-01
2.269560694694519043e-01
6.347131133079528809e-01
1.753942817449569702e-01
9.818112850189208984e-02
2.681301534175872803e-01
5.768631696701049805e-01
7.204909920692443848e-01
5.616864562034606934e-02
5.086513161659240723e-01
1.384032219648361206e-01
6.446333229541778564e-02
1.458999812602996826e-01
3.604127168655395508e-01
9.658824801445007324e-01
5.151326060295104980e-01
2.296836823225021362e-01
2.351923435926437378e-01
7.634047865867614746e-01
1.143292933702468872e-01
4.480137228965759277e-01
8.027694225311279297e-01
5.798822045326232910e-01
1.639272421598434448e-01
9.235704541206359863e-01
3.232154250144958496e-01
9.168838858604431152e-01
9.160463809967041016e-01
3.670620918273925781e-02
3.355562686920166016e-02
3.058323264122009277e-01
9.513331055641174316e-01
4.548979103565216064e-01
1.299739331007003784e-01
3.320391476154327393e-01
7.277512550354003906e-01
7.648632526397705078e-01
4.127993583679199219e-01
5.319995060563087463e-02
6.649795770645141602e-01
6.461462974548339844e-01
1.099488809704780579e-01
3.112120926380157471e-01
5.136963725090026855e-01
6.358917951583862305e-01
6.381064057350158691e-01
3.353607058525085449e-01
2.938443124294281006e-01
1.801068782806396484e-01
7.025789022445678711e-01
3.398392498493194580e-01
1.135787144303321838e-01
6.584699153900146484e-01
8.863101005554199219e-01
1.976113170385360718e-01
6.119526624679565430e-01
5.006823688745498657e-02
4.001509249210357666e-01
1.145195364952087402e-01
1.054842770099639893e-01
3.133507370948791504e-01
2.163261175155639648e-01
6.079968810081481934e-01
3.175093233585357666e-01
6.682151556015014648e-01
8.985159546136856079e-02
5.844608545303344727e-01
3.640798851847648621e-02
1.187575384974479675e-01
1.034847199916839600e-01
4.811014235019683838e-02
4.709302261471748352e-02
8.272727578878402710e-02
6.031787022948265076e-02
3.284696936607360840e-01
1.534429043531417847e-01
8.783685564994812012e-01
1.110718101263046265e-01
4.430695250630378723e-02
6.236492097377777100e-02
9.135150164365768433e-02
4.074412956833839417e-02
9.454327821731567383e-01
7.324826121330261230e-01
2.824626564979553223e-01
1.022750884294509888e-02
9.921699762344360352e-01
6.502994298934936523e-01
2.688383124768733978e-02
2.092085778713226318e-01
5.620763301849365234e-01
7.091056704521179199e-01
8.920310735702514648e-01
1.904472559690475464e-01
8.978202007710933685e-03
2.842761278152465820e-01
1.778158843517303467e-01
3.943802416324615479e-01
2.871800363063812256e-01
1.429302990436553955e-01
1.018849313259124756e-01
6.394758075475692749e-02
4.650627970695495605e-01
5.312277674674987793e-01
1.270761489868164062e-01
9.305276870727539062e-01
1.003415212035179138e-01
3.274886608123779297e-01
7.968717813491821289e-02
9.500941038131713867e-01
8.357252925634384155e-02
7.318728566169738770e-01
2.984876334667205811e-01
8.307683467864990234e-01
5.894275307655334473e-01
5.566514134407043457e-01
9.736870974302291870e-02
4.182874560356140137e-01
3.501071333885192871e-01
3.984240591526031494e-01
6.768761277198791504e-01
5.034887790679931641e-01
2.894615232944488525e-01
1.015391573309898376e-01
1.412758976221084595e-01
1.940430402755737305e-01
9.396337270736694336e-01
6.803593039512634277e-02
9.028966426849365234e-01
3.056049644947052002e-01
2.744772434234619141e-01
9.594257920980453491e-02
9.356173276901245117e-01
2.982382774353027344e-01
3.070490956306457520e-01
6.381590664386749268e-02
4.669383764266967773e-01
6.430447101593017578e-01
9.022570848464965820e-01
1.184651404619216919e-01
3.910578414797782898e-02
9.323242306709289551e-02
1.423357613384723663e-02
2.008780390024185181e-01
9.199415445327758789e-01
1.682458072900772095e-01
9.134160727262496948e-02
1.373472809791564941e-01
1.654262542724609375e-01
2.642460726201534271e-02
9.201198816299438477e-01
3.979989290237426758e-01
1.041925102472305298e-01
5.892393738031387329e-02
4.565123319625854492e-01
4.895866513252258301e-01
2.680809199810028076e-01
5.510890483856201172e-01
1.892489343881607056e-01
3.654545247554779053e-01
7.998110055923461914e-01
4.038161337375640869e-01
3.751260414719581604e-02
2.432269155979156494e-01
2.174878418445587158e-01
1.643412113189697266e-01
1.239176616072654724e-01
2.938326001167297363e-01
7.174971103668212891e-01
2.341794073581695557e-01
5.025733709335327148e-01
4.724236428737640381e-01
7.690020799636840820e-01
5.821567177772521973e-01
4.607813656330108643e-01
2.780318558216094971e-01
3.641770184040069580e-01
2.434254884719848633e-01
5.285666584968566895e-01
1.143095940351486206e-01
3.673805594444274902e-01
9.918740391731262207e-01
1.622829884290695190e-01
9.550055861473083496e-01
1.169315204024314880e-01
7.386392951011657715e-01
5.452104210853576660e-01
7.886728644371032715e-02
9.496597647666931152e-01
8.015777468681335449e-01
5.939607024192810059e-01
8.234453797340393066e-01
1.862421780824661255e-01
7.163175344467163086e-01
8.657392859458923340e-02
2.277734577655792236e-01
2.852878570556640625e-01
2.658991813659667969e-01
7.150823473930358887e-01
7.576732635498046875e-01
2.902044914662837982e-02
9.559187293052673340e-01
1.698602139949798584e-01
9.483990669250488281e-01
2.203602939844131470e-01
2.051361054182052612e-01
6.504241824150085449e-01
5.033445954322814941e-01
1.583656072616577148e-01
2.223691642284393311e-01
1.320567876100540161e-01
2.797573506832122803e-01
3.157763779163360596e-01
7.458453774452209473e-01
1.084031611680984497e-01
1.919310092926025391e-01
2.250704169273376465e-01
3.791647553443908691e-01
3.633725047111511230e-01
6.635435670614242554e-02
7.129368185997009277e-01
8.036526441574096680e-01
7.990048527717590332e-01
1.182151585817337036e-01
3.306436240673065186e-01
4.119544625282287598e-01
3.031256198883056641e-01
7.112036347389221191e-01
8.264153003692626953e-01
3.679478466510772705e-01
8.371996134519577026e-02
6.213259100914001465e-01
7.551341503858566284e-02
3.310071527957916260e-01
1.109076291322708130e-01
5.002497434616088867e-01
9.355463832616806030e-02
3.975119069218635559e-02
2.685126289725303650e-02
2.541024982929229736e-01
8.378741741180419922e-01
3.931453227996826172e-01
3.085362613201141357e-01
4.460691213607788086e-01
8.175915479660034180e-01
2.462536841630935669e-01
5.896778702735900879e-01
6.432093977928161621e-01
2.818048298358917236e-01
2.461289614439010620e-01
9.682998061180114746e-01
2.008023113012313843e-01
1.291749030351638794e-01
1.211712136864662170e-01
6.017555594444274902e-01
7.671916484832763672e-01
3.268705606460571289e-01
9.136676043272018433e-02
4.766297340393066406e-01
9.544800519943237305e-01
2.988647222518920898e-01
2.697785496711730957e-01
4.257200956344604492e-01
4.258591234683990479e-01
2.612728774547576904e-01
2.481617629528045654e-01
2.401265054941177368e-01
4.980833455920219421e-02
4.580636620521545410e-01
8.793732523918151855e-01
3.336357474327087402e-01
6.322581321001052856e-02
3.543622791767120361e-02
1.290604174137115479e-01
2.472703531384468079e-02
3.572100400924682617e-01
1.778989881277084351e-01
7.931753396987915039e-01
4.249587059020996094e-01
6.213061809539794922e-01
2.273786962032318115e-01
1.651563644409179688e-01
1.860555261373519897e-01
4.729258418083190918e-01
7.643248438835144043e-01
2.182695455849170685e-02
9.129723906517028809e-02
1.381279230117797852e-01
5.469523072242736816e-01
1.454976350069046021e-01
1.807664521038532257e-02
9.090849161148071289e-01
3.290452808141708374e-02
2.547705173492431641e-02
2.118628770112991333e-01
4.365199804306030273e-01
9.284558892250061035e-01
7.216359972953796387e-01
2.615178227424621582e-01
8.475202322006225586e-02
1.016649529337882996e-01
2.822118699550628662e-01
3.731435835361480713e-01
7.316098213195800781e-01
8.294215202331542969e-01
9.739142656326293945e-02
2.318853437900543213e-01
4.705263376235961914e-01
6.548833847045898438e-02
7.060683518648147583e-02
1.343802064657211304e-01
1.608490943908691406e-01
6.856256723403930664e-01
9.122928231954574585e-02
1.488748341798782349e-01
7.828615307807922363e-01
1.333970725536346436e-01
6.837694644927978516e-01
4.658229649066925049e-01
7.837450504302978516e-01
2.636017650365829468e-02
8.220720291137695312e-02
3.314653784036636353e-02
1.020544171333312988e-01
1.410858631134033203e-01
8.155781030654907227e-01
3.868087530136108398e-01
7.042328119277954102e-01
8.042598962783813477e-01
9.758200645446777344e-01
1.664647907018661499e-01
1.766251623630523682e-01
2.319154515862464905e-02
7.542910575866699219e-01
9.737459570169448853e-02
6.737759709358215332e-02
1.738794334232807159e-02
1.205135807394981384e-01
1.260725706815719604e-01
3.782116770744323730e-01
5.760957002639770508e-01
5.236066132783889771e-02
4.001592993736267090e-01
1.698605418205261230e-01
2.068810313940048218e-01
9.276998043060302734e-01
5.066562816500663757e-02
9.365100860595703125e-01
5.795879364013671875e-01
9.429535865783691406e-01
5.820120573043823242e-01
7.262698560953140259e-02
9.366518855094909668e-01
6.710395216941833496e-02
3.652417659759521484e-02
6.274249553680419922e-01
5.474362969398498535e-01
5.112510323524475098e-01
1.347195506095886230e-01
7.143884301185607910e-01
8.172413110733032227e-01
1.031685918569564819e-01
1.688245087862014771e-01
2.224472314119338989e-01
3.505131006240844727e-01
1.008766144514083862e-01
9.324415922164916992e-01
3.720949292182922363e-01
2.461783140897750854e-01
7.868530154228210449e-01
8.025871515274047852e-01
2.004351317882537842e-01
8.613784909248352051e-01
2.481741607189178467e-01
5.568822622299194336e-01
2.883189320564270020e-01
9.600773453712463379e-02
6.735222879797220230e-03
1.790680736303329468e-01
7.630605697631835938e-01
5.639063119888305664e-01
5.856980085372924805e-01
1.307419091463088989e-01
2.230104804039001465e-01
8.622794598340988159e-02
7.406005263328552246e-01
1.051158308982849121e-01
1.253694593906402588e-01
1.201411336660385132e-01
6.710067391395568848e-01
4.662785530090332031e-01
2.963227331638336182e-01
1.325030773878097534e-01
1.525976061820983887e-01
9.190571308135986328e-02
3.844946324825286865e-01
3.031714558601379395e-01
6.015212535858154297e-01
7.139269113540649414e-01
5.233923792839050293e-01
3.061327338218688965e-01
1.653253734111785889e-01
9.849163889884948730e-02
4.671907424926757812e-01
6.887059807777404785e-01
7.092715501785278320e-01
6.058641076087951660e-01
2.412974089384078979e-01
5.790696740150451660e-01
7.428133487701416016e-01
4.146900773048400879e-02
7.042933106422424316e-01
2.949872612953186035e-01
5.915616750717163086e-01
9.511041045188903809e-01
2.097809761762619019e-01
1.540342569351196289e-01
2.811998501420021057e-02
3.195906803011894226e-02
6.951425969600677490e-02
2.029511630535125732e-01
8.527216911315917969e-01
3.467843830585479736e-01
1.585411280393600464e-02
7.027305364608764648e-01
3.447359502315521240e-01
5.586761832237243652e-01
1.035566926002502441e-01
1.728486716747283936e-01
1.768784970045089722e-01
1.177053898572921753e-01
1.579301059246063232e-01
3.178650885820388794e-02
6.031279563903808594e-01
7.128677964210510254e-01
1.522344350814819336e-01
1.312088370323181152e-01
7.654148340225219727e-01
6.980661749839782715e-01
7.341194748878479004e-01
3.540018200874328613e-01
3.252850472927093506e-01
2.588658928871154785e-01
5.710195302963256836e-01
7.301194667816162109e-01
7.398226261138916016e-01
2.977468967437744141e-01
2.047642469406127930e-01
3.070779740810394287e-01
6.585875749588012695e-01
5.637426674365997314e-02
1.213008165359497070e-01
9.650116562843322754e-01
1.417277008295059204e-01
3.519584611058235168e-02
4.592227563261985779e-02
5.829535126686096191e-01
6.278559565544128418e-02
6.940723061561584473e-01
4.098412692546844482e-01
1.565376371145248413e-01
3.209474682807922363e-01
4.567813500761985779e-02
5.616025254130363464e-02
4.504155516624450684e-01
6.424916535615921021e-02
2.920150756835937500e-01
3.856945335865020752e-01
2.004203572869300842e-02
8.948561549186706543e-01
7.072758078575134277e-01
3.284557461738586426e-01
1.564435474574565887e-02
7.889742255210876465e-01
6.752458214759826660e-02
1.040685549378395081e-01
5.296212434768676758e-01
2.313666194677352905e-01
1.924914270639419556e-01
6.019845604896545410e-01
2.812961116433143616e-02
7.241759896278381348e-01
3.275552392005920410e-01
4.698783904314041138e-02
2.241493389010429382e-02
2.291130721569061279e-01
5.095583200454711914e-01
1.147665232419967651e-01
9.002175182104110718e-02
6.611016988754272461e-01
7.751746475696563721e-02
5.963749289512634277e-01
1.570667512714862823e-02
6.028586626052856445e-02
8.098687529563903809e-01
2.933708429336547852e-01
5.481721758842468262e-01
2.936109304428100586e-01
2.405397444963455200e-01
8.303151726722717285e-01
2.136314958333969116e-01
6.135340929031372070e-01
5.903007090091705322e-02
7.334328293800354004e-01
4.944595396518707275e-01
9.003999829292297363e-01
7.822065949440002441e-01
3.761115074157714844e-01
8.295121788978576660e-02
8.562326431274414062e-01
2.101976424455642700e-01
1.386259198188781738e-01
1.452733576297760010e-01
1.386158447712659836e-02
4.431480467319488525e-01
3.417990803718566895e-01
4.850762486457824707e-01
6.504218578338623047e-01
7.779842615127563477e-01
4.105448424816131592e-01
4.180467128753662109e-02
7.673940062522888184e-02
7.153794169425964355e-01
2.992913722991943359e-01
4.322648346424102783e-01
2.208895683288574219e-01
7.360714673995971680e-02
2.443933188915252686e-01
4.241082444787025452e-02
3.681432008743286133e-01
7.180737257003784180e-01
1.299653947353363037e-01
2.976398169994354248e-02
2.959757149219512939e-01
5.675998702645301819e-02
8.997406959533691406e-01
1.130882501602172852e-01
3.539000749588012695e-01
5.513589978218078613e-01
2.083250880241394043e-01
4.723255634307861328e-01
1.637006551027297974e-01
8.031037449836730957e-02
5.844753980636596680e-01
3.365735709667205811e-01
4.936854541301727295e-01
4.728846251964569092e-01
7.704305648803710938e-01
7.689095735549926758e-01
8.323693871498107910e-01
8.294228464365005493e-02
1.762334257364273071e-01
1.590777039527893066e-01
1.825773417949676514e-01
6.037881374359130859e-01
7.908742129802703857e-02
1.218707635998725891e-01
6.560660600662231445e-01
1.219211965799331665e-01
8.379715085029602051e-01
9.666842818260192871e-01
1.210480369627475739e-02
1.560962498188018799e-01
7.335539907217025757e-02
4.504498094320297241e-02
2.918901741504669189e-01
1.809325367212295532e-01
1.812073737382888794e-01
5.024705529212951660e-01
1.007699221372604370e-01
4.489113092422485352e-01
2.378949224948883057e-01
1.086857020854949951e-01
4.319695383310317993e-02
2.942041754722595215e-01
4.330791234970092773e-01
5.829372406005859375e-01
7.206050753593444824e-01
6.519491672515869141e-01
9.456905126571655273e-01
9.390618652105331421e-02
4.938305541872978210e-02
8.332815766334533691e-01
7.510401606559753418e-01
8.971294760704040527e-01
8.591795712709426880e-02
8.715935051441192627e-02
6.416176557540893555e-01
8.317602276802062988e-01
1.152896732091903687e-01
2.767095267772674561e-01
8.642904460430145264e-02
2.434247881174087524e-01
1.370386183261871338e-01
9.200748205184936523e-01
8.903358578681945801e-01
1.197724044322967529e-01
3.993803262710571289e-02
4.104577749967575073e-02
7.715334892272949219e-01
5.861805677413940430e-01
3.527253493666648865e-02
2.041444629430770874e-01
7.327134013175964355e-01
5.034149065613746643e-02
6.520771384239196777e-01
8.579303324222564697e-02
3.843924403190612793e-01
6.565231084823608398e-01
9.748843312263488770e-01
9.907475858926773071e-02
8.936101198196411133e-01
8.199216425418853760e-02
5.633337423205375671e-02
9.125824272632598877e-02
4.488529562950134277e-01
1.034011021256446838e-01
8.529888391494750977e-01
2.274422645568847656e-01
6.188028454780578613e-01
1.970314383506774902e-01
1.165410652756690979e-01
7.094475626945495605e-02
4.152417480945587158e-01
5.884729623794555664e-01
7.261977195739746094e-01
1.766582578420639038e-01
3.777515292167663574e-01
8.099915981292724609e-01
3.514190316200256348e-01
9.567414969205856323e-02
4.174038767814636230e-01
8.244357705116271973e-01
4.742073118686676025e-01
7.234475016593933105e-02
9.818015098571777344e-01
2.246160805225372314e-01
5.305619165301322937e-02
9.893523454666137695e-01
3.813907206058502197e-01
7.118821144104003906e-01
8.793436884880065918e-01
1.999052613973617554e-01
5.486593246459960938e-01
1.270802915096282959e-01
3.596815839409828186e-02
1.471455991268157959e-01
3.161180913448333740e-01
6.841079890727996826e-02
1.999974548816680908e-01
2.154082059860229492e-02
4.678604304790496826e-01
1.723599433898925781e-01
2.579860985279083252e-01
2.886692583560943604e-01
1.311349570751190186e-01
2.633467018604278564e-01
6.628186702728271484e-01
2.785918414592742920e-01
9.516142606735229492e-01
2.871147096157073975e-01
2.263512909412384033e-01
3.143396377563476562e-01
1.528731882572174072e-01
5.539278984069824219e-01
1.071292608976364136e-01
8.753668069839477539e-01
2.737028002738952637e-01
9.442907571792602539e-01
1.819525212049484253e-01
4.304315447807312012e-01
4.591644704341888428e-01
4.123751446604728699e-02
3.597498834133148193e-01
4.097844660282135010e-02
8.488038778305053711e-01
7.251532375812530518e-02
1.551837325096130371e-01
2.891813814640045166e-01
8.612250089645385742e-01
1.556943356990814209e-01
2.432230263948440552e-01
3.582335710525512695e-01
7.082759737968444824e-01
7.710075974464416504e-01
3.151287138462066650e-01
6.662063002586364746e-01
1.247164756059646606e-01
7.372413873672485352e-01
3.313758224248886108e-02
2.892158329486846924e-01
5.592508912086486816e-01
1.442388296127319336e-01
2.589041590690612793e-01
5.445735454559326172e-01
7.847958803176879883e-01
3.072921931743621826e-01
1.402553170919418335e-01
2.210745811462402344e-01
8.772016167640686035e-01
1.549539119005203247e-01
8.303736448287963867e-01
1.943157315254211426e-01
3.153158724308013916e-02
5.355568528175354004e-01
3.307868838310241699e-01
9.688407182693481445e-02
9.860315322875976562e-01
6.931638717651367188e-02
5.163009464740753174e-02
2.365992367267608643e-01
6.952735781669616699e-01
1.857573688030242920e-01
8.750413060188293457e-01
7.234783172607421875e-01
5.515662580728530884e-02
3.099154233932495117e-01
3.147920668125152588e-01
7.404166460037231445e-01
8.852478116750717163e-02
3.066796436905860901e-02
4.758940935134887695e-01
3.716493546962738037e-01
4.304560124874114990e-01
9.800863862037658691e-01
1.682818382978439331e-01
3.585784137248992920e-01
2.726693451404571533e-01
2.859375476837158203e-01
5.112594738602638245e-02
7.402183413505554199e-01
3.731578886508941650e-01
8.081598877906799316e-01
4.347118139266967773e-01
9.364365935325622559e-01
1.586610823869705200e-01
3.732861876487731934e-01
6.234509944915771484e-01
2.500337362289428711e-01
6.941204071044921875e-01
1.771501004695892334e-01
1.067749485373497009e-01
7.154047489166259766e-01
5.321447253227233887e-01
7.878767251968383789e-01
8.249765634536743164e-01
2.651478648185729980e-01
3.642491698265075684e-01
8.935438841581344604e-02
