5.451803803443908691e-01
8.380533456802368164e-01
9.278173446655273438e-01
3.376427888870239258e-01
4.590488970279693604e-01
2.663050219416618347e-02
9.379979968070983887e-01
8.078950643539428711e-01
9.456256031990051270e-01
7.929812669754028320e-01
8.103479146957397461e-01
9.177698493003845215e-01
6.232329010963439941e-01
9.726138710975646973e-01
7.925493121147155762e-01
9.605360031127929688e-01
8.057302236557006836e-01
8.080920577049255371e-01
5.590607523918151855e-01
9.060533642768859863e-01
9.238895773887634277e-01
7.545086741447448730e-01
9.209322333335876465e-01
1.344508975744247437e-01
9.204814434051513672e-01
7.858942151069641113e-01
8.588344454765319824e-01
8.962477445602416992e-01
8.243890404701232910e-01
6.107329130172729492e-01
9.303817152976989746e-01
9.437584280967712402e-01
9.890481829643249512e-01
9.231417179107666016e-01
8.156760334968566895e-01
9.476161599159240723e-01
6.675097346305847168e-01
8.795973062515258789e-01
9.485245347023010254e-01
8.396309018135070801e-01
9.706187844276428223e-01
8.327810168266296387e-01
8.526835441589355469e-01
9.595304727554321289e-01
9.235407114028930664e-01
6.806473731994628906e-01
8.281408548355102539e-01
8.638789653778076172e-01
2.949457382783293724e-03
7.647073864936828613e-01
4.433543682098388672e-01
5.081838369369506836e-01
3.009947240352630615e-01
8.966999053955078125e-01
8.151225447654724121e-01
8.919253349304199219e-01
5.564295649528503418e-01
3.189554214477539062e-01
5.476924180984497070e-01
1.805156767368316650e-01
7.233687639236450195e-01
9.493595957756042480e-01
9.398040175437927246e-01
3.488550782203674316e-01
8.788259625434875488e-01
8.390380144119262695e-01
6.573986411094665527e-01
5.287823081016540527e-01
6.010727286338806152e-01
7.882524728775024414e-01
8.472145795822143555e-01
9.406406879425048828e-01
1.399090886116027832e-01
9.164966940879821777e-01
8.993287682533264160e-01
8.932809829711914062e-01
9.334114789962768555e-01
5.673699975013732910e-01
9.220915436744689941e-01
4.676418304443359375e-01
7.313936352729797363e-01
3.973024189472198486e-01
7.684611082077026367e-01
4.258390963077545166e-01
8.385001420974731445e-01
8.917601108551025391e-01
9.145594239234924316e-01
5.992084741592407227e-01
8.928605318069458008e-01
7.049762606620788574e-01
9.613419175148010254e-01
8.987556695938110352e-01
8.580007553100585938e-01
5.691084861755371094e-01
6.695793271064758301e-01
9.707108139991760254e-01
7.231971621513366699e-01
8.706922531127929688e-01
2.760857343673706055e-01
9.671407938003540039e-01
9.662973284721374512e-01
9.140819907188415527e-01
8.958578705787658691e-01
6.642876267433166504e-01
8.689344525337219238e-01
8.694491386413574219e-01
9.829467535018920898e-01
5.179996490478515625e-01
9.390953183174133301e-01
9.284911155700683594e-01
5.610417127609252930e-01
9.808869361877441406e-01
9.287331104278564453e-01
8.565815687179565430e-01
9.601578116416931152e-01
6.089085340499877930e-01
9.751450419425964355e-01
4.834563732147216797e-01
4.955401122570037842e-01
8.842007517814636230e-01
2.859590351581573486e-01
5.849993228912353516e-01
2.296774461865425110e-02
8.981462717056274414e-01
9.582346081733703613e-01
9.639801383018493652e-01
9.518877863883972168e-01
8.887131810188293457e-01
9.773229360580444336e-01
9.833800196647644043e-01
8.211018443107604980e-01
9.866148829460144043e-01
9.347934126853942871e-01
9.344955682754516602e-01
9.720289707183837891e-01
9.478514790534973145e-01
9.795711040496826172e-01
9.555692672729492188e-01
9.638020396232604980e-01
8.540391921997070312e-01
9.189180135726928711e-01
7.175266146659851074e-01
8.769264221191406250e-01
8.597401976585388184e-01
5.972019433975219727e-01
2.348217368125915527e-02
8.057113885879516602e-01
9.508546590805053711e-01
5.796331167221069336e-01
5.379728674888610840e-01
8.745851516723632812e-01
4.706145823001861572e-02
8.013637661933898926e-01
8.276587128639221191e-01
9.548751711845397949e-01
7.166447639465332031e-01
9.311572909355163574e-01
8.379113674163818359e-01
9.321647882461547852e-01
5.708069205284118652e-01
8.131498098373413086e-01
8.013167977333068848e-01
7.308839559555053711e-01
5.848218202590942383e-01
6.909131407737731934e-01
8.163930177688598633e-01
9.762207269668579102e-01
9.442707896232604980e-01
9.073157906532287598e-01
9.837945103645324707e-01
8.794098496437072754e-01
9.459730386734008789e-01
8.243082761764526367e-01
5.083095431327819824e-01
1.119359023869037628e-02
1.348591893911361694e-01
9.245941638946533203e-01
9.916167855262756348e-01
9.728847146034240723e-01
8.817468285560607910e-01
8.886248469352722168e-01
2.716622948646545410e-01
9.249954223632812500e-01
8.396460413932800293e-01
9.234167933464050293e-01
9.525086283683776855e-01
9.782560467720031738e-01
8.431240320205688477e-01
9.679726958274841309e-01
6.287086606025695801e-01
9.676826596260070801e-01
9.762130975723266602e-01
8.602344393730163574e-01
9.354315996170043945e-01
8.868005275726318359e-01
6.622337102890014648e-01
9.028122425079345703e-01
9.220036864280700684e-01
4.407878816127777100e-01
7.862094044685363770e-01
9.219999313354492188e-01
5.348205566406250000e-01
9.382663965225219727e-01
5.739850401878356934e-01
7.200797200202941895e-01
8.251062035560607910e-01
9.606708884239196777e-01
9.748309850692749023e-01
9.566824436187744141e-01
6.498236060142517090e-01
8.108088374137878418e-01
9.700711965560913086e-01
3.210414648056030273e-01
9.788123965263366699e-01
9.203302115201950073e-02
2.006499767303466797e-01
4.245008826255798340e-01
9.000703692436218262e-01
1.619706898927688599e-01
8.847466111183166504e-01
2.217148095369338989e-01
7.733590602874755859e-01
2.280874103307723999e-01
5.367149710655212402e-01
7.641771435737609863e-01
5.348607301712036133e-01
8.528271913528442383e-01
8.647634983062744141e-01
8.120465874671936035e-01
6.295207142829895020e-01
7.967360615730285645e-01
2.403728663921356201e-01
8.020055294036865234e-01
6.754576563835144043e-01
7.123506665229797363e-01
8.817036747932434082e-01
7.903974056243896484e-01
6.456429362297058105e-01
5.852189660072326660e-02
5.057308077812194824e-01
5.381714701652526855e-01
8.389583826065063477e-01
2.874501347541809082e-01
2.183922939002513885e-02
8.676198124885559082e-01
8.400156497955322266e-01
9.683798551559448242e-01
7.337278723716735840e-01
9.676475524902343750e-01
9.814783334732055664e-01
9.744317531585693359e-01
9.491870999336242676e-01
6.213878393173217773e-01
9.811989068984985352e-01
9.687747359275817871e-01
7.946959137916564941e-01
8.244482874870300293e-01
9.510426521301269531e-01
6.652845740318298340e-01
9.407091140747070312e-01
7.878506183624267578e-01
8.866549730300903320e-01
9.591756463050842285e-01
8.333354592323303223e-01
4.337396025657653809e-01
8.932774066925048828e-01
9.352546185255050659e-02
4.955261647701263428e-01
7.847021222114562988e-01
7.323836684226989746e-01
4.780986607074737549e-01
5.523452162742614746e-01
7.219609022140502930e-01
7.270542979240417480e-01
6.463683843612670898e-01
7.963615059852600098e-01
9.028272628784179688e-01
8.978967666625976562e-01
9.258646965026855469e-01
7.109517455101013184e-01
7.671055197715759277e-01
9.442816376686096191e-01
6.062822341918945312e-01
5.070716738700866699e-01
8.869661092758178711e-01
7.768464088439941406e-01
8.885203599929809570e-01
8.107706904411315918e-01
2.885224297642707825e-02
1.308029443025588989e-01
3.114258646965026855e-01
6.323157548904418945e-01
9.377746582031250000e-01
4.464608728885650635e-01
7.528984546661376953e-01
2.401585131883621216e-01
9.198155999183654785e-01
2.810682654380798340e-01
8.342671394348144531e-01
5.748768448829650879e-01
9.035881757736206055e-01
8.402415513992309570e-01
6.327689886093139648e-01
9.562891721725463867e-01
9.576211571693420410e-01
5.669723153114318848e-01
9.452190995216369629e-01
6.023615002632141113e-01
9.196546673774719238e-01
9.460135698318481445e-01
7.327765822410583496e-01
8.907712697982788086e-01
2.873079180717468262e-01
5.317488312721252441e-01
9.239287972450256348e-01
7.350538372993469238e-01
4.010320007801055908e-01
9.293282032012939453e-01
8.771013617515563965e-01
9.625608325004577637e-01
1.932182312011718750e-01
5.602732896804809570e-01
9.769738316535949707e-01
4.292549192905426025e-01
3.614812791347503662e-01
6.757223606109619141e-01
9.160249233245849609e-01
6.191723942756652832e-01
7.658650279045104980e-01
9.076811075210571289e-01
4.533869028091430664e-01
9.099614620208740234e-01
3.350792527198791504e-01
8.102682232856750488e-01
8.626031875610351562e-01
6.925362944602966309e-01
6.807439923286437988e-01
4.447661340236663818e-01
5.927125811576843262e-01
9.558799266815185547e-01
6.093064546585083008e-01
9.115562438964843750e-01
9.470431208610534668e-01
9.154000282287597656e-01
7.391055822372436523e-01
8.733077049255371094e-01
9.652741551399230957e-01
9.672135114669799805e-01
6.762961745262145996e-01
9.723069071769714355e-01
7.730417251586914062e-01
9.793288707733154297e-01
8.874219655990600586e-01
9.373158216476440430e-01
9.318525791168212891e-01
4.911049008369445801e-01
7.513494491577148438e-01
9.620582461357116699e-01
9.560569524765014648e-01
9.520202875137329102e-01
3.268926404416561127e-03
5.514989495277404785e-01
5.362816452980041504e-01
9.209251999855041504e-01
6.743239760398864746e-01
5.008730292320251465e-01
6.185752525925636292e-02
3.878426253795623779e-01
8.966839909553527832e-01
9.331471323966979980e-01
9.283267855644226074e-01
6.253153681755065918e-01
3.123072683811187744e-01
7.564176321029663086e-01
9.479075074195861816e-01
8.924238085746765137e-01
9.034753441810607910e-01
9.549039602279663086e-01
7.692168354988098145e-01
9.229854941368103027e-01
9.601407051086425781e-01
9.235578775405883789e-01
9.758055210113525391e-01
9.170019030570983887e-01
5.998562574386596680e-01
8.529303073883056641e-01
7.393845319747924805e-01
7.867758274078369141e-01
1.451664268970489502e-01
9.025660753250122070e-01
8.959518074989318848e-01
9.054227471351623535e-01
5.922698378562927246e-01
8.365928530693054199e-01
9.133239388465881348e-01
7.830776572227478027e-01
8.852757811546325684e-01
6.949943304061889648e-01
9.212133884429931641e-01
8.464621305465698242e-01
8.857584595680236816e-01
6.286904811859130859e-01
8.941805362701416016e-01
8.900857567787170410e-01
7.998026013374328613e-01
1.279305964708328247e-01
9.094562530517578125e-01
6.532498002052307129e-01
7.733866572380065918e-01
8.559445142745971680e-01
8.500013351440429688e-01
4.657901227474212646e-01
8.393984436988830566e-01
3.922380208969116211e-01
9.156934022903442383e-01
9.136552810668945312e-01
6.228631138801574707e-01
9.131456613540649414e-01
6.296341419219970703e-01
3.443753719329833984e-01
8.231433629989624023e-01
7.487841844558715820e-01
9.464140534400939941e-01
9.704927206039428711e-01
3.028805553913116455e-01
9.434574842453002930e-01
1.055943518877029419e-01
6.216726303100585938e-01
7.913752794265747070e-01
7.750285267829895020e-01
7.086311578750610352e-01
2.562411427497863770e-01
3.407053649425506592e-01
5.539370179176330566e-01
9.564493894577026367e-01
8.554510474205017090e-01
8.106702566146850586e-01
7.647379636764526367e-01
9.574059247970581055e-01
8.580009341239929199e-01
8.146740794181823730e-01
7.716337442398071289e-01
9.104030132293701172e-01
8.945701718330383301e-01
9.486467242240905762e-01
6.761959791183471680e-01
8.803924322128295898e-01
9.378824234008789062e-01
5.549919009208679199e-01
8.628637790679931641e-01
9.344877600669860840e-01
9.777655005455017090e-01
7.053198218345642090e-01
8.874322772026062012e-01
6.981743574142456055e-01
9.428412914276123047e-01
3.139413595199584961e-01
7.920318245887756348e-01
9.796662926673889160e-01
9.091501832008361816e-01
5.360194444656372070e-01
8.568429946899414062e-01
4.951933026313781738e-01
6.667971014976501465e-01
9.010286331176757812e-01
6.107901930809020996e-01
5.396472811698913574e-01
9.425803422927856445e-01
9.206984639167785645e-01
9.685050845146179199e-01
9.868800640106201172e-01
9.359359741210937500e-01
9.630084633827209473e-01
5.824306011199951172e-01
8.526880145072937012e-01
9.337574243545532227e-01
8.346586823463439941e-01
9.714501500129699707e-01
9.450174570083618164e-01
9.670273065567016602e-01
5.187993645668029785e-01
7.471960783004760742e-01
8.328741192817687988e-01
9.209821224212646484e-01
9.080323576927185059e-01
8.406798839569091797e-01
6.966880559921264648e-01
8.861896991729736328e-01
8.829621076583862305e-01
8.859490752220153809e-01
9.046815633773803711e-01
5.273094773292541504e-01
1.247839536517858505e-02
5.942233204841613770e-01
5.994740128517150879e-01
9.453271627426147461e-01
9.082192182540893555e-01
9.858658313751220703e-01
9.271048903465270996e-01
6.498678326606750488e-01
9.664652347564697266e-01
7.746858000755310059e-01
2.837146222591400146e-01
8.337850570678710938e-01
3.150868117809295654e-01
9.578542709350585938e-01
6.172738075256347656e-01
9.013495445251464844e-01
9.381984472274780273e-01
9.287864565849304199e-01
8.580570220947265625e-01
8.777138590812683105e-01
8.881601691246032715e-01
7.862269878387451172e-01
8.829995393753051758e-01
7.335618138313293457e-01
9.063129425048828125e-01
9.278047084808349609e-01
9.521564841270446777e-01
9.650626182556152344e-01
8.873650431632995605e-01
9.769458174705505371e-01
9.243292808532714844e-01
8.468783497810363770e-01
8.628203868865966797e-01
9.373912215232849121e-01
9.453174471855163574e-01
8.931560516357421875e-01
4.342767894268035889e-01
3.343444168567657471e-01
5.191153660416603088e-02
9.140871763229370117e-01
5.686045289039611816e-01
7.694150209426879883e-01
7.842643260955810547e-01
9.035383462905883789e-01
6.137596964836120605e-01
1.564720869064331055e-01
9.164963960647583008e-01
5.774720907211303711e-01
8.908933401107788086e-01
7.953417897224426270e-01
5.211061835289001465e-01
9.407423734664916992e-01
9.276674985885620117e-01
9.112133979797363281e-01
9.563726186752319336e-01
9.039385914802551270e-01
9.354591965675354004e-01
9.035940170288085938e-01
8.465647101402282715e-01
7.017743587493896484e-01
1.614281386137008667e-01
6.930201649665832520e-01
6.620090603828430176e-01
9.549149274826049805e-01
6.821647882461547852e-01
2.539906203746795654e-01
9.186058044433593750e-01
5.597653985023498535e-01
4.159528315067291260e-01
7.250758409500122070e-01
9.520671963691711426e-01
4.861826896667480469e-01
6.456574201583862305e-01
9.023976922035217285e-01
7.788606286048889160e-01
7.835835218429565430e-01
9.466738104820251465e-01
8.954589366912841797e-01
9.513184428215026855e-01
7.438406348228454590e-01
9.112716317176818848e-01
1.806897222995758057e-01
9.755880236625671387e-01
9.674878120422363281e-01
6.021117568016052246e-01
8.455014228820800781e-02
9.273778200149536133e-01
8.522197008132934570e-01
9.167090058326721191e-01
8.710541129112243652e-01
9.612922072410583496e-01
8.339842557907104492e-01
6.728813052177429199e-01
4.818536639213562012e-01
6.644201874732971191e-01
9.381554722785949707e-01
9.271892905235290527e-01
9.705345630645751953e-01
9.618823528289794922e-01
9.453263878822326660e-01
8.679640889167785645e-01
9.178062677383422852e-01
8.441178202629089355e-01
5.994562059640884399e-02
9.613507390022277832e-01
6.413725018501281738e-01
6.773824691772460938e-01
9.491993188858032227e-01
6.371905803680419922e-01
2.942665517330169678e-01
5.632485151290893555e-01
8.052562475204467773e-01
4.816596806049346924e-01
5.793585777282714844e-01
7.069358825683593750e-01
9.073109626770019531e-01
7.810133099555969238e-01
9.586891531944274902e-01
9.578346014022827148e-01
4.261623620986938477e-01
9.765896201133728027e-01
7.997208833694458008e-01
9.389214515686035156e-01
3.680264651775360107e-01
9.647475481033325195e-01
6.132869124412536621e-01
9.416018128395080566e-01
6.241716742515563965e-01
9.285163879394531250e-01
8.652837872505187988e-01
3.517184257507324219e-01
9.615731239318847656e-01
8.499200344085693359e-01
4.685453772544860840e-01
9.083048105239868164e-01
7.678235769271850586e-01
8.471500873565673828e-01
9.474196434020996094e-01
7.082955837249755859e-01
9.343776702880859375e-01
6.602191925048828125e-01
8.022329211235046387e-01
9.668853282928466797e-01
9.304628372192382812e-01
7.455313801765441895e-01
8.288866281509399414e-01
1.175661459565162659e-01
9.575952291488647461e-01
6.277215480804443359e-01
9.412649869918823242e-01
7.791953682899475098e-01
7.038742303848266602e-01
8.867712616920471191e-01
8.034269213676452637e-01
4.199199080467224121e-01
7.598336935043334961e-01
2.966765500605106354e-02
1.212292462587356567e-01
4.084187746047973633e-01
8.804762363433837891e-01
7.638754248619079590e-01
8.536301255226135254e-01
8.094423413276672363e-01
9.457984566688537598e-01
2.743225097656250000e-01
9.654992818832397461e-01
9.637320637702941895e-01
8.895265460014343262e-01
8.953875303268432617e-01
7.104806303977966309e-01
9.400745034217834473e-01
9.750984311103820801e-01
9.626901745796203613e-01
6.912587881088256836e-01
8.818159103393554688e-01
9.335386157035827637e-01
7.890225648880004883e-01
8.880673646926879883e-01
9.321104288101196289e-01
7.786266803741455078e-01
9.577625393867492676e-01
8.347222208976745605e-01
9.626169800758361816e-01
9.797715544700622559e-01
8.364824056625366211e-01
8.640435338020324707e-01
9.055539369583129883e-01
9.411890506744384766e-01
9.259517192840576172e-01
8.960506916046142578e-01
9.554911255836486816e-01
8.828241229057312012e-01
7.914891242980957031e-01
9.570999741554260254e-01
9.230058789253234863e-01
9.804254174232482910e-01
9.709886908531188965e-01
9.692710041999816895e-01
9.830189347267150879e-01
8.911234736442565918e-01
9.805514812469482422e-01
9.620102047920227051e-01
6.328980326652526855e-01
9.448251128196716309e-01
5.312796235084533691e-01
8.811184763908386230e-01
6.993776559829711914e-01
8.890507221221923828e-01
6.177617907524108887e-01
8.862770795822143555e-01
4.433346390724182129e-01
9.185398221015930176e-01
9.057832360267639160e-01
8.999417424201965332e-01
6.669498085975646973e-01
5.099512338638305664e-01
7.707169651985168457e-01
9.949023723602294922e-01
9.669759273529052734e-01
8.608223795890808105e-01
2.137800604104995728e-01
8.440589308738708496e-01
9.717024564743041992e-01
8.288799524307250977e-01
8.587774038314819336e-01
7.853953838348388672e-01
9.360021948814392090e-01
8.715329170227050781e-01
2.343471944332122803e-01
9.571283459663391113e-01
8.784548044204711914e-01
1.299091428518295288e-01
5.884090065956115723e-01
5.759088993072509766e-01
5.693566203117370605e-01
9.726306796073913574e-01
8.722075819969177246e-01
9.036316871643066406e-01
5.783928036689758301e-01
8.347444534301757812e-01
7.991896867752075195e-01
9.210501313209533691e-01
9.299691319465637207e-01
9.782203435897827148e-01
5.627382993698120117e-01
9.794308543205261230e-01
9.401520490646362305e-01
7.799342870712280273e-01
9.460921287536621094e-01
9.490546584129333496e-01
9.168158173561096191e-01
9.706723690032958984e-01
8.896130323410034180e-01
6.228770613670349121e-01
8.766660690307617188e-01
9.419580101966857910e-01
5.456692576408386230e-01
9.612459540367126465e-01
9.205254912376403809e-01
2.211084365844726562e-01
6.850076317787170410e-01
8.575247526168823242e-01
9.325249195098876953e-01
9.846691489219665527e-01
9.506230950355529785e-01
8.458098173141479492e-01
9.453122019767761230e-01
7.667975425720214844e-01
6.278363466262817383e-01
9.775788187980651855e-01
9.711586236953735352e-01
9.738867878913879395e-01
9.777512550354003906e-01
8.706415891647338867e-01
9.793927073478698730e-01
8.425693511962890625e-01
2.738996148109436035e-01
3.437244892120361328e-02
1.552961487323045731e-02
8.811055123805999756e-02
9.755744934082031250e-01
6.987024545669555664e-01
8.662607073783874512e-01
5.221738219261169434e-01
7.199376225471496582e-01
8.089478611946105957e-01
5.165165066719055176e-01
9.371489882469177246e-01
3.929719626903533936e-01
7.982692718505859375e-01
9.257568717002868652e-01
8.133227825164794922e-01
9.706113934516906738e-01
9.745122194290161133e-01
9.729593992233276367e-01
9.103477597236633301e-01
9.303408265113830566e-01
8.657419085502624512e-01
8.106491565704345703e-01
9.443988800048828125e-01
4.808427691459655762e-01
9.216515421867370605e-01
8.231399655342102051e-01
9.163339138031005859e-01
9.829882979393005371e-01
6.434740424156188965e-01
9.866347908973693848e-01
9.708017706871032715e-01
8.925856351852416992e-01
5.736008286476135254e-01
8.898599147796630859e-01
9.371153712272644043e-01
9.410680532455444336e-01
9.443279504776000977e-01
6.324930787086486816e-01
3.851528763771057129e-01
2.572004199028015137e-01
4.363276362419128418e-01
6.849658489227294922e-01
8.933678269386291504e-01
4.543327987194061279e-01
4.332325458526611328e-01
9.380651116371154785e-01
9.799857139587402344e-01
6.528407335281372070e-01
3.788510262966156006e-01
8.094022870063781738e-01
6.418051719665527344e-01
8.804857730865478516e-01
9.545997381210327148e-01
9.181600809097290039e-01
5.828331112861633301e-01
9.068823456764221191e-01
8.893128633499145508e-01
9.627451896667480469e-01
8.822321295738220215e-01
8.943229317665100098e-01
9.097394347190856934e-01
8.630484342575073242e-01
9.170201420783996582e-01
9.539874196052551270e-01
9.440443515777587891e-01
9.207503795623779297e-01
6.467813253402709961e-01
2.519783973693847656e-01
8.544387817382812500e-01
8.418925404548645020e-01
8.775883316993713379e-01
6.682627797126770020e-01
7.808517813682556152e-01
9.167426265776157379e-03
8.939980268478393555e-01
9.111667275428771973e-01
6.269030570983886719e-01
9.007993936538696289e-01
4.541155099868774414e-01
4.897142946720123291e-01
7.215155363082885742e-01
8.581830263137817383e-01
8.343639373779296875e-01
8.129972219467163086e-01
7.792759537696838379e-01
5.319569706916809082e-01
5.009788870811462402e-01
9.190199971199035645e-01
7.650958895683288574e-01
9.412164092063903809e-01
8.573554158210754395e-01
9.127326607704162598e-01
6.983109116554260254e-01
6.394641995429992676e-01
7.444836497306823730e-01
4.377873539924621582e-01
6.856923103332519531e-01
9.480930566787719727e-01
9.412829279899597168e-01
9.100419878959655762e-01
9.614425897598266602e-01
6.822886466979980469e-01
9.357408285140991211e-01
7.317327857017517090e-01
6.938127279281616211e-01
9.792252182960510254e-01
9.481867551803588867e-01
9.591656923294067383e-01
9.868794083595275879e-01
8.083715438842773438e-01
9.584092497825622559e-01
8.579949736595153809e-01
9.870686531066894531e-01
8.368434906005859375e-01
9.153528213500976562e-01
9.542734026908874512e-01
9.280050396919250488e-01
8.409450650215148926e-01
8.967958092689514160e-01
6.286613345146179199e-01
2.240407764911651611e-01
4.686932563781738281e-01
8.372302055358886719e-01
9.666102528572082520e-01
8.277128338813781738e-01
6.884912848472595215e-01
9.500966966152191162e-02
9.275576472282409668e-01
8.557916283607482910e-01
9.448760747909545898e-01
8.273126482963562012e-01
4.062133431434631348e-01
9.909546971321105957e-01
9.694284796714782715e-01
9.796240329742431641e-01
9.261712431907653809e-01
9.382701516151428223e-01
9.107173085212707520e-01
7.713853120803833008e-01
8.808062076568603516e-01
9.823958873748779297e-01
9.320102930068969727e-01
9.918820261955261230e-01
4.833818078041076660e-01
6.845703125000000000e-01
9.456285238265991211e-01
9.206000566482543945e-01
8.089753389358520508e-01
7.918006777763366699e-01
7.154384851455688477e-01
7.287241816520690918e-01
9.356697797775268555e-01
9.577230215072631836e-01
8.379853367805480957e-01
8.874193429946899414e-01
8.968234062194824219e-01
9.577487111091613770e-01
9.560411572456359863e-01
8.820756077766418457e-01
9.416182637214660645e-01
9.210098385810852051e-01
9.674408435821533203e-01
9.322830438613891602e-01
9.409181475639343262e-01
6.647178530693054199e-01
9.344395995140075684e-01
6.458324939012527466e-02
6.019492149353027344e-01
9.179391264915466309e-01
8.217300176620483398e-01
8.033698201179504395e-01
2.240587770938873291e-01
9.772625565528869629e-01
9.143646359443664551e-01
4.977630674839019775e-01
6.740635037422180176e-01
4.809741675853729248e-01
8.544908761978149414e-01
8.113293051719665527e-01
8.951680064201354980e-01
8.216568827629089355e-01
3.218638896942138672e-01
6.182945966720581055e-01
6.089001521468162537e-02
9.333744645118713379e-01
3.138571083545684814e-01
9.049261808395385742e-01
8.864820599555969238e-01
9.780568480491638184e-01
1.095237359404563904e-01
9.690687656402587891e-01
5.214585065841674805e-01
9.832105636596679688e-01
9.802128672599792480e-01
3.268185257911682129e-01
2.678846120834350586e-01
6.791032552719116211e-01
2.560479342937469482e-01
9.292911291122436523e-01
7.819622755050659180e-01
6.534887850284576416e-02
8.215948939323425293e-01
3.296229839324951172e-01
8.707083463668823242e-01
6.687908619642257690e-02
9.469460844993591309e-01
9.924426674842834473e-01
8.763584494590759277e-01
9.325819015502929688e-01
9.137175679206848145e-01
7.231101393699645996e-01
7.408037185668945312e-01
9.343703389167785645e-01
3.572256565093994141e-01
9.651852250099182129e-01
7.895860671997070312e-01
8.247902989387512207e-01
9.753143191337585449e-01
1.195132732391357422e-01
9.172186255455017090e-01
4.213460981845855713e-01
8.058568239212036133e-01
6.938760876655578613e-01
8.995506167411804199e-01
9.400768280029296875e-01
7.521840929985046387e-01
9.827589392662048340e-01
9.205049872398376465e-01
9.808200001716613770e-01
9.144193530082702637e-01
9.806057810783386230e-01
9.433489441871643066e-01
7.388634681701660156e-01
7.636431455612182617e-01
7.341595292091369629e-01
9.598590731620788574e-01
8.954294919967651367e-01
9.672709703445434570e-01
9.152400493621826172e-01
9.313001632690429688e-01
9.649435281753540039e-01
2.809676229953765869e-01
3.567137718200683594e-01
9.142527580261230469e-01
8.944579958915710449e-01
7.830293849110603333e-03
5.938317775726318359e-01
8.829866647720336914e-01
6.820892095565795898e-01
9.578965902328491211e-01
3.083711564540863037e-01
8.521950244903564453e-01
9.886656999588012695e-01
9.682571291923522949e-01
9.418377876281738281e-01
9.644311666488647461e-01
4.182574450969696045e-01
5.811018943786621094e-01
8.282932043075561523e-01
9.784610867500305176e-01
5.016808509826660156e-01
9.654790163040161133e-01
8.467594385147094727e-01
3.852072060108184814e-01
9.514399170875549316e-01
9.681176543235778809e-01
9.775480031967163086e-01
9.510699510574340820e-01
9.596904516220092773e-01
9.712865948677062988e-01
9.429981708526611328e-01
9.757837653160095215e-01
9.757589101791381836e-01
9.451664090156555176e-01
6.460080146789550781e-01
9.161401391029357910e-01
6.170635223388671875e-01
7.264900207519531250e-01
8.423898220062255859e-01
7.116553783416748047e-01
8.435477018356323242e-01
8.467775583267211914e-01
9.083560109138488770e-01
9.360195398330688477e-01
9.514912962913513184e-01
1.091839447617530823e-01
9.734602570533752441e-01
3.746876120567321777e-02
6.793551445007324219e-01
5.260129570960998535e-01
5.139771103858947754e-01
8.711977601051330566e-01
9.230994582176208496e-01
8.518257737159729004e-01
7.211960554122924805e-01
9.152521491050720215e-01
8.267660140991210938e-01
9.722676873207092285e-01
9.558038711547851562e-01
9.511054158210754395e-01
9.735981225967407227e-01
9.478522539138793945e-01
9.898328781127929688e-01
9.666588902473449707e-01
9.742817878723144531e-01
9.712325334548950195e-01
9.276445508003234863e-01
8.559105992317199707e-01
8.884997963905334473e-01
7.993336915969848633e-01
9.063413739204406738e-01
6.504195332527160645e-01
4.293119609355926514e-01
1.343458443880081177e-01
9.038736224174499512e-01
9.199888110160827637e-01
9.244729876518249512e-01
9.688178300857543945e-01
9.417985081672668457e-01
7.126982212066650391e-01
8.808959126472473145e-01
9.425219297409057617e-01
8.586930632591247559e-01
6.757921576499938965e-01
9.255957603454589844e-01
9.648928642272949219e-01
9.418184161186218262e-01
9.742295145988464355e-01
9.213346242904663086e-01
9.847627282142639160e-01
7.502515316009521484e-01
9.398645758628845215e-01
9.201319217681884766e-01
9.671588540077209473e-01
9.118018746376037598e-01
4.089019820094108582e-02
2.949157059192657471e-01
5.967747569084167480e-01
2.714436352252960205e-01
7.353305816650390625e-01
9.000688195228576660e-01
4.509530961513519287e-01
6.119160652160644531e-01
6.552463769912719727e-01
9.611454010009765625e-01
9.589998126029968262e-01
8.783481717109680176e-01
8.062152266502380371e-01
9.514912962913513184e-01
9.515040516853332520e-01
9.740234017372131348e-01
6.624477505683898926e-01
8.396727442741394043e-01
9.730098843574523926e-01
6.936456561088562012e-01
9.684855341911315918e-01
6.303720474243164062e-01
9.372122287750244141e-01
8.777772188186645508e-01
6.434824317693710327e-02
4.537041187286376953e-01
6.414611339569091797e-01
6.183312535285949707e-01
7.317318320274353027e-01
9.530073404312133789e-01
9.537864327430725098e-01
5.539284944534301758e-01
4.748059809207916260e-01
9.363641142845153809e-01
9.014976620674133301e-01
9.127629995346069336e-01
8.149121403694152832e-01
9.794840812683105469e-01
9.595165252685546875e-01
8.743615150451660156e-01
9.136321544647216797e-01
7.970700860023498535e-01
8.540097475051879883e-01
8.857271671295166016e-01
9.380261301994323730e-01
9.424547553062438965e-01
9.780547022819519043e-01
9.697292447090148926e-01
1.843557357788085938e-01
5.885354876518249512e-01
9.116901755332946777e-01
3.604199290275573730e-01
8.317924141883850098e-01
4.525532722473144531e-01
8.779591917991638184e-01
8.684409260749816895e-01
8.397068977355957031e-01
9.447771310806274414e-01
6.989910006523132324e-01
9.184173941612243652e-01
8.816213607788085938e-01
8.744453191757202148e-01
9.378072619438171387e-01
8.288620710372924805e-01
9.113314151763916016e-01
7.942370772361755371e-01
8.157517910003662109e-01
8.622898459434509277e-01
9.259991645812988281e-01
8.883686065673828125e-01
6.624160408973693848e-01
6.032522320747375488e-01
6.339485049247741699e-01
8.612319827079772949e-01
8.209607601165771484e-01
6.532403230667114258e-01
7.105232477188110352e-01
8.593096137046813965e-01
8.412057161331176758e-01
6.277371048927307129e-01
9.134531021118164062e-01
6.936663985252380371e-01
7.880576848983764648e-01
9.577528834342956543e-01
8.580242395401000977e-01
3.939680457115173340e-01
5.823009610176086426e-01
8.222002983093261719e-01
8.323224186897277832e-01
3.066978454589843750e-01
8.968971371650695801e-01
8.791061043739318848e-01
7.405459284782409668e-01
9.543116092681884766e-01
8.971614241600036621e-01
8.553113341331481934e-01
4.622202515602111816e-01
9.012661576271057129e-01
8.943397402763366699e-01
9.670655727386474609e-01
8.340693116188049316e-01
8.621013164520263672e-01
7.300551533699035645e-01
9.804594516754150391e-01
7.180429100990295410e-01
8.246792554855346680e-01
3.912216722965240479e-01
9.488123059272766113e-01
9.720681309700012207e-01
8.419455885887145996e-01
4.698186814785003662e-01
6.022602915763854980e-01
9.618882536888122559e-01
9.302943348884582520e-01
6.921625137329101562e-01
5.408168435096740723e-01
2.406181246042251587e-01
9.582635164260864258e-01
9.545851349830627441e-01
9.652289748191833496e-01
3.110760748386383057e-01
7.196413278579711914e-01
6.316444277763366699e-01
3.474045991897583008e-01
7.709159851074218750e-01
7.813575267791748047e-01
7.251813411712646484e-01
2.521491050720214844e-01
9.453787803649902344e-01
8.057458400726318359e-01
7.949692606925964355e-01
5.103021860122680664e-01
7.494372129440307617e-01
8.291816115379333496e-01
8.905931115150451660e-01
9.201773405075073242e-01
9.027986526489257812e-01
9.570122957229614258e-01
7.206909656524658203e-01
8.910884857177734375e-01
7.386193275451660156e-01
9.162356853485107422e-01
7.084978818893432617e-01
5.050583481788635254e-01
3.210455775260925293e-01
9.065130352973937988e-01
9.066932201385498047e-01
9.413121938705444336e-01
5.703096985816955566e-01
9.086499214172363281e-01
8.294897079467773438e-01
9.224254488945007324e-01
2.872430980205535889e-01
8.185086846351623535e-01
9.326870441436767578e-01
8.001165986061096191e-01
6.762135028839111328e-01
8.559013009071350098e-01
8.897734880447387695e-01
8.471893668174743652e-01
8.506453037261962891e-01
8.977239131927490234e-01
9.126129746437072754e-01
7.448623180389404297e-01
5.873788595199584961e-01
9.335868358612060547e-01
9.454173445701599121e-01
6.054607629776000977e-01
7.213805317878723145e-01
8.499878048896789551e-01
5.179235339164733887e-01
8.857144713401794434e-01
7.359501123428344727e-01
9.148396849632263184e-01
7.371496558189392090e-01
2.784194946289062500e-01
5.125192403793334961e-01
9.112416505813598633e-01
7.031626105308532715e-01
9.829478859901428223e-01
3.456103503704071045e-01
9.571741223335266113e-01
2.351216971874237061e-01
9.516253471374511719e-01
7.045938968658447266e-01
3.890334367752075195e-01
5.363237857818603516e-01
6.085242033004760742e-01
1.215208545327186584e-01
9.073889255523681641e-01
7.909860014915466309e-01
4.007986932992935181e-02
7.125124335289001465e-01
9.173043370246887207e-01
9.145219326019287109e-01
9.279393553733825684e-01
9.510553479194641113e-01
8.087971806526184082e-01
5.063329339027404785e-01
9.184331297874450684e-01
8.927751183509826660e-01
9.016732573509216309e-01
7.775130271911621094e-01
9.533677101135253906e-01
9.231979846954345703e-01
8.287720680236816406e-01
9.288799762725830078e-01
9.184033274650573730e-01
8.614721298217773438e-01
8.185146450996398926e-01
7.311264276504516602e-01
5.029014348983764648e-01
7.825896143913269043e-01
9.693500399589538574e-01
8.163958191871643066e-01
8.611728549003601074e-01
3.684478700160980225e-01
9.179955124855041504e-01
7.142908573150634766e-01
6.874032616615295410e-01
5.014060735702514648e-01
8.333646655082702637e-01
7.362487912178039551e-01
9.171412587165832520e-01
5.884406566619873047e-01
8.435330390930175781e-01
9.238891005516052246e-01
6.305019259452819824e-01
8.775358200073242188e-01
9.464706182479858398e-01
9.413777589797973633e-01
9.676403999328613281e-01
9.699867367744445801e-01
9.157940149307250977e-01
6.920566558837890625e-01
6.150215268135070801e-01
7.444866299629211426e-01
8.939121961593627930e-01
2.335074692964553833e-01
7.511370182037353516e-01
9.414860010147094727e-01
7.919296026229858398e-01
3.652914464473724365e-01
8.129019737243652344e-01
2.571001648902893066e-01
1.934586912393569946e-01
8.239600062370300293e-01
7.104417681694030762e-01
7.686070203781127930e-01
7.318336963653564453e-01
6.087962388992309570e-01
8.814709186553955078e-01
3.629427850246429443e-01
4.560592174530029297e-01
9.550018310546875000e-01
6.724777817726135254e-01
7.997714877128601074e-01
9.121789336204528809e-01
7.275832295417785645e-01
3.042069375514984131e-01
8.318722248077392578e-01
8.436102271080017090e-01
5.033230185508728027e-01
7.863397598266601562e-01
6.851682066917419434e-01
8.584217429161071777e-01
7.439023256301879883e-01
9.922509789466857910e-01
9.461529254913330078e-01
9.264504909515380859e-01
6.966463923454284668e-01
9.689030051231384277e-01
7.363358736038208008e-01
9.523403644561767578e-01
9.906721711158752441e-01
9.828672409057617188e-01
9.267189502716064453e-01
9.653018116950988770e-01
9.697232246398925781e-01
9.944017529487609863e-01
9.428779482841491699e-01
4.070668518543243408e-01
9.294206500053405762e-01
9.587861299514770508e-01
9.902634620666503906e-01
9.870109558105468750e-01
9.906997084617614746e-01
9.318651556968688965e-01
5.553297996520996094e-01
3.400195855647325516e-03
2.116651684045791626e-01
1.920454949140548706e-01
2.324462383985519409e-01
7.710123062133789062e-01
8.666082024574279785e-01
8.376063108444213867e-01
3.130932897329330444e-02
7.301090359687805176e-01
6.623267531394958496e-01
8.273690342903137207e-01
6.093398332595825195e-01
9.426488876342773438e-01
8.827686309814453125e-01
7.843925952911376953e-01
7.760163545608520508e-01
9.478999972343444824e-01
2.158683836460113525e-01
6.234794259071350098e-01
8.375580608844757080e-02
5.366654396057128906e-01
9.210042357444763184e-01
7.804418206214904785e-01
1.805201917886734009e-01
9.613885283470153809e-01
9.629361629486083984e-01
9.322400093078613281e-01
1.340104490518569946e-01
6.776210069656372070e-01
9.429963827133178711e-01
6.548563241958618164e-01
3.339915573596954346e-01
8.622507452964782715e-01
9.582513570785522461e-01
9.139831662178039551e-01
9.689063429832458496e-01
9.590346217155456543e-01
9.737249016761779785e-01
9.636539816856384277e-01
9.691966176033020020e-01
7.860810160636901855e-01
6.877350807189941406e-01
7.880030870437622070e-01
7.611857056617736816e-01
6.974909305572509766e-01
5.101504921913146973e-01
8.565883040428161621e-01
2.909312024712562561e-02
8.744546771049499512e-01
6.829609870910644531e-01
4.974312484264373779e-01
8.478826284408569336e-01
1.440483480691909790e-01
5.509639978408813477e-01
2.063057757914066315e-02
6.628726720809936523e-01
2.382812649011611938e-01
8.611904382705688477e-01
6.527152061462402344e-01
2.866095006465911865e-01
9.344497919082641602e-01
7.778883576393127441e-01
7.951900959014892578e-01
8.650917410850524902e-01
3.419430851936340332e-01
9.099164605140686035e-01
8.401702642440795898e-01
9.111979603767395020e-01
6.958683729171752930e-01
7.872728705406188965e-01
2.303423359990119934e-02
4.108250886201858521e-02
7.553443312644958496e-01
5.978576540946960449e-01
9.301671981811523438e-01
6.144940853118896484e-01
8.793510198593139648e-01
8.418411016464233398e-01
8.399053215980529785e-01
9.247681498527526855e-01
9.190574884414672852e-01
9.388590455055236816e-01
5.937113165855407715e-01
4.928566813468933105e-01
7.787274718284606934e-01
8.327057957649230957e-01
9.019271731376647949e-01
4.357322752475738525e-01
8.478823304176330566e-01
1.286007314920425415e-01
9.746937155723571777e-01
8.929225206375122070e-01
6.316460371017456055e-01
8.089657425880432129e-01
8.048912286758422852e-01
1.429060939699411392e-02
9.839323759078979492e-01
9.660388231277465820e-01
9.501867890357971191e-01
8.186238408088684082e-01
9.394730925559997559e-01
8.770134449005126953e-01
8.718231916427612305e-01
9.719541668891906738e-01
9.556381702423095703e-01
9.603919982910156250e-01
9.595319032669067383e-01
9.812934994697570801e-01
9.556829333305358887e-01
9.835883378982543945e-01
9.862112998962402344e-01
8.164764642715454102e-01
9.742306470870971680e-01
9.868606925010681152e-01
9.903687834739685059e-01
9.746206998825073242e-01
9.655701518058776855e-01
9.276859164237976074e-01
8.132377862930297852e-01
4.964609071612358093e-02
7.021377980709075928e-02
4.612601399421691895e-01
6.899195909500122070e-01
8.811677694320678711e-01
7.802551388740539551e-01
8.942595720291137695e-01
9.646192789077758789e-01
9.566634893417358398e-01
9.222143292427062988e-01
8.434816598892211914e-01
2.135706245899200439e-01
9.231283068656921387e-01
9.686407446861267090e-01
9.526470899581909180e-01
8.943876028060913086e-01
9.757604598999023438e-01
9.741834402084350586e-01
9.635302424430847168e-01
9.833589196205139160e-01
9.524321556091308594e-01
9.468442201614379883e-01
8.957644104957580566e-01
9.264231920242309570e-01
9.278103709220886230e-01
5.742655992507934570e-01
7.789463400840759277e-01
8.539043068885803223e-01
6.345171928405761719e-01
8.731666207313537598e-01
9.412629604339599609e-01
5.122435688972473145e-01
9.056576490402221680e-01
8.992078304290771484e-01
7.628396153450012207e-01
9.298080205917358398e-01
9.444124698638916016e-01
8.428977131843566895e-01
9.253063201904296875e-01
8.835175037384033203e-01
9.315286278724670410e-01
9.439677596092224121e-01
8.543480038642883301e-01
9.557888507843017578e-01
9.557493329048156738e-01
7.328509092330932617e-01
7.246127128601074219e-01
6.861324906349182129e-01
6.211917400360107422e-01
9.640172123908996582e-01
9.146170616149902344e-01
9.485126733779907227e-01
9.503949880599975586e-01
5.578244328498840332e-01
7.297793626785278320e-01
9.282059073448181152e-01
9.342175126075744629e-01
7.054789662361145020e-01
7.804543972015380859e-01
8.250738978385925293e-01
9.478684067726135254e-01
9.622622728347778320e-01
9.279785752296447754e-01
8.831272125244140625e-01
9.304027557373046875e-01
9.903824925422668457e-01
9.165725111961364746e-01
9.462630748748779297e-01
9.381799101829528809e-01
9.728737473487854004e-01
8.940086960792541504e-01
9.607924818992614746e-01
9.544272422790527344e-01
9.813125729560852051e-01
6.016680598258972168e-01
9.609588980674743652e-01
7.872937917709350586e-01
8.717572689056396484e-01
8.708906769752502441e-01
7.682739496231079102e-01
8.388844728469848633e-01
8.621342182159423828e-01
9.798830151557922363e-01
6.157225966453552246e-01
5.925662517547607422e-01
8.126938343048095703e-01
9.268973469734191895e-01
9.658308625221252441e-01
9.161909818649291992e-01
7.603400349617004395e-01
8.840821981430053711e-01
7.540398836135864258e-01
6.488829255104064941e-01
9.400464892387390137e-01
4.676229655742645264e-01
9.752109050750732422e-01
4.098296463489532471e-01
5.022184848785400391e-01
9.052852988243103027e-01
8.901791572570800781e-01
5.588843226432800293e-01
6.649679541587829590e-01
9.586716294288635254e-01
9.120734930038452148e-01
8.528978824615478516e-01
4.885627031326293945e-01
9.486137032508850098e-01
9.392213821411132812e-01
9.096369147300720215e-01
9.596564173698425293e-01
9.674946069717407227e-01
9.055262804031372070e-01
9.503789544105529785e-01
9.804781079292297363e-01
9.270170927047729492e-01
9.355464577674865723e-01
9.405299425125122070e-01
7.152301073074340820e-01
9.547670483589172363e-01
8.312702775001525879e-01
4.316913783550262451e-01
9.271833300590515137e-01
8.317216634750366211e-01
2.356752008199691772e-01
5.975387692451477051e-01
8.891785144805908203e-01
6.480950713157653809e-01
7.869671583175659180e-01
7.102861404418945312e-01
6.196584105491638184e-01
9.230090379714965820e-01
9.534130096435546875e-01
9.637644886970520020e-01
8.689900040626525879e-01
7.875097393989562988e-01
9.442940950393676758e-01
8.757994771003723145e-01
5.328146219253540039e-01
7.455302476882934570e-01
9.018142223358154297e-01
9.351612925529479980e-01
9.176756739616394043e-01
9.417432546615600586e-01
4.276837110519409180e-01
5.130639076232910156e-01
8.311592936515808105e-01
4.526936113834381104e-01
7.949070334434509277e-01
9.767565727233886719e-01
9.794164896011352539e-01
9.456356167793273926e-01
9.237902760505676270e-01
7.788395285606384277e-01
8.036938905715942383e-01
9.397869706153869629e-01
6.677513718605041504e-01
9.782313704490661621e-01
8.545033335685729980e-01
9.748892188072204590e-01
6.524083018302917480e-01
9.825004935264587402e-01
8.891512751579284668e-01
9.544985890388488770e-01
9.146078228950500488e-01
9.661086201667785645e-01
9.655293822288513184e-01
8.450126647949218750e-01
9.547789692878723145e-01
2.878526151180267334e-01
8.566094040870666504e-01
4.635181128978729248e-01
8.491835594177246094e-01
9.310724735260009766e-01
9.472905397415161133e-01
8.685900568962097168e-01
8.674973249435424805e-01
6.041598320007324219e-01
8.991371393203735352e-01
6.175712347030639648e-01
9.562958478927612305e-01
9.446880817413330078e-01
9.702100753784179688e-01
9.375669956207275391e-01
9.492276906967163086e-01
9.106198549270629883e-01
5.118119716644287109e-01
8.579760789871215820e-01
9.321747422218322754e-01
7.989779114723205566e-01
9.425522089004516602e-01
5.079105496406555176e-01
6.280785799026489258e-02
9.373902678489685059e-01
9.389329552650451660e-01
9.105391502380371094e-01
8.497014641761779785e-01
5.141294598579406738e-01
6.576005816459655762e-01
9.276222586631774902e-01
7.375200986862182617e-01
9.269381761550903320e-01
9.133799076080322266e-01
6.160219311714172363e-01
6.198974847793579102e-01
6.359719038009643555e-01
8.655737638473510742e-01
9.411758184432983398e-01
9.547811746597290039e-01
9.709696769714355469e-01
9.437513947486877441e-01
9.324957728385925293e-01
8.975829482078552246e-01
8.234165310859680176e-01
9.245789051055908203e-01
9.327898621559143066e-01
9.544116854667663574e-01
7.826835513114929199e-01
2.635542750358581543e-01
3.189370036125183105e-01
9.287276268005371094e-01
9.138616323471069336e-01
9.393426775932312012e-01
2.933063805103302002e-01
7.662237286567687988e-01
9.271543622016906738e-01
9.445787072181701660e-01
9.311027526855468750e-01
8.989489078521728516e-01
9.255883097648620605e-01
9.439286589622497559e-01
9.476760029792785645e-01
6.869796514511108398e-01
9.438316822052001953e-01
9.620522856712341309e-01
8.379705548286437988e-01
8.006074428558349609e-01
5.991840362548828125e-01
2.734957933425903320e-01
9.537087082862854004e-01
3.471978604793548584e-01
6.766415387392044067e-02
4.680362343788146973e-01
7.812166213989257812e-01
8.577402830123901367e-01
8.763960599899291992e-01
8.061134219169616699e-01
9.465265870094299316e-01
5.229274630546569824e-01
8.661373853683471680e-01
9.407851696014404297e-01
9.191658496856689453e-01
8.193088173866271973e-01
9.298922419548034668e-01
9.332855939865112305e-01
9.515833854675292969e-01
9.665234684944152832e-01
9.564352035522460938e-01
7.004345655441284180e-01
7.673630714416503906e-01
8.580919504165649414e-01
9.021998047828674316e-01
9.397177100181579590e-01
9.497588276863098145e-01
6.825526952743530273e-01
2.329351380467414856e-02
8.760476112365722656e-01
9.242598414421081543e-01
3.360400497913360596e-01
8.872079849243164062e-01
9.224195480346679688e-01
9.395003318786621094e-01
8.310267925262451172e-01
8.049851059913635254e-01
3.213808238506317139e-01
7.783738374710083008e-01
9.098778367042541504e-01
9.303064942359924316e-01
9.342242479324340820e-01
9.484750032424926758e-01
9.469733238220214844e-01
8.273059725761413574e-01
9.852893948554992676e-01
6.317663788795471191e-01
9.874832630157470703e-01
9.566678404808044434e-01
9.456375837326049805e-01
7.211144566535949707e-01
9.331248998641967773e-01
3.556105867028236389e-02
8.486016392707824707e-01
9.062797427177429199e-01
6.433784961700439453e-01
7.175016999244689941e-01
8.723602890968322754e-01
9.040700197219848633e-01
5.231128334999084473e-01
9.177898168563842773e-01
6.233320236206054688e-01
9.199396967887878418e-01
6.087346076965332031e-01
9.306113719940185547e-01
9.484770298004150391e-01
9.779351949691772461e-01
9.498890638351440430e-01
9.551553726196289062e-01
8.970121145248413086e-01
8.479955196380615234e-01
8.954604268074035645e-01
5.425839424133300781e-01
8.326342701911926270e-01
9.193059802055358887e-01
7.179279923439025879e-01
8.262694478034973145e-01
9.858373999595642090e-01
9.165953993797302246e-01
4.549102187156677246e-01
7.631119489669799805e-01
9.217151403427124023e-01
8.843665719032287598e-01
9.351613521575927734e-01
9.376494884490966797e-01
9.745020270347595215e-01
7.691365480422973633e-01
4.086325168609619141e-01
3.880530297756195068e-01
6.073305606842041016e-01
8.863301873207092285e-01
8.432055711746215820e-01
7.178066968917846680e-01
2.007259279489517212e-01
8.847197294235229492e-01
9.821977019309997559e-01
9.045735597610473633e-01
9.850223660469055176e-01
9.276303052902221680e-01
7.186620831489562988e-01
4.155945777893066406e-01
8.480718731880187988e-01
6.471697688102722168e-01
9.507849216461181641e-01
8.001152873039245605e-01
6.943340301513671875e-01
9.101898074150085449e-01
9.445834755897521973e-01
9.386333227157592773e-01
8.526178598403930664e-01
9.550341963768005371e-01
7.317956686019897461e-01
9.435749650001525879e-01
9.533966183662414551e-01
9.580448269844055176e-01
9.763458371162414551e-01
9.563894867897033691e-01
9.705815315246582031e-01
7.242117524147033691e-01
9.010183811187744141e-01
8.489262461662292480e-01
7.860347032546997070e-01
9.582971930503845215e-01
8.738048672676086426e-01
3.564062416553497314e-01
1.278567872941493988e-02
3.278086185455322266e-01
2.388408929109573364e-01
7.188548445701599121e-01
8.586715459823608398e-01
8.108484148979187012e-01
1.908012330532073975e-01
9.201074838638305664e-01
8.974714279174804688e-01
9.318977594375610352e-01
7.455803751945495605e-01
9.149770140647888184e-01
9.315742254257202148e-01
9.599974155426025391e-01
9.329340457916259766e-01
8.548027276992797852e-01
8.603957295417785645e-01
9.373081326484680176e-01
9.240423440933227539e-01
9.162716269493103027e-01
8.905011415481567383e-01
9.512307047843933105e-01
7.344180941581726074e-01
8.372707962989807129e-01
5.557491779327392578e-01
2.032287418842315674e-03
7.631163001060485840e-01
7.866683006286621094e-01
8.534539341926574707e-01
9.419241547584533691e-01
6.870562434196472168e-01
7.966845035552978516e-01
6.208370923995971680e-01
8.734347820281982422e-01
4.794377386569976807e-01
7.231723070144653320e-01
8.732192516326904297e-01
9.462186694145202637e-01
9.331042170524597168e-01
9.530094265937805176e-01
7.851775288581848145e-01
6.425846219062805176e-01
5.639974474906921387e-01
9.021568298339843750e-01
1.482654958963394165e-01
7.788532972335815430e-01
8.679671287536621094e-01
6.716467142105102539e-01
9.098947644233703613e-01
7.279555797576904297e-01
9.431486129760742188e-01
8.991752266883850098e-01
7.326376438140869141e-01
9.661899209022521973e-01
9.723191857337951660e-01
9.501422047615051270e-01
9.843268990516662598e-01
9.507535696029663086e-01
9.408303499221801758e-01
7.396204471588134766e-01
9.104176163673400879e-01
6.168035864830017090e-01
1.393161863088607788e-01
3.310944437980651855e-01
9.349932670593261719e-01
8.485273718833923340e-01
9.318822026252746582e-01
2.949713766574859619e-01
7.586345672607421875e-01
6.998518705368041992e-01
9.118624925613403320e-01
3.434200212359428406e-02
8.221259117126464844e-01
6.376797556877136230e-01
9.066825509071350098e-01
8.671914339065551758e-01
5.956634879112243652e-01
9.517354965209960938e-01
9.204962849617004395e-01
9.222767949104309082e-01
7.232075333595275879e-01
7.939294576644897461e-01
8.281896710395812988e-01
6.357735395431518555e-02
9.429787397384643555e-01
9.432928562164306641e-01
9.611235857009887695e-01
9.508850574493408203e-01
9.875128865242004395e-01
9.813758134841918945e-01
9.771038889884948730e-01
9.758166670799255371e-01
9.837340116500854492e-01
5.892812013626098633e-01
9.513747692108154297e-01
2.342872470617294312e-01
1.741017401218414307e-01
9.237878322601318359e-01
7.260441184043884277e-01
6.248320341110229492e-01
9.224430918693542480e-01
6.173748373985290527e-01
8.843022584915161133e-01
8.684193491935729980e-01
9.305459856986999512e-01
7.585835456848144531e-01
9.338312745094299316e-01
9.287588000297546387e-01
6.011661291122436523e-01
9.031718969345092773e-01
9.718771576881408691e-01
8.469049334526062012e-01
6.930059194564819336e-01
9.533051848411560059e-01
8.671345114707946777e-01
8.839073777198791504e-01
4.458168745040893555e-01
9.622138142585754395e-01
6.100229024887084961e-01
3.537817001342773438e-01
7.265624403953552246e-01
6.914803385734558105e-01
4.446736350655555725e-02
6.449362039566040039e-01
5.872855186462402344e-01
8.046175837516784668e-01
6.926292181015014648e-01
9.438709616661071777e-01
9.366837143898010254e-01
4.401940405368804932e-01
9.071345329284667969e-01
7.362956404685974121e-01
8.943620324134826660e-01
9.100258946418762207e-01
9.640031456947326660e-01
9.356092810630798340e-01
9.291510581970214844e-01
8.307304978370666504e-01
8.089648485183715820e-01
7.242786884307861328e-01
6.799520850181579590e-01
9.903164505958557129e-01
8.804510831832885742e-01
9.439391493797302246e-01
9.479951262474060059e-01
8.519103527069091797e-01
8.757015466690063477e-01
9.434419274330139160e-01
1.570120267570018768e-02
6.277884244918823242e-01
8.428530693054199219e-01
6.411138772964477539e-01
3.546564579010009766e-01
9.346522092819213867e-01
9.323108792304992676e-01
9.503612518310546875e-01
8.980420231819152832e-01
9.622082114219665527e-01
8.769978284835815430e-01
9.746165871620178223e-01
9.270176887512207031e-01
9.635136723518371582e-01
9.064078330993652344e-01
9.678726196289062500e-01
6.531765460968017578e-01
7.148441076278686523e-01
7.105673551559448242e-01
6.790373921394348145e-01
5.259463787078857422e-01
9.423989653587341309e-01
6.010983586311340332e-01
4.261959195137023926e-01
9.225108623504638672e-01
9.163969755172729492e-01
8.327872157096862793e-01
7.529580593109130859e-01
3.434484302997589111e-01
8.581923842430114746e-01
9.313066005706787109e-01
9.465132355690002441e-01
9.518033862113952637e-01
1.762244552373886108e-01
9.516683220863342285e-01
9.819528460502624512e-01
7.098192572593688965e-01
9.817842245101928711e-01
9.353557229042053223e-01
9.622097611427307129e-01
9.422646164894104004e-01
9.524604678153991699e-01
8.389630913734436035e-01
5.920729041099548340e-01
8.649096488952636719e-01
5.711811780929565430e-02
4.986958503723144531e-01
7.773427963256835938e-01
8.482225537300109863e-01
8.776429891586303711e-01
9.530599713325500488e-01
5.380889773368835449e-01
8.530098199844360352e-01
9.718227982521057129e-01
9.027445316314697266e-01
7.100787758827209473e-01
9.331113696098327637e-01
9.561752676963806152e-01
9.683692455291748047e-01
9.641062021255493164e-01
9.672041535377502441e-01
8.723532557487487793e-01
6.470186114311218262e-01
8.173029422760009766e-01
6.916832327842712402e-01
8.851085901260375977e-01
4.788968861103057861e-01
8.482269048690795898e-01
1.780860573053359985e-01
6.771029829978942871e-01
5.513721108436584473e-01
5.915362834930419922e-01
9.280580282211303711e-02
7.239086031913757324e-01
9.197205901145935059e-01
9.812448024749755859e-01
8.069441914558410645e-01
9.410111308097839355e-01
9.449066519737243652e-01
9.744710326194763184e-01
9.172542095184326172e-01
9.022530913352966309e-01
9.239862561225891113e-01
7.027574181556701660e-01
9.512106776237487793e-01
5.667551159858703613e-01
9.573963284492492676e-01
9.237568378448486328e-01
9.539304971694946289e-01
9.148371219635009766e-01
9.548613429069519043e-01
3.641262948513031006e-01
7.065538763999938965e-01
5.119065046310424805e-01
8.614258766174316406e-01
3.310478031635284424e-01
4.763588011264801025e-01
9.450319409370422363e-01
8.055784702301025391e-01
9.090510010719299316e-01
9.602646827697753906e-01
8.515738844871520996e-01
8.075367808341979980e-01
9.523426294326782227e-01
9.588723778724670410e-01
9.346781969070434570e-01
8.654668927192687988e-01
9.219505786895751953e-01
9.286646246910095215e-01
9.502153992652893066e-01
8.175072669982910156e-01
8.732415437698364258e-01
6.356794834136962891e-01
3.159248530864715576e-01
6.973454356193542480e-01
8.303135633468627930e-01
3.039006888866424561e-01
9.123370647430419922e-01
7.652831077575683594e-01
7.420893907546997070e-01
7.783172726631164551e-01
9.379487037658691406e-01
9.780182242393493652e-01
4.079460203647613525e-01
5.934561491012573242e-01
9.637895226478576660e-01
7.566558718681335449e-01
8.484324812889099121e-01
4.737673997879028320e-01
6.367598176002502441e-01
9.210703969001770020e-01
1.598630659282207489e-02
6.851829886436462402e-01
9.706859588623046875e-01
9.335076212882995605e-01
9.569638371467590332e-01
6.451371908187866211e-01
6.839868426322937012e-01
1.088460236787796021e-01
5.938310027122497559e-01
3.989818096160888672e-01
9.127425551414489746e-01
1.233323439955711365e-01
9.477187991142272949e-01
3.810001611709594727e-01
7.898156046867370605e-01
5.834702253341674805e-01
7.756102681159973145e-01
7.830267548561096191e-01
6.391023397445678711e-01
3.135599792003631592e-01
6.496462821960449219e-01
9.465115070343017578e-01
9.021062254905700684e-01
9.420257210731506348e-01
8.610467910766601562e-01
9.655578136444091797e-01
9.693488478660583496e-01
9.176015853881835938e-01
8.890438675880432129e-01
5.989519357681274414e-01
7.867576479911804199e-01
6.644231677055358887e-01
6.735911965370178223e-02
9.008640795946121216e-02
9.513681530952453613e-01
1.921972483396530151e-01
2.748581767082214355e-01
4.973231256008148193e-01
8.833596110343933105e-01
9.519575238227844238e-01
5.083746910095214844e-01
9.030645489692687988e-01
7.156213521957397461e-01
7.995254397392272949e-01
7.192749530076980591e-02
6.200159192085266113e-01
9.264891743659973145e-01
5.313394069671630859e-01
6.413928866386413574e-01
9.360499382019042969e-01
7.392956018447875977e-01
9.539130330085754395e-01
9.134536981582641602e-01
4.633197486400604248e-01
5.964273214340209961e-01
4.925366938114166260e-01
3.760377764701843262e-01
8.862832188606262207e-02
1.045503020286560059e-01
7.756079435348510742e-01
8.441358804702758789e-01
5.080649256706237793e-01
5.382403731346130371e-01
9.466423988342285156e-01
9.718575477600097656e-01
9.739412665367126465e-01
1.643000990152359009e-01
9.552531242370605469e-01
7.744811177253723145e-01
6.781667470932006836e-01
8.837645053863525391e-01
8.640887141227722168e-01
9.124129414558410645e-01
7.289466857910156250e-01
7.437316179275512695e-01
3.928774297237396240e-01
9.771671891212463379e-01
9.581452608108520508e-01
6.460934877395629883e-01
8.270506262779235840e-01
1.886607706546783447e-01
4.227646440267562866e-02
8.713948726654052734e-01
9.368363618850708008e-01
7.357163429260253906e-01
9.217281341552734375e-01
8.972099423408508301e-01
9.343745112419128418e-01
9.112792611122131348e-01
8.075753450393676758e-01
7.064480185508728027e-01
9.398588538169860840e-01
8.353129029273986816e-01
9.139868617057800293e-01
9.308324456214904785e-01
9.537488222122192383e-01
9.431605935096740723e-01
9.723420739173889160e-01
9.409462213516235352e-01
9.599434733390808105e-01
9.292925000190734863e-01
8.280130028724670410e-01
9.227587580680847168e-01
9.485331177711486816e-01
6.803147792816162109e-01
8.463417887687683105e-01
5.753395557403564453e-01
9.275938868522644043e-01
9.435178637504577637e-01
9.501765370368957520e-01
9.341325163841247559e-01
9.284698367118835449e-01
9.472186565399169922e-01
8.299702405929565430e-01
1.521218940615653992e-02
5.682877898216247559e-01
7.421172857284545898e-01
8.524250388145446777e-01
9.591184258460998535e-01
8.428161144256591797e-01
6.748831272125244141e-01
7.102605700492858887e-01
9.396809339523315430e-01
9.473471045494079590e-01
5.933274030685424805e-01
8.955128192901611328e-01
9.692617058753967285e-01
9.798723459243774414e-01
7.194560766220092773e-01
5.359075665473937988e-01
3.308112621307373047e-01
4.427923858165740967e-01
8.016095161437988281e-01
6.429152488708496094e-01
8.559893965721130371e-01
7.602089047431945801e-01
9.493741989135742188e-01
9.141081571578979492e-01
8.895021080970764160e-01
7.335729598999023438e-01
9.594355821609497070e-01
9.459694027900695801e-01
9.604983329772949219e-01
9.417983293533325195e-01
8.265404105186462402e-01
9.627721905708312988e-01
9.619213342666625977e-01
9.723325967788696289e-01
9.234959483146667480e-01
9.423121809959411621e-01
8.578521013259887695e-01
9.566352367401123047e-01
4.759556055068969727e-01
1.087919548153877258e-01
8.404390811920166016e-01
5.919811725616455078e-01
9.441668391227722168e-01
9.136948585510253906e-01
8.735527396202087402e-01
6.284875273704528809e-01
9.114449024200439453e-01
7.890835404396057129e-01
9.496011734008789062e-01
9.473825097084045410e-01
9.628572463989257812e-01
7.752438187599182129e-01
6.663785576820373535e-01
8.231117129325866699e-01
7.887269258499145508e-01
9.378025531768798828e-01
9.604083299636840820e-01
9.313381910324096680e-01
9.699133634567260742e-01
9.321917295455932617e-01
9.586220383644104004e-01
5.470338463783264160e-01
5.151401758193969727e-01
9.656673669815063477e-02
6.558799147605895996e-01
4.144244492053985596e-01
1.741264313459396362e-01
2.296502739191055298e-01
9.770320355892181396e-02
9.714259207248687744e-02
6.903261542320251465e-01
7.458343505859375000e-01
8.581337332725524902e-01
8.455951213836669922e-01
5.329484343528747559e-01
7.946349978446960449e-01
6.894804239273071289e-01
9.239029288291931152e-01
9.549403786659240723e-01
7.949695587158203125e-01
8.847875595092773438e-01
9.483094811439514160e-01
9.477034807205200195e-01
7.203279733657836914e-01
4.549587666988372803e-01
8.362418413162231445e-01
3.423624113202095032e-02
5.999443531036376953e-01
5.654487609863281250e-01
9.188688397407531738e-01
9.628033638000488281e-01
7.845407724380493164e-01
8.854916691780090332e-01
9.241345524787902832e-01
9.503124952316284180e-01
8.168672323226928711e-01
8.307278752326965332e-01
9.043490290641784668e-01
9.364878535270690918e-01
9.534139633178710938e-01
9.251899123191833496e-01
9.395079612731933594e-01
9.289164543151855469e-01
9.425932765007019043e-01
9.070412516593933105e-01
9.108911752700805664e-01
2.832004986703395844e-02
9.306180477142333984e-01
6.309378147125244141e-01
6.942186504602432251e-02
4.970849156379699707e-01
7.760806679725646973e-01
6.249646544456481934e-01
7.114138007164001465e-01
8.217093944549560547e-01
1.275618672370910645e-01
7.993513345718383789e-01
8.609685897827148438e-01
3.745727539062500000e-01
9.475659728050231934e-01
7.929270267486572266e-01
8.235362172126770020e-01
9.440348744392395020e-01
6.628132462501525879e-01
3.875274956226348877e-01
4.798620045185089111e-01
9.393333792686462402e-01
8.926205635070800781e-01
5.174306631088256836e-01
9.154300093650817871e-01
8.391497135162353516e-01
8.978485465049743652e-01
8.484551310539245605e-01
9.003248214721679688e-01
5.428017377853393555e-01
5.118132233619689941e-01
4.117862582206726074e-01
4.145408868789672852e-01
9.133626818656921387e-01
9.420087933540344238e-01
8.868179917335510254e-01
7.113993167877197266e-01
8.584979772567749023e-01
8.919639587402343750e-01
6.363697052001953125e-01
2.724321484565734863e-01
7.361534833908081055e-01
9.136587381362915039e-01
7.671577334403991699e-01
9.176089167594909668e-01
7.531890273094177246e-01
9.548150897026062012e-01
9.681330919265747070e-01
8.549317121505737305e-01
9.191071987152099609e-01
9.292258024215698242e-01
8.105616569519042969e-01
9.109491109848022461e-01
7.725231051445007324e-01
4.051677286624908447e-01
5.872498750686645508e-01
6.469190716743469238e-01
5.679129958152770996e-01
8.058008551597595215e-01
5.804417133331298828e-01
9.246165752410888672e-01
7.955274581909179688e-01
7.698876261711120605e-01
2.857252955436706543e-01
7.771223783493041992e-01
8.039855360984802246e-01
6.009202599525451660e-01
7.248641848564147949e-01
6.348662376403808594e-01
9.244183897972106934e-01
9.483394622802734375e-01
9.281412363052368164e-01
8.312584161758422852e-01
1.549214571714401245e-01
2.684966921806335449e-01
7.863785028457641602e-01
9.175153374671936035e-01
9.102805256843566895e-01
5.131445527076721191e-01
4.050253927707672119e-01
9.058476686477661133e-01
9.457613229751586914e-01
9.122802019119262695e-01
8.164643049240112305e-01
7.605264186859130859e-01
9.255415797233581543e-01
8.594205379486083984e-01
9.064124822616577148e-01
8.385345935821533203e-01
8.106940984725952148e-01
9.383256435394287109e-01
9.538408517837524414e-01
8.776778578758239746e-01
8.765705227851867676e-01
6.914302110671997070e-01
7.357471585273742676e-01
9.400869011878967285e-01
6.756541728973388672e-01
9.391511678695678711e-01
9.707635045051574707e-01
8.983402848243713379e-01
6.892389059066772461e-01
9.111431241035461426e-01
4.133802056312561035e-01
8.151415586471557617e-01
5.923727750778198242e-01
7.954938411712646484e-01
8.878996968269348145e-01
9.693791866302490234e-01
9.163483977317810059e-01
9.509797096252441406e-01
9.163258075714111328e-01
6.800636053085327148e-01
7.744308710098266602e-01
9.805445671081542969e-01
3.310990333557128906e-01
9.839009642601013184e-01
7.117420434951782227e-01
8.855901360511779785e-01
9.485809803009033203e-01
5.495392680168151855e-01
9.321908950805664062e-01
9.678280353546142578e-01
9.552813172340393066e-01
6.793766021728515625e-01
7.906623482704162598e-01
5.399889349937438965e-01
7.225070595741271973e-01
8.684766292572021484e-01
7.687906026840209961e-01
8.649731278419494629e-01
4.742253422737121582e-01
7.814636826515197754e-01
9.096381068229675293e-01
4.522276818752288818e-01
4.061390161514282227e-01
7.691324949264526367e-01
9.888900518417358398e-01
8.852607011795043945e-01
2.185425758361816406e-01
9.390997290611267090e-01
1.539614200592041016e-01
1.970043480396270752e-01
6.922896504402160645e-01
5.447484254837036133e-01
9.515473246574401855e-01
7.736883759498596191e-01
9.837393164634704590e-01
7.000016570091247559e-01
4.635480046272277832e-02
3.516052365303039551e-01
7.225726246833801270e-01
9.016785025596618652e-01
7.350854873657226562e-01
8.362981081008911133e-01
8.610111474990844727e-01
7.414774894714355469e-01
9.402836561203002930e-01
9.319016933441162109e-01
9.291720390319824219e-01
9.320535659790039062e-01
9.227781295776367188e-01
7.545706033706665039e-01
4.245139658451080322e-01
7.836524844169616699e-01
6.839237213134765625e-01
6.440394520759582520e-01
8.768814206123352051e-01
3.976356685161590576e-01
9.457243680953979492e-01
9.464382529258728027e-01
8.846302628517150879e-01
9.467909932136535645e-01
2.224185913801193237e-01
3.825661912560462952e-02
9.533531665802001953e-01
8.569585680961608887e-01
9.815899729728698730e-01
9.679907560348510742e-01
9.392938613891601562e-01
9.704815745353698730e-01
9.339831471443176270e-01
9.460671544075012207e-01
7.073093652725219727e-01
9.655802845954895020e-01
8.943125605583190918e-01
9.504749774932861328e-01
9.695632457733154297e-01
9.783406853675842285e-01
9.130244255065917969e-01
9.823629260063171387e-01
9.834116101264953613e-01
7.959254980087280273e-01
8.739889264106750488e-01
9.234625101089477539e-01
4.701820313930511475e-01
8.216122984886169434e-01
8.175870180130004883e-01
8.064583688974380493e-02
7.961335182189941406e-01
9.457752108573913574e-01
9.204186201095581055e-01
9.583489894866943359e-01
9.501702189445495605e-01
8.811674118041992188e-01
9.391506314277648926e-01
8.495197296142578125e-01
9.243613481521606445e-01
8.002705574035644531e-01
9.348747730255126953e-01
8.301259875297546387e-01
9.171065092086791992e-01
5.795527100563049316e-01
7.978039979934692383e-01
7.044039964675903320e-01
9.074027538299560547e-01
9.192375540733337402e-01
1.470293998718261719e-01
8.488270640373229980e-01
9.470369219779968262e-01
9.250895977020263672e-01
6.211777217686176300e-03
5.227833986282348633e-01
6.752526760101318359e-02
2.616392672061920166e-01
7.409560680389404297e-01
5.026891231536865234e-01
6.961483955383300781e-01
3.526441156864166260e-01
9.284424185752868652e-01
9.069080352783203125e-01
9.648317694664001465e-01
9.005608558654785156e-01
9.389421939849853516e-01
9.198945164680480957e-01
6.920577287673950195e-01
7.847205996513366699e-01
7.832076549530029297e-01
8.956147432327270508e-01
6.346359848976135254e-01
7.220672965049743652e-01
3.560214042663574219e-01
8.743805885314941406e-01
9.500283598899841309e-01
7.455288171768188477e-01
7.823238372802734375e-01
8.900561928749084473e-01
5.248311758041381836e-01
8.050771951675415039e-01
7.042123675346374512e-01
6.633097529411315918e-01
7.932735085487365723e-01
8.010593056678771973e-01
2.525837719440460205e-01
9.555786252021789551e-01
9.378288388252258301e-01
9.759314656257629395e-01
9.579336643218994141e-01
5.226421952247619629e-01
8.954410552978515625e-01
9.114784598350524902e-01
8.148506283760070801e-02
9.297056794166564941e-01
8.707855641841888428e-02
7.046295404434204102e-01
7.616115808486938477e-01
8.055387735366821289e-01
1.076169162988662720e-01
8.332617878913879395e-01
5.736559629440307617e-01
3.568564057350158691e-01
6.744684576988220215e-01
9.084603190422058105e-01
9.026228189468383789e-01
8.769180774688720703e-01
7.711132764816284180e-01
7.760102748870849609e-01
8.739634752273559570e-01
4.514810442924499512e-01
8.835452795028686523e-01
9.418829083442687988e-01
9.673717021942138672e-01
9.131513237953186035e-01
9.213767051696777344e-01
7.026016116142272949e-01
6.897017955780029297e-01
9.424528479576110840e-01
8.226802349090576172e-01
9.086515307426452637e-01
9.087168574333190918e-01
9.285445809364318848e-01
9.366278648376464844e-01
6.025478839874267578e-01
9.042795300483703613e-01
6.440047025680541992e-01
1.171299628913402557e-02
4.836966097354888916e-01
1.254927366971969604e-01
9.547750949859619141e-01
8.425461649894714355e-01
8.036232590675354004e-01
7.489904761314392090e-01
8.976008892059326172e-01
8.059316277503967285e-01
9.087786078453063965e-01
7.214801907539367676e-01
9.463621377944946289e-01
7.783353924751281738e-01
8.965181112289428711e-01
5.522464513778686523e-01
9.634465575218200684e-01
9.386067390441894531e-01
9.104381799697875977e-01
8.323486447334289551e-01
9.658496379852294922e-01
9.559171795845031738e-01
8.032910823822021484e-01
5.738927125930786133e-01
2.112739086151123047e-01
8.622112274169921875e-01
6.728041172027587891e-01
6.031324267387390137e-01
5.367526784539222717e-02
2.528213560581207275e-01
8.801914453506469727e-01
9.369711279869079590e-01
9.425066709518432617e-01
9.477943181991577148e-01
9.272755980491638184e-01
6.992778182029724121e-01
8.801393508911132812e-01
9.578063488006591797e-01
5.650891661643981934e-01
7.499566078186035156e-01
5.357115268707275391e-01
3.959220051765441895e-01
5.897782444953918457e-01
9.251545071601867676e-01
6.107417345046997070e-01
9.667401313781738281e-01
9.043759703636169434e-01
5.030977129936218262e-01
7.853946089744567871e-01
9.588912874460220337e-02
9.103367924690246582e-01
8.762688040733337402e-01
9.792677313089370728e-02
4.926938712596893311e-01
8.830305337905883789e-01
9.719154238700866699e-01
9.196355938911437988e-01
2.514835894107818604e-01
5.652100443840026855e-01
4.841675162315368652e-01
8.446415066719055176e-01
9.463093876838684082e-01
9.282682538032531738e-01
9.524045586585998535e-01
4.830975234508514404e-01
9.588757157325744629e-01
5.598595142364501953e-01
8.424210548400878906e-01
2.349139004945755005e-01
2.691402733325958252e-01
9.237617254257202148e-01
7.558876872062683105e-01
7.480335235595703125e-02
9.769844412803649902e-01
9.203905463218688965e-01
9.739402532577514648e-01
4.753204882144927979e-01
9.399004578590393066e-01
3.518531844019889832e-02
9.695386290550231934e-01
9.836384057998657227e-01
9.451077580451965332e-01
7.282181978225708008e-01
8.723121285438537598e-01
9.200484752655029297e-01
9.875388145446777344e-01
9.490947127342224121e-01
4.579173922538757324e-01
8.469722270965576172e-01
9.362590909004211426e-01
9.641329050064086914e-01
6.707546710968017578e-01
1.932687610387802124e-01
8.897321224212646484e-01
9.274222254753112793e-01
8.516803979873657227e-01
1.872543804347515106e-02
1.865647034719586372e-03
8.478173017501831055e-01
1.315080560743808746e-02
9.108574390411376953e-01
5.007614493370056152e-01
4.635529518127441406e-01
9.017381668090820312e-01
9.093571901321411133e-01
8.686244487762451172e-01
9.433947801589965820e-01
9.169434905052185059e-01
6.511893272399902344e-01
7.193135023117065430e-01
8.680807352066040039e-01
6.342731714248657227e-01
7.068415880203247070e-01
9.236286878585815430e-01
9.233756065368652344e-01
7.045270204544067383e-01
9.055752754211425781e-01
9.867979884147644043e-01
8.299445509910583496e-01
2.355764806270599365e-02
6.670321226119995117e-01
1.507163746282458305e-03
3.050826489925384521e-01
7.559533119201660156e-01
7.597478628158569336e-01
7.104994058609008789e-01
9.336833357810974121e-01
9.713121056556701660e-01
9.689627289772033691e-01
7.873733639717102051e-01
5.985236167907714844e-01
9.859754443168640137e-01
9.837908148765563965e-01
9.759433865547180176e-01
9.702481031417846680e-01
9.285203218460083008e-01
9.263333678245544434e-01
8.535193800926208496e-01
4.948668181896209717e-01
9.333334565162658691e-01
8.700220584869384766e-01
9.372973442077636719e-01
9.467787146568298340e-01
8.966097235679626465e-01
5.383834838867187500e-01
8.046836256980895996e-01
4.838648438453674316e-01
9.367843866348266602e-01
8.113397359848022461e-01
9.572846889495849609e-01
8.874847292900085449e-01
7.589692473411560059e-01
9.689601659774780273e-01
8.076903223991394043e-01
6.927524209022521973e-01
9.261915087699890137e-01
8.674888610839843750e-01
8.735320568084716797e-01
8.977615237236022949e-01
5.063135027885437012e-01
8.041052818298339844e-01
6.983786225318908691e-01
3.429678380489349365e-01
7.767456769943237305e-01
7.404851913452148438e-01
7.425020337104797363e-01
5.233798623085021973e-01
6.989604234695434570e-01
3.337339758872985840e-01
7.748197317123413086e-01
9.134793877601623535e-01
8.543905615806579590e-01
9.034517407417297363e-01
8.650180697441101074e-01
2.597680091857910156e-01
8.476797342300415039e-01
7.932296395301818848e-01
9.353359341621398926e-01
9.251101016998291016e-01
8.377745151519775391e-01
6.371152400970458984e-01
8.761942982673645020e-01
7.459048032760620117e-01
9.010101556777954102e-01
9.403909444808959961e-01
9.142552018165588379e-01
7.523295879364013672e-01
9.059891700744628906e-01
8.940648436546325684e-01
9.059032797813415527e-01
8.647932410240173340e-01
9.189713001251220703e-01
5.156072974205017090e-02
5.678567886352539062e-01
9.605517387390136719e-01
4.470701515674591064e-01
9.171734452247619629e-01
7.893824577331542969e-01
8.834580183029174805e-01
9.401606917381286621e-01
8.489797115325927734e-01
9.696246981620788574e-01
9.779278039932250977e-01
9.315029382705688477e-01
9.597960710525512695e-01
9.405953884124755859e-01
9.224088191986083984e-01
9.550024867057800293e-01
5.110460519790649414e-01
7.157068252563476562e-01
7.438157796859741211e-01
9.690781831741333008e-01
9.160295128822326660e-01
8.635585904121398926e-01
8.663324713706970215e-01
6.186085343360900879e-01
4.805158823728561401e-02
9.589942097663879395e-01
7.895767092704772949e-01
9.164367914199829102e-01
9.572516679763793945e-01
9.602132439613342285e-01
9.186777472496032715e-01
6.225902438163757324e-01
9.043074250221252441e-01
9.094299077987670898e-01
9.105122685432434082e-01
8.809500336647033691e-01
7.050974369049072266e-01
3.751497268676757812e-01
7.236322164535522461e-01
9.762995839118957520e-01
9.040572643280029297e-01
5.789635181427001953e-01
8.984325528144836426e-01
9.183346629142761230e-01
2.809109091758728027e-01
9.278883337974548340e-01
1.093321964144706726e-01
7.003719210624694824e-01
6.004855036735534668e-01
2.717761993408203125e-01
7.520995140075683594e-01
7.066107988357543945e-01
9.061053395271301270e-01
7.511532306671142578e-01
7.979795336723327637e-01
4.349952191114425659e-02
9.390629529953002930e-01
6.425964236259460449e-01
9.213988780975341797e-01
6.271955966949462891e-01
9.069872498512268066e-01
7.522736787796020508e-01
9.006452560424804688e-01
9.070070385932922363e-01
8.842899799346923828e-01
4.679802060127258301e-01
8.119464516639709473e-01
1.508611589670181274e-01
5.281777381896972656e-01
5.888884067535400391e-01
8.886831998825073242e-01
3.156315684318542480e-01
9.916793704032897949e-01
6.766431927680969238e-01
9.279912114143371582e-01
9.927587509155273438e-01
5.615233182907104492e-01
8.855382204055786133e-01
9.599953293800354004e-01
9.416108727455139160e-01
9.320459961891174316e-01
9.794325828552246094e-01
9.191675782203674316e-01
9.901832938194274902e-01
9.791179895401000977e-01
9.736254811286926270e-01
9.937394857406616211e-01
9.867960214614868164e-01
9.830203652381896973e-01
9.700905680656433105e-01
8.138597011566162109e-01
9.830931425094604492e-01
9.755480289459228516e-01
9.839756488800048828e-01
9.774636626243591309e-01
4.343542158603668213e-01
8.982970714569091797e-01
8.841894865036010742e-01
9.326205253601074219e-01
2.772931456565856934e-01
5.972064733505249023e-01
7.984602451324462891e-01
3.286670446395874023e-01
2.477812021970748901e-01
8.977020978927612305e-01
9.283829927444458008e-01
9.251549839973449707e-01
9.536723494529724121e-01
9.601362943649291992e-01
8.495234847068786621e-01
8.538120985031127930e-01
7.657256722450256348e-01
7.518470883369445801e-01
8.962377905845642090e-01
9.399470090866088867e-01
8.745047450065612793e-01
5.231856107711791992e-01
9.294286966323852539e-01
8.823731541633605957e-01
9.178703427314758301e-01
7.127066254615783691e-01
7.883674502372741699e-01
9.497972130775451660e-01
8.712363839149475098e-01
8.301442861557006836e-01
7.927283048629760742e-01
8.351174592971801758e-01
6.580160260200500488e-01
8.260613083839416504e-01
8.620989322662353516e-01
9.531947970390319824e-01
7.181284427642822266e-01
8.014817237854003906e-01
7.170709967613220215e-01
9.057596921920776367e-01
6.617504358291625977e-01
6.772301793098449707e-01
7.260699868202209473e-01
5.960707664489746094e-01
8.931471109390258789e-01
7.701289653778076172e-01
4.307129681110382080e-01
7.627183198928833008e-01
8.820170164108276367e-01
7.903502583503723145e-01
9.370457530021667480e-01
7.908432483673095703e-01
7.860187888145446777e-01
7.647722363471984863e-01
4.427978098392486572e-01
8.136372566223144531e-01
9.291221499443054199e-01
9.552184343338012695e-01
8.323563337326049805e-01
9.478220343589782715e-01
4.938253462314605713e-01
8.790072798728942871e-01
9.686619639396667480e-01
8.450613617897033691e-01
8.745672702789306641e-01
8.869146108627319336e-01
9.066099524497985840e-01
9.642163515090942383e-01
7.636938095092773438e-01
4.247254431247711182e-01
5.331639647483825684e-01
6.288487911224365234e-01
8.720970153808593750e-01
3.034729957580566406e-01
4.026752114295959473e-01
6.946225166320800781e-01
6.558957695960998535e-01
3.663062751293182373e-01
4.780011177062988281e-01
8.286385536193847656e-01
9.776870608329772949e-01
6.832315325736999512e-01
4.019039571285247803e-01
8.175204396247863770e-01
9.278603196144104004e-01
2.682158648967742920e-01
3.750529587268829346e-01
7.878493070602416992e-01
6.356619000434875488e-01
6.316463351249694824e-01
5.764263272285461426e-01
7.670521140098571777e-01
6.651051640510559082e-01
2.601188719272613525e-01
8.587365746498107910e-01
9.414144158363342285e-01
3.749597966670989990e-01
9.035286903381347656e-01
9.388635754585266113e-01
6.492270827293395996e-01
5.360777974128723145e-01
9.168668985366821289e-01
9.383099079132080078e-01
7.624183297157287598e-01
9.875206947326660156e-01
9.814859032630920410e-01
5.838682651519775391e-01
6.686676144599914551e-01
9.360371828079223633e-01
9.216528534889221191e-01
6.488654613494873047e-01
8.044232130050659180e-01
9.241273403167724609e-01
9.212197661399841309e-01
9.097405076026916504e-01
9.484627097845077515e-02
7.319590449333190918e-01
9.657832384109497070e-01
9.658530950546264648e-01
9.605650901794433594e-01
7.361071705818176270e-01
9.157537817955017090e-01
8.347828984260559082e-01
8.673430681228637695e-01
8.537723422050476074e-01
2.979206144809722900e-01
4.577457904815673828e-01
9.382500052452087402e-01
9.736539125442504883e-01
8.778973817825317383e-01
9.481438398361206055e-01
9.695064425468444824e-01
9.177166819572448730e-01
9.879613518714904785e-01
9.919493198394775391e-01
9.699000120162963867e-01
9.403349757194519043e-01
9.767876267433166504e-01
9.610054492950439453e-01
9.689126014709472656e-01
9.440653920173645020e-01
9.684615731239318848e-01
9.288869500160217285e-01
7.304400205612182617e-01
8.899701833724975586e-01
7.281906008720397949e-01
9.597650766372680664e-01
9.892930984497070312e-01
8.415338397026062012e-01
6.394065916538238525e-02
6.390524506568908691e-01
9.845129847526550293e-01
9.727812409400939941e-01
9.805420637130737305e-01
9.062277078628540039e-01
9.957032799720764160e-01
9.940259456634521484e-01
9.942352175712585449e-01
9.929504394531250000e-01
9.760507941246032715e-01
9.869280457496643066e-01
9.685326218605041504e-01
9.796573519706726074e-01
6.826999783515930176e-01
9.921935796737670898e-01
9.294272661209106445e-01
9.778487086296081543e-01
9.077081084251403809e-01
9.627755880355834961e-01
9.642434120178222656e-01
1.758433645591139793e-03
6.114022731781005859e-01
9.933446645736694336e-01
9.794511198997497559e-01
9.507135748863220215e-01
5.102919340133666992e-01
9.877227544784545898e-01
9.769169688224792480e-01
9.833264946937561035e-01
9.638726711273193359e-01
9.888249039649963379e-01
9.902356266975402832e-01
9.895135164260864258e-01
9.672784209251403809e-01
5.407962203025817871e-01
9.914932250976562500e-01
9.254209995269775391e-01
9.883877635002136230e-01
9.528592824935913086e-01
9.786691665649414062e-01
9.912170171737670898e-01
3.338149189949035645e-02
7.668799161911010742e-01
7.167450785636901855e-01
8.405713438987731934e-01
7.961667776107788086e-01
9.699435234069824219e-01
8.735429048538208008e-01
9.767577052116394043e-01
5.036737918853759766e-01
8.911429047584533691e-01
8.088802695274353027e-01
8.699640035629272461e-01
9.597470760345458984e-01
9.579867124557495117e-01
9.625341296195983887e-01
9.267089366912841797e-01
9.421046376228332520e-01
9.414615631103515625e-01
6.054168939590454102e-01
8.434594273567199707e-01
9.939721226692199707e-01
9.286735653877258301e-01
7.068750262260437012e-01
8.839294314384460449e-01
6.237857341766357422e-01
9.831733703613281250e-01
8.338080644607543945e-01
8.770001530647277832e-01
5.014010071754455566e-01
9.688581228256225586e-01
9.101998209953308105e-01
7.337450981140136719e-01
8.977742791175842285e-01
9.821313619613647461e-01
9.720435142517089844e-01
9.671244025230407715e-01
9.762429594993591309e-01
9.710696935653686523e-01
9.819805622100830078e-01
9.572206735610961914e-01
9.319655299186706543e-01
9.509526491165161133e-01
8.499999642372131348e-01
9.575791954994201660e-01
9.538793563842773438e-01
9.530107975006103516e-01
9.519401788711547852e-01
2.968743443489074707e-02
5.552727729082107544e-02
9.510525465011596680e-01
9.454553127288818359e-01
9.934663176536560059e-01
3.835946023464202881e-01
9.569278955459594727e-01
6.983679533004760742e-01
8.231282830238342285e-01
9.509699940681457520e-01
9.811782240867614746e-01
8.251513242721557617e-01
9.659081697463989258e-01
9.517943263053894043e-01
9.572760462760925293e-01
9.093504548072814941e-01
8.939187526702880859e-01
2.217971384525299072e-01
8.949202299118041992e-01
9.235988855361938477e-01
9.747568368911743164e-01
8.585891127586364746e-01
9.669522643089294434e-01
4.569587856531143188e-02
5.519084930419921875e-01
6.715791225433349609e-01
9.905547499656677246e-01
6.537653803825378418e-01
4.206055700778961182e-01
9.745998382568359375e-01
9.788982868194580078e-01
8.408239483833312988e-01
9.732002019882202148e-01
9.850777387619018555e-01
9.864393472671508789e-01
9.563425183296203613e-01
9.871138334274291992e-01
9.522994756698608398e-01
9.081566929817199707e-01
6.690743565559387207e-01
9.799025654792785645e-01
9.551666975021362305e-01
9.817184209823608398e-01
9.774017333984375000e-01
9.344366788864135742e-01
5.213035941123962402e-01
9.349353909492492676e-01
3.145233988761901855e-01
5.009053274989128113e-02
6.663060933351516724e-02
9.706412553787231445e-01
9.284262657165527344e-01
9.412322044372558594e-01
9.663492441177368164e-01
9.619975686073303223e-01
9.457231760025024414e-01
9.550360441207885742e-01
8.259521722793579102e-01
8.826079964637756348e-01
8.877105116844177246e-01
8.539218306541442871e-01
9.811953306198120117e-01
8.675898909568786621e-01
5.597921609878540039e-01
9.808626174926757812e-01
9.709180593490600586e-01
9.603638052940368652e-01
9.712374806404113770e-01
3.720782101154327393e-01
8.894314765930175781e-01
9.648067951202392578e-01
9.212411046028137207e-01
6.125205159187316895e-01
1.108920946717262268e-01
7.084587812423706055e-01
9.482994675636291504e-01
2.626168131828308105e-01
4.701799154281616211e-01
9.731961488723754883e-01
9.878277778625488281e-01
9.385482072830200195e-01
9.814943075180053711e-01
9.738442897796630859e-01
9.767134785652160645e-01
9.403350949287414551e-01
9.563271403312683105e-01
9.490355849266052246e-01
9.116225838661193848e-01
9.372445940971374512e-01
9.316710829734802246e-01
9.149591326713562012e-01
7.751865386962890625e-01
5.646151304244995117e-01
7.097311019897460938e-01
9.820699691772460938e-01
3.961202874779701233e-02
7.162756472826004028e-02
4.886533915996551514e-01
8.401086926460266113e-01
5.430775880813598633e-01
7.984346747398376465e-01
8.634555339813232422e-01
3.091231882572174072e-01
3.008932173252105713e-01
8.651534914970397949e-01
9.223638772964477539e-01
9.581205844879150391e-01
9.121177196502685547e-01
9.306594729423522949e-01
9.356384873390197754e-01
1.729810982942581177e-01
9.885508418083190918e-01
8.579911589622497559e-01
2.967288494110107422e-01
9.052950739860534668e-01
2.851440906524658203e-01
9.687685966491699219e-01
9.164488315582275391e-01
9.297586679458618164e-01
1.864451467990875244e-01
3.259496092796325684e-01
8.498667478561401367e-01
4.423847794532775879e-01
8.096952438354492188e-01
7.788618206977844238e-01
7.407343387603759766e-01
6.287503242492675781e-01
9.304553866386413574e-01
9.673919677734375000e-01
7.798039317131042480e-01
9.581164121627807617e-01
9.586217999458312988e-01
9.850522279739379883e-01
9.391676783561706543e-01
9.266421794891357422e-01
9.788525700569152832e-01
9.847601056098937988e-01
9.925866723060607910e-01
6.044110059738159180e-01
9.491077065467834473e-01
8.383456468582153320e-01
9.080323576927185059e-01
9.378435015678405762e-01
4.567597806453704834e-01
7.130606174468994141e-01
9.892736077308654785e-01
5.713257193565368652e-01
7.115448117256164551e-01
7.446447610855102539e-01
6.651925444602966309e-01
5.632230639457702637e-01
6.283640265464782715e-01
8.586288690567016602e-01
4.280638992786407471e-01
3.701817095279693604e-01
6.730184555053710938e-01
8.907241225242614746e-01
8.403311371803283691e-01
8.569110035896301270e-01
9.334123730659484863e-01
9.421855807304382324e-01
9.537910819053649902e-01
2.100776284933090210e-01
5.081245303153991699e-01
9.603787660598754883e-01
2.802098393440246582e-01
4.548728466033935547e-02
1.841032207012176514e-01
5.055330991744995117e-01
1.674951612949371338e-02
9.812794923782348633e-01
1.101041361689567566e-01
5.817471146583557129e-01
8.895053863525390625e-01
5.830073356628417969e-01
9.666587114334106445e-01
7.912445664405822754e-01
6.145151853561401367e-01
8.360471725463867188e-01
9.038216471672058105e-01
6.149326562881469727e-01
9.620515108108520508e-01
9.545595049858093262e-01
9.691833853721618652e-01
9.576513171195983887e-01
9.218259453773498535e-01
9.616433382034301758e-01
8.825922012329101562e-01
8.170953989028930664e-01
8.536528944969177246e-01
7.400553226470947266e-01
8.469563722610473633e-01
9.659749865531921387e-01
6.568560600280761719e-01
9.305156469345092773e-01
9.570178389549255371e-01
8.168679475784301758e-01
9.527657628059387207e-01
9.569029211997985840e-01
9.038660526275634766e-01
9.423603415489196777e-01
9.548611640930175781e-01
2.662659287452697754e-01
9.637106657028198242e-01
9.533923864364624023e-01
4.304858744144439697e-01
7.578353285789489746e-01
3.910711035132408142e-02
7.537062466144561768e-02
9.600589275360107422e-01
9.381873607635498047e-01
4.045299887657165527e-01
9.104824662208557129e-01
9.159833788871765137e-01
9.556080102920532227e-01
7.985754609107971191e-01
8.107229471206665039e-01
3.719296157360076904e-01
7.113658189773559570e-01
8.098508119583129883e-01
8.707444071769714355e-01
2.937264740467071533e-01
7.784631252288818359e-01
5.056478381156921387e-01
9.489737153053283691e-01
6.220231056213378906e-01
6.650336384773254395e-01
9.234837889671325684e-01
9.276896119117736816e-01
9.488087296485900879e-01
9.666016697883605957e-01
8.262204527854919434e-01
6.757478117942810059e-01
6.709910631179809570e-01
6.465453505516052246e-01
7.216139137744903564e-02
9.165393710136413574e-01
1.537401676177978516e-01
5.272662043571472168e-01
4.879555106163024902e-02
5.225541591644287109e-01
8.976147174835205078e-01
9.540297389030456543e-01
3.584211766719818115e-01
3.773569762706756592e-01
7.432153820991516113e-01
5.380071997642517090e-01
7.540186643600463867e-01
7.084229588508605957e-01
9.219097495079040527e-01
3.381493687629699707e-01
9.646015167236328125e-01
9.435713887214660645e-01
9.670289754867553711e-01
9.661580324172973633e-01
9.444488883018493652e-01
9.697740674018859863e-01
9.870012998580932617e-01
7.367849946022033691e-01
9.499692916870117188e-01
9.581034779548645020e-01
9.353297948837280273e-01
8.192608952522277832e-01
8.886272311210632324e-01
3.222002834081649780e-02
4.032180830836296082e-02
9.361912608146667480e-01
9.606605768203735352e-01
8.682873845100402832e-01
7.666727304458618164e-01
6.627988815307617188e-01
9.707670807838439941e-01
9.773541092872619629e-01
8.846156001091003418e-01
9.320158958435058594e-01
6.713767647743225098e-01
3.511161804199218750e-01
8.531741499900817871e-01
5.185224413871765137e-01
8.359918594360351562e-01
9.661581516265869141e-01
9.311081171035766602e-01
6.848393082618713379e-01
8.464487195014953613e-01
9.626914262771606445e-01
7.474823594093322754e-01
8.982608914375305176e-01
9.536604285240173340e-01
8.363830447196960449e-01
8.948885202407836914e-01
7.394948601722717285e-01
8.839431405067443848e-01
8.135662674903869629e-01
8.722239732742309570e-01
9.314370751380920410e-01
7.573264241218566895e-01
8.073814511299133301e-01
2.868793904781341553e-01
8.789134025573730469e-01
6.989066004753112793e-01
9.009584784507751465e-01
9.296691417694091797e-01
9.488623142242431641e-01
9.421012401580810547e-01
9.705914258956909180e-01
4.839691221714019775e-01
7.846229672431945801e-01
8.700712919235229492e-01
9.212620854377746582e-01
7.496228218078613281e-01
6.979837417602539062e-01
2.389910221099853516e-01
2.104577720165252686e-01
9.110683202743530273e-01
9.326424598693847656e-01
2.688471376895904541e-01
9.156799316406250000e-01
9.504199624061584473e-01
9.212577342987060547e-01
9.572374820709228516e-01
9.174539446830749512e-01
9.346407055854797363e-01
9.432955980300903320e-01
9.456619620323181152e-01
9.285150766372680664e-01
7.275778651237487793e-01
7.946353554725646973e-01
9.039866328239440918e-01
9.383291006088256836e-01
8.717503547668457031e-01
8.949364423751831055e-01
6.360929012298583984e-01
7.805098891258239746e-01
9.436374902725219727e-01
9.101344347000122070e-01
7.794417738914489746e-01
1.452211569994688034e-02
8.984393477439880371e-01
9.533409476280212402e-01
8.344193696975708008e-01
4.123162031173706055e-01
6.661075949668884277e-01
7.780245542526245117e-01
8.719165325164794922e-01
8.810508251190185547e-01
8.951810002326965332e-01
9.060444235801696777e-01
9.030361771583557129e-01
8.369691371917724609e-01
8.945444822311401367e-01
7.174547314643859863e-01
9.119514226913452148e-01
9.237079024314880371e-01
9.531890749931335449e-01
9.161419272422790527e-01
9.079070687294006348e-01
9.416559934616088867e-01
4.307231903076171875e-01
8.975459337234497070e-01
9.445750713348388672e-01
9.315686225891113281e-01
8.467137217521667480e-01
9.718818664550781250e-01
5.604009628295898438e-01
6.645566225051879883e-01
9.109873175621032715e-01
9.293794035911560059e-01
6.765085458755493164e-01
8.535725474357604980e-01
9.835457801818847656e-01
9.132605791091918945e-01
5.254210233688354492e-01
9.510649442672729492e-01
9.180860519409179688e-01
9.904900789260864258e-01
9.796286225318908691e-01
9.882407188415527344e-01
9.862397313117980957e-01
3.143588006496429443e-01
9.515677094459533691e-01
9.778771996498107910e-01
3.352001607418060303e-01
8.365952372550964355e-01
2.791881859302520752e-01
1.023855619132518768e-02
3.910265862941741943e-02
9.926688671112060547e-01
8.838603496551513672e-01
9.178586006164550781e-01
8.560126423835754395e-01
9.405498504638671875e-01
9.145026803016662598e-01
9.827675223350524902e-01
9.190822243690490723e-01
9.586616754531860352e-01
6.082337498664855957e-01
9.701746106147766113e-01
9.876292943954467773e-01
9.828550815582275391e-01
9.845091700553894043e-01
9.557104706764221191e-01
9.519997835159301758e-01
9.847379326820373535e-01
9.667918086051940918e-01
9.190370440483093262e-01
7.683634757995605469e-01
6.348969936370849609e-01
4.207133948802947998e-01
6.114482879638671875e-01
5.134865641593933105e-01
9.472402334213256836e-01
5.077355504035949707e-01
9.412382245063781738e-01
6.783773303031921387e-01
6.803178787231445312e-01
8.431926369667053223e-01
1.183977201581001282e-01
4.684396982192993164e-01
9.615251421928405762e-01
9.551528692245483398e-01
9.727169871330261230e-01
8.116304874420166016e-01
9.301966428756713867e-01
9.350646734237670898e-01
9.933791160583496094e-01
9.549204111099243164e-01
6.279754638671875000e-01
2.353740334510803223e-01
9.478703737258911133e-01
9.157804846763610840e-01
7.650915980339050293e-01
3.872057497501373291e-01
6.476338505744934082e-01
4.343647658824920654e-01
9.864485859870910645e-01
6.764764189720153809e-01
9.761599302291870117e-01
9.684031009674072266e-01
9.600011110305786133e-01
6.399391293525695801e-01
8.895273804664611816e-01
9.618313312530517578e-01
9.355769157409667969e-01
9.648006558418273926e-01
9.721018671989440918e-01
9.542301893234252930e-01
9.575768709182739258e-01
6.340800523757934570e-01
9.637705683708190918e-01
9.644393920898437500e-01
9.261609911918640137e-01
9.453645348548889160e-01
8.837306499481201172e-01
5.856195688247680664e-01
9.730854034423828125e-01
9.145156741142272949e-01
3.322235867381095886e-02
1.402362436056137085e-01
8.915961980819702148e-01
7.481753826141357422e-01
5.743204951286315918e-01
8.986464738845825195e-01
8.879471421241760254e-01
2.565090358257293701e-01
9.453930854797363281e-01
9.043032526969909668e-01
8.448259234428405762e-01
9.303293824195861816e-01
9.737002849578857422e-01
9.768805503845214844e-01
9.768257141113281250e-01
9.571946859359741211e-01
9.205902218818664551e-01
8.317278027534484863e-01
6.694619655609130859e-01
9.874004721641540527e-01
4.969933629035949707e-01
2.994947135448455811e-01
7.238797545433044434e-01
8.765582442283630371e-01
4.003291428089141846e-01
4.978361129760742188e-01
2.303823083639144897e-01
7.500455975532531738e-01
8.059699535369873047e-01
7.973140478134155273e-01
9.384425878524780273e-01
9.044246077537536621e-01
8.941999673843383789e-01
9.598388075828552246e-01
6.097282171249389648e-01
4.476788341999053955e-01
3.294506669044494629e-02
9.426567554473876953e-01
9.007971882820129395e-01
8.701135516166687012e-01
8.899945616722106934e-01
7.843779921531677246e-01
9.584761261940002441e-01
9.623326063156127930e-01
9.548113942146301270e-01
9.482519030570983887e-01
9.812080860137939453e-01
8.752437829971313477e-01
9.678971767425537109e-01
9.539637565612792969e-01
9.153789877891540527e-01
7.719292640686035156e-01
9.179314970970153809e-01
4.846327900886535645e-01
5.841599106788635254e-01
9.342023134231567383e-01
9.006317257881164551e-01
8.053849935531616211e-01
8.334211707115173340e-01
9.499994516372680664e-01
8.214927911758422852e-01
6.797484755516052246e-01
1.766140311956405640e-01
9.580655097961425781e-01
5.592246055603027344e-01
9.562088251113891602e-01
6.907762885093688965e-01
7.806149125099182129e-01
7.906624674797058105e-01
3.893052339553833008e-01
8.064751625061035156e-01
9.886415600776672363e-01
6.633617877960205078e-01
9.588001966476440430e-01
9.755728840827941895e-01
9.101632833480834961e-01
1.247275918722152710e-01
9.489242434501647949e-01
9.575877785682678223e-01
9.423467516899108887e-01
9.609478712081909180e-01
8.902869820594787598e-01
9.647436141967773438e-01
9.007974863052368164e-01
9.233450293540954590e-01
8.890339732170104980e-01
9.542105197906494141e-01
8.120732903480529785e-01
6.787764430046081543e-01
9.785153865814208984e-01
9.515990018844604492e-01
9.196721315383911133e-01
8.674191236495971680e-01
9.220460653305053711e-01
7.712106108665466309e-01
5.251070857048034668e-01
3.121207356452941895e-01
5.984958410263061523e-01
7.771959304809570312e-01
2.801885008811950684e-01
7.960028052330017090e-01
8.281562328338623047e-01
8.404377102851867676e-01
8.553035259246826172e-01
7.750578522682189941e-01
7.534480690956115723e-01
3.135438561439514160e-01
8.523136973381042480e-01
6.651994585990905762e-01
7.025494575500488281e-01
9.151017665863037109e-01
7.771614789962768555e-01
9.269104599952697754e-01
9.210837483406066895e-01
9.533788561820983887e-01
9.409155845642089844e-01
8.616114854812622070e-01
8.916438817977905273e-01
7.036690711975097656e-01
5.747641324996948242e-01
9.138089418411254883e-01
3.176750242710113525e-01
6.994407176971435547e-01
4.622575342655181885e-01
9.295679330825805664e-01
6.653801202774047852e-01
7.051899433135986328e-01
8.916265368461608887e-01
8.575372695922851562e-01
3.104680776596069336e-02
1.731560975313186646e-01
6.038953065872192383e-01
1.226929053664207458e-01
7.411330938339233398e-01
4.242660999298095703e-01
1.978809088468551636e-01
9.546165466308593750e-01
6.112652420997619629e-01
8.040563464164733887e-01
9.388291835784912109e-01
3.728285729885101318e-01
6.449068784713745117e-01
6.669021248817443848e-01
8.658090233802795410e-01
9.844267964363098145e-01
8.212392330169677734e-01
9.923951625823974609e-01
8.470343351364135742e-01
5.169979333877563477e-01
8.640415668487548828e-01
9.889812469482421875e-01
9.592318534851074219e-01
9.879092574119567871e-01
9.828677177429199219e-01
9.852222800254821777e-01
2.741076052188873291e-01
9.680934548377990723e-01
9.454113841056823730e-01
9.543480873107910156e-01
8.169698715209960938e-01
9.781284928321838379e-01
9.564869999885559082e-01
2.595758140087127686e-01
9.474905133247375488e-01
8.588942289352416992e-01
8.633643984794616699e-01
4.878818988800048828e-01
2.184213399887084961e-01
1.649793088436126709e-01
4.914801195263862610e-02
9.052377343177795410e-01
7.975122332572937012e-01
8.743203282356262207e-01
8.944381475448608398e-01
5.591886639595031738e-01
8.382599353790283203e-01
8.140751719474792480e-01
7.696132063865661621e-01
7.731028199195861816e-01
3.897697627544403076e-01
9.540632963180541992e-01
9.640061259269714355e-01
9.583232998847961426e-01
9.622597098350524902e-01
9.874128103256225586e-01
8.440136909484863281e-01
8.608097434043884277e-01
9.113688468933105469e-01
9.378219246864318848e-01
9.377426505088806152e-01
8.463059067726135254e-01
8.027066588401794434e-01
6.525508165359497070e-01
7.471859455108642578e-01
9.442125558853149414e-01
8.767997622489929199e-01
8.404942154884338379e-01
8.124165534973144531e-01
8.476119637489318848e-01
9.009332060813903809e-01
8.646073341369628906e-01
9.661235213279724121e-01
9.226905703544616699e-01
7.673482298851013184e-01
1.753375530242919922e-01
9.430891275405883789e-01
8.975265622138977051e-01
8.757112622261047363e-01
9.078664779663085938e-01
8.486075401306152344e-01
9.263944029808044434e-01
9.937981963157653809e-01
9.510239958763122559e-01
8.471943140029907227e-01
8.339129686355590820e-01
8.430496454238891602e-01
6.987035274505615234e-01
8.538558483123779297e-01
9.573934674263000488e-01
8.988543152809143066e-01
2.710310816764831543e-01
6.331698298454284668e-01
4.143936634063720703e-01
9.330841898918151855e-01
2.968362569808959961e-01
8.498013019561767578e-01
9.619982242584228516e-01
9.788561463356018066e-01
9.476770758628845215e-01
9.716644883155822754e-01
9.721708893775939941e-01
9.720571041107177734e-01
9.855901598930358887e-01
9.661754965782165527e-01
9.765928983688354492e-01
9.158985018730163574e-01
9.445379972457885742e-01
9.444554448127746582e-01
9.162609577178955078e-01
5.440584197640419006e-02
8.275317549705505371e-01
8.122091889381408691e-01
9.701554179191589355e-01
6.101638078689575195e-01
7.053838372230529785e-01
2.790443301200866699e-01
5.921933334320783615e-03
8.531204462051391602e-01
4.431239366531372070e-01
7.230013608932495117e-01
8.935821652412414551e-01
2.664757966995239258e-01
4.808537960052490234e-01
8.884305953979492188e-01
9.473812580108642578e-01
9.385506510734558105e-01
8.664565086364746094e-01
7.325404286384582520e-01
9.544782638549804688e-01
9.676604866981506348e-01
6.991801857948303223e-01
7.953803539276123047e-01
9.352421760559082031e-01
8.928462266921997070e-01
4.454636573791503906e-01
3.731855452060699463e-01
5.438650846481323242e-01
7.330530285835266113e-01
2.791222743690013885e-02
8.842650055885314941e-01
5.844612717628479004e-01
8.101778030395507812e-01
8.360363245010375977e-01
7.963459491729736328e-01
8.693779706954956055e-01
4.946277737617492676e-01
8.586472272872924805e-01
5.955246686935424805e-01
9.278997182846069336e-01
8.203338980674743652e-01
9.720436930656433105e-01
5.072396993637084961e-01
5.243616104125976562e-01
6.437119245529174805e-01
5.240579843521118164e-01
4.745666980743408203e-01
4.011972248554229736e-01
1.315820813179016113e-01
4.579908549785614014e-01
4.492776095867156982e-01
4.862227141857147217e-01
8.039138317108154297e-01
5.747278928756713867e-01
8.991799354553222656e-01
7.865998893976211548e-02
8.581671714782714844e-01
9.070205092430114746e-01
6.139326691627502441e-01
3.059479296207427979e-01
3.437835276126861572e-01
1.430695801973342896e-01
9.147679805755615234e-02
1.075866073369979858e-01
7.105401754379272461e-01
9.151177406311035156e-01
9.222234487533569336e-01
8.046519756317138672e-01
6.598423123359680176e-01
5.076508522033691406e-01
3.683954775333404541e-01
7.553280591964721680e-01
3.155312240123748779e-01
8.772698640823364258e-01
4.647218286991119385e-01
8.865418434143066406e-01
6.935737133026123047e-01
8.929653167724609375e-01
6.177549362182617188e-01
5.801799893379211426e-01
5.017820000648498535e-01
4.255323112010955811e-01
5.564994215965270996e-01
2.324144691228866577e-01
9.310747385025024414e-01
2.042829804122447968e-02
8.689916133880615234e-01
8.413296937942504883e-01
4.765509963035583496e-01
3.661991059780120850e-01
6.007618904113769531e-01
6.661502718925476074e-01
1.874572783708572388e-01
7.006253004074096680e-01
8.249198198318481445e-01
8.068600296974182129e-01
7.906900644302368164e-01
9.163745641708374023e-01
6.556937694549560547e-01
9.360750913619995117e-01
3.553009033203125000e-01
8.172348141670227051e-01
6.270776391029357910e-01
9.296243786811828613e-01
4.953778088092803955e-01
8.067778944969177246e-01
8.260970115661621094e-01
7.968254089355468750e-01
9.317325353622436523e-01
9.772885441780090332e-01
8.814150094985961914e-01
3.036791384220123291e-01
7.770661115646362305e-01
9.509744048118591309e-01
9.327899217605590820e-01
9.288378953933715820e-01
9.686312079429626465e-01
7.775990366935729980e-01
3.265188336372375488e-01
8.001865744590759277e-01
8.597132563591003418e-01
3.628626763820648193e-01
4.585375189781188965e-01
6.395069360733032227e-01
8.965392708778381348e-01
7.009702920913696289e-01
6.586822271347045898e-01
6.073716878890991211e-01
5.423999428749084473e-01
9.411235451698303223e-01
7.621791958808898926e-01
4.960892200469970703e-01
9.520379304885864258e-01
9.359017610549926758e-01
9.640792608261108398e-01
8.845397830009460449e-01
8.766590952873229980e-01
9.098762869834899902e-01
5.882257819175720215e-01
8.636833429336547852e-01
9.101837277412414551e-01
8.242638111114501953e-01
7.998460531234741211e-01
7.008301019668579102e-01
5.193697810173034668e-01
5.716011524200439453e-01
7.090256214141845703e-01
9.593774080276489258e-01
4.152134954929351807e-01
3.230390250682830811e-01
9.000993967056274414e-01
7.347437143325805664e-01
8.814110755920410156e-01
9.428533911705017090e-01
9.492710828781127930e-01
9.566105604171752930e-01
5.978271365165710449e-01
7.289610505104064941e-01
7.089087963104248047e-01
9.491618275642395020e-01
9.202725291252136230e-01
9.359824657440185547e-01
9.488916993141174316e-01
9.470856785774230957e-01
9.265195727348327637e-01
8.578972220420837402e-01
7.552822232246398926e-01
4.142851531505584717e-01
3.809626102447509766e-01
4.063600599765777588e-01
6.719127297401428223e-01
6.029348969459533691e-01
7.221081852912902832e-01
8.362838625907897949e-01
7.239566445350646973e-01
8.884185552597045898e-01
6.660484075546264648e-01
7.776105999946594238e-01
8.403152227401733398e-01
9.713100194931030273e-01
9.311308264732360840e-01
8.228086829185485840e-01
9.482575654983520508e-01
8.843490481376647949e-01
9.107553958892822266e-01
9.667899012565612793e-01
8.334914445877075195e-01
9.185475707054138184e-01
9.194079041481018066e-01
8.090966343879699707e-01
9.392706155776977539e-01
9.565156698226928711e-01
5.110440850257873535e-01
4.612049460411071777e-02
7.475244998931884766e-01
9.641063213348388672e-01
7.380916476249694824e-01
8.796625137329101562e-01
9.050540924072265625e-01
9.328855872154235840e-01
7.867702841758728027e-01
9.511250257492065430e-01
3.235368728637695312e-01
8.973491191864013672e-01
2.944034636020660400e-01
8.412758708000183105e-01
8.807574510574340820e-01
9.617316126823425293e-01
9.355235695838928223e-01
9.196782708168029785e-01
9.796615839004516602e-01
7.368441224098205566e-01
9.401794075965881348e-01
8.779572844505310059e-01
9.716560840606689453e-01
9.377250671386718750e-01
9.166846871376037598e-01
9.619518518447875977e-01
2.585389278829097748e-02
9.781283736228942871e-01
9.911976456642150879e-01
8.654484152793884277e-01
1.362023651599884033e-01
9.478667974472045898e-01
9.265057444572448730e-01
9.651574492454528809e-01
2.399635612964630127e-01
8.147653937339782715e-01
2.817873358726501465e-01
9.829095602035522461e-01
9.676367044448852539e-01
9.376834630966186523e-01
9.473482966423034668e-01
8.774992227554321289e-01
9.551548361778259277e-01
9.615325331687927246e-01
6.362401843070983887e-01
3.829707205295562744e-02
8.636447191238403320e-01
9.228569269180297852e-01
7.952740788459777832e-02
3.891153931617736816e-01
2.079196423292160034e-01
9.467238783836364746e-01
9.270223975181579590e-01
7.160684466361999512e-01
9.759451746940612793e-01
4.822605550289154053e-01
8.595240116119384766e-01
7.632504701614379883e-01
6.360403895378112793e-01
9.174896478652954102e-01
9.655831456184387207e-01
9.251397252082824707e-01
9.607283473014831543e-01
7.756620049476623535e-01
9.487032890319824219e-01
9.807867407798767090e-01
6.608533859252929688e-01
8.424491882324218750e-01
9.569827914237976074e-01
6.772142648696899414e-01
8.954495191574096680e-01
9.628344178199768066e-01
7.472743839025497437e-02
7.927549481391906738e-01
6.885866522789001465e-01
8.665950298309326172e-01
9.396799802780151367e-01
7.212016582489013672e-01
7.505060434341430664e-01
4.310866296291351318e-01
9.017387032508850098e-01
9.120567440986633301e-01
8.447064161300659180e-01
3.969043791294097900e-01
1.518346816301345825e-01
9.273063540458679199e-01
9.305387735366821289e-01
8.837450742721557617e-01
9.430903792381286621e-01
9.632180333137512207e-01
5.381480455398559570e-01
8.448055386543273926e-01
9.425827860832214355e-01
6.013532280921936035e-01
8.161466121673583984e-01
3.890227377414703369e-01
2.353413850069046021e-01
9.233565330505371094e-01
6.463397145271301270e-01
9.581466317176818848e-01
8.536712527275085449e-01
7.201905846595764160e-01
4.817687869071960449e-01
7.189432382583618164e-01
9.088532924652099609e-01
8.872023224830627441e-01
8.766247630119323730e-01
6.856589317321777344e-01
9.425529241561889648e-01
9.611591696739196777e-01
9.485887289047241211e-01
9.649291634559631348e-01
9.636998176574707031e-01
9.672565460205078125e-01
9.797782897949218750e-01
9.066011309623718262e-01
8.783730268478393555e-01
5.636876821517944336e-01
8.981871604919433594e-01
9.179543256759643555e-01
9.445842504501342773e-01
7.030481845140457153e-02
5.491931438446044922e-01
5.604726672172546387e-01
4.175070822238922119e-01
7.409167885780334473e-01
8.432392477989196777e-01
9.182611703872680664e-01
9.281771779060363770e-01
7.273150086402893066e-01
8.113950490951538086e-01
3.795770704746246338e-01
8.267329335212707520e-01
9.431583881378173828e-01
9.665762782096862793e-01
9.823232293128967285e-01
9.816618561744689941e-01
8.924931287765502930e-01
7.082050442695617676e-01
9.801319241523742676e-01
9.498772025108337402e-01
5.763401389122009277e-01
7.909808158874511719e-01
4.006926119327545166e-01
7.949631214141845703e-01
5.678812861442565918e-01
3.020390272140502930e-01
9.911559820175170898e-01
9.444470405578613281e-01
8.446102142333984375e-01
9.655525088310241699e-01
6.772868037223815918e-01
9.871928691864013672e-01
9.441713094711303711e-01
9.848782420158386230e-01
9.841721653938293457e-01
9.361454248428344727e-01
6.943168044090270996e-01
9.766894578933715820e-01
8.024373054504394531e-01
5.077744126319885254e-01
9.585260748863220215e-01
9.029771685600280762e-01
9.746598601341247559e-01
9.231964349746704102e-01
8.650028109550476074e-01
9.035667777061462402e-01
9.242123961448669434e-01
3.528931438922882080e-01
3.310724198818206787e-01
6.328058838844299316e-01
9.453887343406677246e-01
7.197334170341491699e-01
7.258045077323913574e-01
7.635685205459594727e-01
6.702670454978942871e-01
7.921081781387329102e-01
9.270745515823364258e-01
5.962941646575927734e-01
9.117784500122070312e-01
8.825436234474182129e-01
9.084784984588623047e-01
8.730444312095642090e-01
7.153652906417846680e-01
8.724362254142761230e-01
9.229270815849304199e-01
9.280087351799011230e-01
9.346101284027099609e-01
8.843486905097961426e-01
9.323939681053161621e-01
8.905639052391052246e-01
6.402843594551086426e-01
1.217272728681564331e-01
8.603015542030334473e-01
2.810350060462951660e-01
5.572806000709533691e-01
7.452157735824584961e-01
4.002149105072021484e-01
6.452087759971618652e-01
8.634415268898010254e-01
9.250693321228027344e-01
6.919253468513488770e-01
9.561060667037963867e-01
6.582936048507690430e-01
8.064391016960144043e-01
7.398967146873474121e-01
9.342802166938781738e-01
9.479229450225830078e-01
9.375919699668884277e-01
8.153070509433746338e-02
9.258063435554504395e-01
9.629885554313659668e-01
9.010112285614013672e-01
1.790482923388481140e-02
3.341452777385711670e-01
6.132354140281677246e-01
9.236508607864379883e-01
6.260005831718444824e-01
7.971683144569396973e-01
1.696537435054779053e-01
9.521506428718566895e-01
9.800690412521362305e-01
9.849040508270263672e-01
5.513886213302612305e-01
9.462684988975524902e-01
9.764196872711181641e-01
9.943934679031372070e-01
9.911378026008605957e-01
9.806764125823974609e-01
9.924403429031372070e-01
9.907614588737487793e-01
9.688884615898132324e-01
9.572066664695739746e-01
9.750025272369384766e-01
9.923977255821228027e-01
9.767587184906005859e-01
9.814648032188415527e-01
9.644808769226074219e-01
9.883568882942199707e-01
9.799710512161254883e-01
7.759739756584167480e-01
9.771300554275512695e-01
6.122586131095886230e-02
9.589810371398925781e-01
5.371150970458984375e-01
9.702776074409484863e-01
8.600819706916809082e-01
3.553657233715057373e-01
7.278017401695251465e-01
8.262026309967041016e-01
9.475315809249877930e-01
9.260783791542053223e-01
9.502728581428527832e-01
9.047571420669555664e-01
8.900308012962341309e-01
8.979370594024658203e-01
9.412994980812072754e-01
9.443446397781372070e-01
9.393378496170043945e-01
7.559272646903991699e-01
8.099179863929748535e-01
7.918701171875000000e-01
6.575751304626464844e-01
9.867240786552429199e-01
8.484317660331726074e-01
4.787191450595855713e-01
7.057056427001953125e-01
5.424603819847106934e-01
8.670148253440856934e-01
1.445804834365844727e-01
7.473556697368621826e-02
9.135321974754333496e-01
9.242820143699645996e-01
9.879360198974609375e-01
9.514005184173583984e-01
9.425724148750305176e-01
9.811927080154418945e-01
8.881482481956481934e-01
9.285330176353454590e-01
9.659444093704223633e-01
9.857859015464782715e-01
9.903985261917114258e-01
9.921637773513793945e-01
9.657177925109863281e-01
9.848288893699645996e-01
9.494614005088806152e-01
3.094572424888610840e-01
9.834722280502319336e-01
8.914933204650878906e-01
2.565023303031921387e-01
4.524806737899780273e-01
7.628967165946960449e-01
5.023237466812133789e-01
9.528170228004455566e-01
8.316811323165893555e-01
7.422825098037719727e-01
7.186664342880249023e-01
2.763110995292663574e-01
7.921746969223022461e-01
8.536808490753173828e-01
8.525314927101135254e-01
9.068900942802429199e-01
8.906704783439636230e-01
9.434126019477844238e-01
9.376389980316162109e-01
9.629269242286682129e-01
9.570565223693847656e-01
4.812334775924682617e-01
6.399853229522705078e-01
8.835894465446472168e-01
5.899285674095153809e-01
7.734324336051940918e-01
5.400902032852172852e-01
2.340574376285076141e-02
1.766364425420761108e-01
9.341555237770080566e-01
8.057758212089538574e-01
8.339901566505432129e-01
9.295871257781982422e-01
9.375394582748413086e-01
7.357535958290100098e-01
6.915226578712463379e-01
6.209967732429504395e-01
9.118195176124572754e-01
7.231243848800659180e-01
6.550239920616149902e-01
9.131727814674377441e-01
8.451095223426818848e-01
7.526865601539611816e-01
5.468347668647766113e-01
6.861398816108703613e-01
6.759850978851318359e-01
9.165641665458679199e-01
9.069765806198120117e-01
9.280012845993041992e-01
8.785699009895324707e-01
9.035229682922363281e-01
5.689876675605773926e-01
5.606351494789123535e-01
9.839096665382385254e-01
9.459705948829650879e-01
9.521523714065551758e-01
8.672088384628295898e-01
4.978286623954772949e-01
7.587976455688476562e-01
5.494249463081359863e-01
4.892529547214508057e-01
5.917819142341613770e-01
9.951053857803344727e-01
9.968120455741882324e-01
9.561897516250610352e-01
9.767852425575256348e-01
9.924110174179077148e-01
9.401291608810424805e-01
9.413694143295288086e-01
6.503369808197021484e-01
9.347387552261352539e-01
9.853760600090026855e-01
9.777025580406188965e-01
7.821885347366333008e-01
9.760050177574157715e-01
2.312486618757247925e-01
1.632874272763729095e-02
2.961341850459575653e-02
5.188035964965820312e-01
8.800457715988159180e-01
2.839476242661476135e-02
7.875347733497619629e-01
4.311615228652954102e-01
9.124779701232910156e-01
9.096346497535705566e-01
9.245467782020568848e-01
9.314778447151184082e-01
9.851589798927307129e-01
4.074828028678894043e-01
3.810312151908874512e-01
5.501570105552673340e-01
8.199080228805541992e-01
8.537617325782775879e-01
9.319409132003784180e-01
9.151043891906738281e-01
9.278281927108764648e-01
5.497344732284545898e-01
8.414523601531982422e-01
5.975984930992126465e-01
5.214767530560493469e-02
8.925964236259460449e-01
8.594886064529418945e-01
7.144845128059387207e-01
9.578204751014709473e-01
7.670447826385498047e-01
7.696181535720825195e-01
8.814762830734252930e-01
8.977852463722229004e-01
2.502881288528442383e-01
7.547686696052551270e-01
6.727237701416015625e-01
8.620623350143432617e-01
7.352795600891113281e-01
7.567867040634155273e-01
9.734366536140441895e-01
1.842284351587295532e-01
8.029846549034118652e-01
2.360212802886962891e-01
6.781977415084838867e-01
8.264964222908020020e-01
9.028531312942504883e-01
8.595636487007141113e-01
8.298899531364440918e-01
1.607075780630111694e-01
7.644011974334716797e-01
8.341535329818725586e-01
6.011907458305358887e-01
4.923942089080810547e-01
6.756510138511657715e-01
8.137427568435668945e-01
8.952339291572570801e-01
9.319493174552917480e-01
9.656756520271301270e-01
7.999019026756286621e-01
9.734551906585693359e-01
9.698422551155090332e-01
9.818177819252014160e-01
9.877348542213439941e-01
6.701741814613342285e-01
9.339805841445922852e-01
7.410491108894348145e-01
6.068067550659179688e-01
9.102951884269714355e-01
9.272568225860595703e-01
4.970518052577972412e-01
8.842066526412963867e-01
9.325071573257446289e-01
5.762790441513061523e-01
1.302627623081207275e-01
9.928055405616760254e-01
8.700184524059295654e-02
9.628944993019104004e-01
9.714699387550354004e-01
9.694818854331970215e-01
9.650067687034606934e-01
9.782763123512268066e-01
9.260672330856323242e-01
7.866104245185852051e-01
9.930239915847778320e-01
9.789284467697143555e-01
9.950077533721923828e-01
9.522633552551269531e-01
9.785047769546508789e-01
9.740032553672790527e-01
9.585152268409729004e-01
9.281152486801147461e-01
7.404445409774780273e-01
9.848381280899047852e-01
9.399589300155639648e-01
9.878963232040405273e-01
7.635246515274047852e-01
5.896517038345336914e-01
7.934002578258514404e-02
6.481457352638244629e-01
8.625370264053344727e-01
9.481356143951416016e-01
7.361823320388793945e-01
6.875741481781005859e-01
1.627836674451828003e-01
8.050631284713745117e-01
8.972842097282409668e-01
3.651544153690338135e-01
9.480691552162170410e-01
2.640808224678039551e-01
7.575439214706420898e-01
9.482439756393432617e-01
9.766157865524291992e-01
9.851807355880737305e-01
9.637775421142578125e-01
7.807298302650451660e-01
9.329916238784790039e-01
4.767741858959197998e-01
2.744189202785491943e-01
6.753529310226440430e-01
8.944692611694335938e-01
5.270631313323974609e-01
6.895956993103027344e-01
9.419096708297729492e-01
9.821726679801940918e-01
6.507911086082458496e-01
9.072085022926330566e-01
8.506655693054199219e-01
9.575247168540954590e-01
9.465985894203186035e-01
9.435119628906250000e-01
9.614076614379882812e-01
9.562665224075317383e-01
9.518232941627502441e-01
9.727751612663269043e-01
9.068363308906555176e-01
8.542240858078002930e-01
9.796507358551025391e-01
8.330578207969665527e-01
6.150513887405395508e-01
9.686850309371948242e-01
9.560557603836059570e-01
8.648201823234558105e-01
9.676840305328369141e-01
9.064244031906127930e-01
8.192391395568847656e-01
1.574053168296813965e-01
9.934005737304687500e-01
7.888233661651611328e-01
8.027311563491821289e-01
9.104415178298950195e-01
9.149691462516784668e-01
4.255174398422241211e-01
4.292937815189361572e-01
9.285789728164672852e-01
9.909110665321350098e-01
9.904022216796875000e-01
9.648765921592712402e-01
9.907100796699523926e-01
9.901638627052307129e-01
9.904769659042358398e-01
9.572961330413818359e-01
6.169609427452087402e-01
9.408973455429077148e-01
9.586095213890075684e-01
9.402274489402770996e-01
3.985277116298675537e-01
3.409792482852935791e-01
2.652939260005950928e-01
1.182572618126869202e-01
3.793244659900665283e-01
9.144712090492248535e-01
5.697630643844604492e-01
7.063302397727966309e-01
8.914377093315124512e-01
9.392321109771728516e-01
8.972225189208984375e-01
9.266927242279052734e-01
6.983593106269836426e-01
9.684163928031921387e-01
6.073068976402282715e-01
7.309464216232299805e-01
4.724492132663726807e-01
8.944187760353088379e-01
9.441699385643005371e-01
7.507706284523010254e-01
9.786605238914489746e-01
9.722962975502014160e-01
9.141729474067687988e-01
9.097592234611511230e-01
9.431105256080627441e-01
9.337502717971801758e-01
9.235773086547851562e-01
5.527142882347106934e-01
1.985838711261749268e-01
9.131498336791992188e-01
8.321112394332885742e-01
1.069873571395874023e-01
3.246864676475524902e-01
6.221166253089904785e-01
9.687789082527160645e-01
5.431587696075439453e-01
9.148787856101989746e-01
9.936064481735229492e-01
9.521305561065673828e-01
9.564140439033508301e-01
9.440143704414367676e-01
9.264364838600158691e-01
9.654486775398254395e-01
9.312987327575683594e-01
9.726296663284301758e-01
8.463252186775207520e-01
8.668333292007446289e-01
7.147475481033325195e-01
8.797411322593688965e-01
9.553704261779785156e-01
8.319220542907714844e-01
9.011545777320861816e-01
4.232160374522209167e-02
9.172447919845581055e-01
8.216371536254882812e-01
8.955774307250976562e-01
9.529221653938293457e-01
6.735615134239196777e-01
9.873843193054199219e-01
6.984643936157226562e-01
9.808649420738220215e-01
4.888513386249542236e-01
9.706555604934692383e-01
9.743882417678833008e-01
9.820871353149414062e-01
8.046807050704956055e-01
9.718005061149597168e-01
9.268474578857421875e-01
9.670687913894653320e-01
9.497728943824768066e-01
5.753011107444763184e-01
9.837986230850219727e-01
5.391224622726440430e-01
9.477978348731994629e-01
9.628996253013610840e-01
6.559614539146423340e-01
5.065169334411621094e-01
9.911096096038818359e-01
8.995015025138854980e-01
9.587585330009460449e-01
5.992661714553833008e-01
9.111155271530151367e-01
4.084920585155487061e-01
9.721308946609497070e-01
9.612516760826110840e-01
9.866770505905151367e-01
9.764116406440734863e-01
9.400127530097961426e-01
9.485955834388732910e-01
9.908830523490905762e-01
9.894066452980041504e-01
9.620199203491210938e-01
9.905762672424316406e-01
9.901335835456848145e-01
9.904476404190063477e-01
9.788365960121154785e-01
6.728982329368591309e-01
8.277189731597900391e-01
5.333691835403442383e-01
3.244669735431671143e-02
5.808619782328605652e-02
9.096009135246276855e-01
8.995172381401062012e-01
7.643067836761474609e-01
6.611713767051696777e-01
8.970758914947509766e-01
7.108118534088134766e-01
8.835155963897705078e-01
3.093044757843017578e-01
7.071518301963806152e-01
9.624490737915039062e-01
3.847004175186157227e-01
9.009007215499877930e-01
9.396237730979919434e-01
8.721994161605834961e-01
9.251913428306579590e-01
9.522962570190429688e-01
9.540708661079406738e-01
8.183690905570983887e-01
9.356981515884399414e-01
9.576469659805297852e-01
9.084675908088684082e-01
9.269457459449768066e-01
8.275969624519348145e-01
9.498743414878845215e-01
7.964154481887817383e-01
7.525107860565185547e-01
9.527998566627502441e-01
2.010527551174163818e-01
3.102111518383026123e-01
9.785378575325012207e-01
7.660363316535949707e-01
9.392809271812438965e-01
9.180460572242736816e-01
9.769017100334167480e-01
9.165373444557189941e-01
1.156929135322570801e-01
9.331021308898925781e-01
9.351536631584167480e-01
9.661339521408081055e-01
7.285189032554626465e-01
6.022187322378158569e-02
8.779758810997009277e-01
5.083577036857604980e-01
8.039928078651428223e-01
8.580898046493530273e-01
9.186568260192871094e-01
1.938679069280624390e-02
8.959605693817138672e-01
9.726688265800476074e-01
6.771645545959472656e-01
7.528907656669616699e-01
5.577527284622192383e-01
6.174918636679649353e-02
7.041999697685241699e-01
9.596790075302124023e-01
5.204005837440490723e-01
9.493061304092407227e-01
8.909730911254882812e-01
9.277289509773254395e-01
9.206857085227966309e-01
8.554816842079162598e-01
6.065260171890258789e-01
9.593794941902160645e-01
9.585872888565063477e-01
9.421431422233581543e-01
1.643163859844207764e-01
6.164082288742065430e-01
8.564869761466979980e-01
9.504820704460144043e-01
4.400500953197479248e-01
3.594618439674377441e-01
3.191562369465827942e-02
7.921959161758422852e-01
9.142645001411437988e-01
5.862991213798522949e-01
2.618063688278198242e-01
9.333128929138183594e-01
7.973833680152893066e-01
8.805209994316101074e-01
5.581763982772827148e-01
5.372346043586730957e-01
5.654474720358848572e-02
8.569652438163757324e-01
9.388725161552429199e-01
8.549399971961975098e-01
9.320465326309204102e-01
5.890033245086669922e-01
9.728584289550781250e-01
8.862243294715881348e-01
9.289766550064086914e-01
9.690350294113159180e-01
9.792436957359313965e-01
9.756936430931091309e-01
9.690891504287719727e-01
9.085907936096191406e-01
9.356958866119384766e-01
9.233027696609497070e-01
9.133477807044982910e-01
7.999291419982910156e-01
1.579757034778594971e-01
7.424658536911010742e-01
5.111860632896423340e-01
8.293054699897766113e-01
8.569799065589904785e-01
9.362424612045288086e-01
9.219452142715454102e-01
5.237899720668792725e-02
7.387776970863342285e-01
9.484779238700866699e-01
9.056455492973327637e-01
9.435406923294067383e-01
9.123245477676391602e-01
9.534897208213806152e-01
9.586238861083984375e-01
7.362111806869506836e-01
8.581250309944152832e-01
5.694632530212402344e-01
8.108521103858947754e-01
6.468128561973571777e-01
5.892740488052368164e-01
8.843544721603393555e-01
7.005312442779541016e-01
9.408907890319824219e-01
9.454992413520812988e-01
8.592312932014465332e-01
6.897592544555664062e-01
8.340525031089782715e-01
9.153488874435424805e-01
8.615989089012145996e-01
8.756324648857116699e-01
2.853052020072937012e-01
7.928397059440612793e-01
9.676067829132080078e-01
9.778056144714355469e-01
9.819967150688171387e-01
9.723108410835266113e-01
9.838300347328186035e-01
9.949434399604797363e-01
9.931805133819580078e-01
7.402068972587585449e-01
9.897522926330566406e-01
9.483254551887512207e-01
9.116140007972717285e-01
9.272524118423461914e-01
9.804723858833312988e-01
3.914140537381172180e-02
6.126114130020141602e-01
9.358527660369873047e-01
6.383146047592163086e-01
9.793035984039306641e-01
9.780123829841613770e-01
9.766492247581481934e-01
9.435012340545654297e-01
9.740797281265258789e-01
9.926555156707763672e-01
9.905108809471130371e-01
9.894756078720092773e-01
9.837172031402587891e-01
9.918556213378906250e-01
7.460975646972656250e-01
9.615321159362792969e-01
9.394004344940185547e-01
9.712682962417602539e-01
9.590966105461120605e-01
9.884884953498840332e-01
9.375904798507690430e-01
6.092623472213745117e-01
1.748993992805480957e-01
4.227154850959777832e-01
6.740549206733703613e-01
9.669336676597595215e-01
5.643962025642395020e-01
6.154736280441284180e-01
9.229685068130493164e-01
9.470848441123962402e-01
9.764754772186279297e-01
9.874479174613952637e-01
9.873073101043701172e-01
9.845131039619445801e-01
9.817649126052856445e-01
8.700588345527648926e-01
9.581322669982910156e-01
9.839971065521240234e-01
9.621810317039489746e-01
9.237732887268066406e-01
9.367401003837585449e-01
5.644534230232238770e-01
8.762518763542175293e-01
9.391936063766479492e-01
9.595732092857360840e-01
9.713103175163269043e-01
2.007592096924781799e-02
9.399164915084838867e-01
8.124912977218627930e-01
7.125203013420104980e-01
3.713473677635192871e-01
9.166617393493652344e-01
8.234118819236755371e-01
8.905421495437622070e-01
9.002949595451354980e-01
8.620911240577697754e-01
6.467395424842834473e-01
4.989960193634033203e-01
1.042844131588935852e-01
7.211865186691284180e-01
8.960236907005310059e-01
8.172814846038818359e-01
9.271028041839599609e-01
9.615895152091979980e-01
7.902759313583374023e-01
7.641110420227050781e-01
4.248746633529663086e-01
9.009153246879577637e-01
9.468010663986206055e-01
9.085754156112670898e-01
8.973286747932434082e-01
1.223305612802505493e-01
8.478468656539916992e-01
3.149826824665069580e-01
5.500643849372863770e-01
5.148523449897766113e-01
2.481261789798736572e-01
6.818535178899765015e-02
3.806031048297882080e-01
4.909291267395019531e-01
1.790557987987995148e-03
1.780337393283843994e-01
8.607161641120910645e-01
5.103625655174255371e-01
9.141458272933959961e-01
9.576801657676696777e-01
9.463583827018737793e-01
6.912312507629394531e-01
9.105464816093444824e-01
2.901141345500946045e-01
4.408109188079833984e-01
5.588460564613342285e-01
9.209313392639160156e-01
9.432958364486694336e-01
9.244740009307861328e-01
6.438597440719604492e-01
5.762539505958557129e-01
4.981486871838569641e-02
2.891936600208282471e-01
9.416474699974060059e-01
1.471285372972488403e-01
6.318591833114624023e-01
5.066905617713928223e-01
8.197072148323059082e-01
6.577975749969482422e-01
9.590702056884765625e-01
9.804594516754150391e-01
9.188765883445739746e-01
9.840229749679565430e-01
9.818215966224670410e-01
9.624050259590148926e-01
9.456949234008789062e-01
4.833352565765380859e-01
8.658499717712402344e-01
9.587004780769348145e-01
9.672588109970092773e-01
9.521852135658264160e-01
8.831112980842590332e-01
9.643877148628234863e-01
7.120741605758666992e-01
5.164462327957153320e-01
6.483317613601684570e-01
9.115036129951477051e-01
6.839625835418701172e-01
9.120199680328369141e-01
2.430003434419631958e-01
7.540501952171325684e-01
6.336970925331115723e-01
5.670670866966247559e-01
5.149803757667541504e-01
3.982074260711669922e-01
9.463213682174682617e-01
8.376110792160034180e-01
7.724140882492065430e-01
6.169127225875854492e-01
8.176829814910888672e-01
9.601585865020751953e-01
9.437978267669677734e-01
9.429258704185485840e-01
9.221993088722229004e-01
8.976569771766662598e-01
6.841872334480285645e-01
2.078383788466453552e-02
8.200035691261291504e-01
5.086719393730163574e-01
8.467236161231994629e-01
6.965246796607971191e-01
7.786173224449157715e-01
6.934500336647033691e-01
6.465662717819213867e-01
7.997983098030090332e-01
8.581581115722656250e-01
8.176220655441284180e-01
8.060058951377868652e-01
6.972766518592834473e-01
9.505628943443298340e-01
9.679589271545410156e-01
9.738875031471252441e-01
5.197627544403076172e-01
9.033212661743164062e-01
9.549291133880615234e-01
9.267799854278564453e-01
9.513843655586242676e-01
3.159787952899932861e-01
1.597082465887069702e-01
6.399098634719848633e-01
2.898111641407012939e-01
2.913360893726348877e-01
8.530920743942260742e-01
4.932701885700225830e-01
5.789597630500793457e-01
8.423295021057128906e-01
7.986267805099487305e-01
9.854682087898254395e-01
9.767081141471862793e-01
9.478304982185363770e-01
9.757041931152343750e-01
8.936570882797241211e-01
9.836710691452026367e-01
9.721828699111938477e-01
9.927703738212585449e-01
9.956420660018920898e-01
8.824102878570556641e-01
9.506244063377380371e-01
8.609988093376159668e-01
9.838418960571289062e-01
9.542407989501953125e-01
9.725726246833801270e-01
9.083458185195922852e-01
9.489572048187255859e-01
7.759616374969482422e-01
7.491682767868041992e-01
9.054527878761291504e-01
6.070081517100334167e-02
9.295034408569335938e-01
3.489527106285095215e-01
9.613536000251770020e-01
6.851852536201477051e-01
9.137043356895446777e-01
7.354515790939331055e-01
9.477804899215698242e-01
9.929406642913818359e-01
9.925603866577148438e-01
9.928440451622009277e-01
8.713226318359375000e-01
4.093407988548278809e-01
9.802302122116088867e-01
9.441809654235839844e-01
7.648227214813232422e-01
1.783805191516876221e-01
7.543811202049255371e-01
9.812626242637634277e-01
9.931926131248474121e-01
7.936959862709045410e-01
9.774234890937805176e-01
9.920326471328735352e-01
6.238305568695068359e-01
7.864781022071838379e-01
3.051035106182098389e-01
9.841563105583190918e-01
9.766075015068054199e-01
9.765788316726684570e-01
9.794095754623413086e-01
9.866327047348022461e-01
9.783561825752258301e-01
9.950150847434997559e-01
9.947257637977600098e-01
9.948943853378295898e-01
9.389216899871826172e-01
9.826377034187316895e-01
9.250177741050720215e-01
9.864503145217895508e-01
9.860235452651977539e-01
9.038313627243041992e-01
9.764155745506286621e-01
1.436836868524551392e-01
3.316203132271766663e-02
6.774684786796569824e-01
5.295498296618461609e-02
9.812921285629272461e-01
9.158365726470947266e-01
6.385172009468078613e-01
6.546847820281982422e-01
9.382030963897705078e-01
8.721982836723327637e-01
3.562125861644744873e-01
9.344669580459594727e-01
8.614462018013000488e-01
8.510590195655822754e-01
9.314872622489929199e-01
6.585921645164489746e-01
9.888884425163269043e-01
9.859660267829895020e-01
9.150378704071044922e-01
9.336033463478088379e-01
9.450590610504150391e-01
9.427001476287841797e-01
9.819129705429077148e-01
9.761235713958740234e-01
9.473376870155334473e-01
9.771510362625122070e-01
9.710192084312438965e-01
3.220399022102355957e-01
3.615854680538177490e-01
8.267176151275634766e-01
7.596657872200012207e-01
4.466143846511840820e-01
9.150286316871643066e-01
2.499374598264694214e-01
3.532512485980987549e-01
9.542828202247619629e-01
8.505455255508422852e-01
9.123715758323669434e-01
9.570075869560241699e-01
9.319401979446411133e-01
9.799251556396484375e-01
9.461959600448608398e-01
9.604086875915527344e-01
9.558611512184143066e-01
9.634628295898437500e-01
6.773820519447326660e-01
7.244681715965270996e-01
7.849275469779968262e-01
2.456404864788055420e-01
5.535354018211364746e-01
1.203716546297073364e-01
7.880978584289550781e-01
9.348000884056091309e-01
9.380232691764831543e-01
9.552369117736816406e-01
9.227566123008728027e-01
9.645435214042663574e-01
9.887718558311462402e-01
8.543987274169921875e-01
9.783177375793457031e-01
4.507749080657958984e-01
4.343454241752624512e-01
9.185780286788940430e-01
9.878236055374145508e-01
8.119574189186096191e-01
9.915459752082824707e-01
9.966995120048522949e-01
9.959995746612548828e-01
9.680024981498718262e-01
4.633461534976959229e-01
9.942489862442016602e-01
9.899696707725524902e-01
9.577941298484802246e-01
8.347632884979248047e-01
9.848003387451171875e-01
9.063770174980163574e-01
6.804568767547607422e-01
5.697549581527709961e-01
8.615317344665527344e-01
9.297199249267578125e-01
8.583484888076782227e-01
9.108642339706420898e-01
6.820249557495117188e-01
8.195041418075561523e-01
9.773877263069152832e-01
9.907072782516479492e-01
9.899435043334960938e-01
9.527739882469177246e-01
9.862586259841918945e-01
9.376327395439147949e-01
8.243681788444519043e-01
1.266988664865493774e-01
9.657400250434875488e-01
9.425348043441772461e-01
9.805305004119873047e-01
9.837601184844970703e-01
9.457910656929016113e-01
7.446529269218444824e-01
8.590899705886840820e-01
9.870470762252807617e-01
6.925957798957824707e-01
7.759159207344055176e-01
8.253006339073181152e-01
8.802501559257507324e-01
5.430138111114501953e-01
8.808711171150207520e-01
8.422256708145141602e-01
9.502438306808471680e-01
8.938072323799133301e-01
7.005890607833862305e-01
5.694045424461364746e-01
7.326460480690002441e-01
9.322307705879211426e-01
9.817584753036499023e-01
6.148722171783447266e-01
9.663483500480651855e-01
9.818976521492004395e-01
9.342169761657714844e-01
7.824515104293823242e-01
9.168303012847900391e-02
6.659036874771118164e-01
5.444051027297973633e-01
9.153180718421936035e-01
9.125517010688781738e-01
5.267561674118041992e-01
7.401671409606933594e-01
7.027834057807922363e-01
7.588527798652648926e-01
9.312237501144409180e-01
7.389251589775085449e-01
1.748499423265457153e-01
9.025295972824096680e-01
5.433926582336425781e-01
4.304822981357574463e-01
7.730764150619506836e-01
9.415574073791503906e-01
5.565478205680847168e-01
9.858512282371520996e-01
9.899784326553344727e-01
9.127250909805297852e-01
3.157266974449157715e-01
1.546638011932373047e-01
5.230083465576171875e-01
9.444785118103027344e-01
9.449245929718017578e-01
9.716500043869018555e-01
8.232490420341491699e-01
2.730594873428344727e-01
5.348210930824279785e-01
6.162591576576232910e-01
9.728533625602722168e-01
7.368208169937133789e-01
9.676103591918945312e-01
5.491656064987182617e-01
8.330773115158081055e-01
9.458445310592651367e-01
4.572342634201049805e-01
5.711247920989990234e-01
9.681782126426696777e-01
9.634968042373657227e-01
9.484459757804870605e-01
9.323173165321350098e-01
9.564906954765319824e-01
9.276403188705444336e-01
9.680737853050231934e-01
8.786902427673339844e-01
8.587980270385742188e-01
6.296849846839904785e-01
9.462675452232360840e-01
9.475079178810119629e-01
3.291139006614685059e-01
6.151626706123352051e-01
8.202009201049804688e-01
5.416702628135681152e-01
8.251269459724426270e-01
7.730301618576049805e-01
5.953363180160522461e-01
7.351825237274169922e-01
9.285453557968139648e-01
8.372285962104797363e-01
9.289917945861816406e-01
8.486832976341247559e-01
4.236567392945289612e-02
5.525205731391906738e-01
3.219028413295745850e-01
9.376274943351745605e-01
9.551983475685119629e-01
8.179081082344055176e-01
7.590985298156738281e-01
8.844369053840637207e-01
8.707955479621887207e-01
8.771995306015014648e-01
8.886908292770385742e-01
1.996296495199203491e-01
9.332892298698425293e-01
9.274283647537231445e-01
8.927907943725585938e-01
5.787343382835388184e-01
9.197654128074645996e-01
9.791948795318603516e-01
4.909105002880096436e-01
9.172941446304321289e-01
9.618445634841918945e-01
9.720764756202697754e-01
9.033781886100769043e-01
5.124251842498779297e-01
9.863064289093017578e-01
9.892657995223999023e-01
9.680656194686889648e-01
6.852133274078369141e-01
8.813581466674804688e-01
6.185690760612487793e-01
8.440874814987182617e-01
9.384691715240478516e-01
9.805787205696105957e-01
7.564156651496887207e-01
7.686450332403182983e-02
3.386902511119842529e-01
5.837225168943405151e-02
2.205465361475944519e-02
9.407505989074707031e-01
9.093797206878662109e-01
9.289242625236511230e-01
4.176907241344451904e-01
4.892181456089019775e-01
9.458593130111694336e-01
9.851179122924804688e-01
6.915341019630432129e-01
9.827216267585754395e-01
9.933579564094543457e-01
9.830633997917175293e-01
8.653246760368347168e-01
9.619104862213134766e-01
9.910590052604675293e-01
9.596889019012451172e-01
9.930058121681213379e-01
5.782712101936340332e-01
9.312165379524230957e-01
8.978093266487121582e-01
7.678140401840209961e-01
3.957066535949707031e-01
7.072265744209289551e-01
8.435027599334716797e-01
6.839757561683654785e-01
9.929713606834411621e-01
9.266070723533630371e-01
9.850170612335205078e-01
7.220041751861572266e-01
9.776297807693481445e-01
7.281371951103210449e-01
9.075860977172851562e-01
9.742835760116577148e-01
9.520571827888488770e-01
9.909951090812683105e-01
9.731357097625732422e-01
9.925504922866821289e-01
9.927858710289001465e-01
9.569351077079772949e-01
9.797119498252868652e-01
9.637969136238098145e-01
9.578694701194763184e-01
7.385051846504211426e-01
7.712101936340332031e-01
3.367815613746643066e-01
9.681507349014282227e-01
9.424972534179687500e-01
8.161929845809936523e-01
1.200017780065536499e-01
7.907435297966003418e-01
3.924729526042938232e-01
5.074816346168518066e-01
8.641788959503173828e-01
9.448902606964111328e-01
6.186974644660949707e-01
8.048373460769653320e-01
8.213998079299926758e-01
9.823905229568481445e-01
9.199737906455993652e-01
9.418036341667175293e-01
9.299300312995910645e-01
9.078339338302612305e-01
6.760762929916381836e-01
3.931339383125305176e-01
8.249789476394653320e-01
9.835296273231506348e-01
9.457594156265258789e-01
9.634178280830383301e-01
7.570982575416564941e-01
7.938514947891235352e-01
1.541952490806579590e-01
8.533688634634017944e-02
1.679808460175991058e-02
9.902486205101013184e-01
9.541377425193786621e-01
9.923896193504333496e-01
5.685952305793762207e-01
1.408511847257614136e-01
5.156461000442504883e-01
7.488151192665100098e-01
9.332710504531860352e-01
9.726229906082153320e-01
9.794156551361083984e-01
9.939350485801696777e-01
9.792296290397644043e-01
9.972340464591979980e-01
9.979137778282165527e-01
8.721138834953308105e-01
7.930350899696350098e-01
4.714346230030059814e-01
9.216457605361938477e-01
8.969041109085083008e-01
9.670645594596862793e-01
9.788888096809387207e-01
9.891961812973022461e-01
3.545641005039215088e-01
9.448302388191223145e-01
7.756840586662292480e-01
6.529354453086853027e-01
1.106952801346778870e-01
7.906619906425476074e-01
9.294394254684448242e-01
5.748468041419982910e-01
9.187085032463073730e-01
9.219682216644287109e-01
9.586976170539855957e-01
7.230807542800903320e-01
9.833234548568725586e-02
8.300739526748657227e-01
9.143465757369995117e-01
6.238650679588317871e-01
5.191506147384643555e-01
7.591813802719116211e-01
1.183962747454643250e-01
9.440837502479553223e-01
9.210026264190673828e-01
4.421166479587554932e-01
7.913205027580261230e-01
3.704658448696136475e-01
7.085430026054382324e-01
3.849401473999023438e-01
5.553328990936279297e-01
6.195301413536071777e-01
9.022535681724548340e-01
9.782326221466064453e-01
7.606745362281799316e-01
5.757398009300231934e-01
5.031710267066955566e-01
8.350560069084167480e-01
7.956920266151428223e-01
9.047417640686035156e-01
7.288793921470642090e-01
7.565611004829406738e-01
9.575141072273254395e-01
8.158821463584899902e-01
6.320749521255493164e-01
6.352525949478149414e-01
9.561313390731811523e-01
9.516454339027404785e-01
9.131031036376953125e-01
3.026052713394165039e-01
8.757677674293518066e-01
8.406895399093627930e-01
8.423220515251159668e-01
2.394428998231887817e-01
9.382650256156921387e-01
8.328135609626770020e-01
7.602627873420715332e-01
9.624929428100585938e-01
7.547509670257568359e-01
8.257411122322082520e-01
9.424539208412170410e-01
7.755938172340393066e-01
5.913441777229309082e-01
7.192193865776062012e-01
9.596047997474670410e-01
9.177386760711669922e-01
8.873849511146545410e-01
9.220685362815856934e-01
7.721400856971740723e-01
8.981294631958007812e-01
6.975541710853576660e-01
1.477623432874679565e-01
9.421529769897460938e-01
4.940260052680969238e-01
6.240262985229492188e-01
5.380786061286926270e-01
6.588777899742126465e-01
5.912383794784545898e-01
9.867985844612121582e-01
8.499219417572021484e-01
9.861648082733154297e-01
9.765105247497558594e-01
9.511626958847045898e-01
9.719108343124389648e-01
9.172492623329162598e-01
9.851987957954406738e-01
9.652234315872192383e-01
9.871970415115356445e-01
9.962479472160339355e-01
9.687618613243103027e-01
9.665079116821289062e-01
9.731834530830383301e-01
9.260116219520568848e-01
9.404804706573486328e-01
9.903733730316162109e-01
8.904811143875122070e-01
9.848378896713256836e-01
9.919949769973754883e-01
9.534321427345275879e-01
9.847877025604248047e-01
9.680302143096923828e-01
3.741108253598213196e-02
9.871481060981750488e-01
7.031986117362976074e-01
9.778051376342773438e-01
7.524449825286865234e-01
9.355264902114868164e-01
5.515401959419250488e-01
9.576402902603149414e-01
9.757663607597351074e-01
9.782414436340332031e-01
9.792048335075378418e-01
9.774493575096130371e-01
9.622135162353515625e-01
9.796149134635925293e-01
6.393174529075622559e-01
9.431555867195129395e-01
9.424198269844055176e-01
8.904827833175659180e-01
9.360324740409851074e-01
9.582726955413818359e-01
9.615074992179870605e-01
9.394758343696594238e-01
2.568784654140472412e-01
3.658784925937652588e-02
5.596951842308044434e-01
9.922749400138854980e-01
9.044904708862304688e-01
9.849201440811157227e-01
9.574179649353027344e-01
9.318882226943969727e-01
9.794792532920837402e-01
6.898356080055236816e-01
9.738268852233886719e-01
9.816200733184814453e-01
9.839013218879699707e-01
9.701406359672546387e-01
9.850280284881591797e-01
9.747772216796875000e-01
9.864754080772399902e-01
2.187554687261581421e-01
8.010948896408081055e-01
5.625689774751663208e-02
8.649778366088867188e-01
9.613047838211059570e-01
9.539380669593811035e-01
7.512805461883544922e-01
7.837543487548828125e-01
4.243149459362030029e-01
4.623275399208068848e-01
9.277423024177551270e-01
9.458710551261901855e-01
7.987989783287048340e-01
7.498896718025207520e-01
8.114747405052185059e-01
5.060205459594726562e-01
5.941843986511230469e-01
9.328286647796630859e-01
9.792603850364685059e-01
9.926167130470275879e-01
8.363243937492370605e-01
8.609636425971984863e-01
9.216987490653991699e-01
9.690586924552917480e-01
8.103534579277038574e-01
9.356163740158081055e-01
7.941697239875793457e-01
9.291722774505615234e-01
7.818198204040527344e-01
8.363755941390991211e-01
8.070172071456909180e-01
2.750681526958942413e-02
4.325313270092010498e-01
8.157141804695129395e-01
4.616284072399139404e-01
9.433065056800842285e-01
9.533212184906005859e-01
9.907026290893554688e-01
2.534270286560058594e-01
9.705283045768737793e-01
9.880076646804809570e-01
5.673840641975402832e-01
9.455661177635192871e-01
9.007467031478881836e-01
9.942247271537780762e-01
9.801749587059020996e-01
9.853878617286682129e-01
7.584850788116455078e-01
9.641726613044738770e-01
9.975671768188476562e-01
9.872681498527526855e-01
9.981756210327148438e-01
9.584697484970092773e-01
8.051872253417968750e-01
9.322530627250671387e-01
9.944549202919006348e-01
5.138733386993408203e-01
9.446612596511840820e-01
9.030752182006835938e-01
8.313790559768676758e-01
9.162799715995788574e-01
7.637732625007629395e-01
9.550017118453979492e-01
8.222494721412658691e-01
6.884620785713195801e-01
7.987149357795715332e-01
8.766380548477172852e-01
9.706600308418273926e-01
8.869233727455139160e-01
9.243938326835632324e-01
8.220841288566589355e-01
8.008826375007629395e-01
8.179901838302612305e-01
7.517922520637512207e-01
2.550811171531677246e-01
2.076103985309600830e-01
8.709735870361328125e-01
5.116647481918334961e-01
7.281359434127807617e-01
5.433800220489501953e-01
5.421634912490844727e-01
6.665807962417602539e-01
5.266832709312438965e-01
9.588309526443481445e-01
9.533848166465759277e-01
7.607203722000122070e-01
5.420523285865783691e-01
9.686881899833679199e-01
9.314507246017456055e-01
9.486554265022277832e-01
8.657490611076354980e-01
8.751055002212524414e-01
9.382283687591552734e-01
6.453526020050048828e-01
8.619889020919799805e-01
7.358975410461425781e-01
8.843878507614135742e-01
9.142209291458129883e-01
9.389469027519226074e-01
8.676741719245910645e-01
9.063411355018615723e-01
7.080675959587097168e-01
9.174551367759704590e-01
6.743993759155273438e-01
2.790623903274536133e-01
3.957630991935729980e-01
5.219877362251281738e-01
1.944195106625556946e-02
9.766721725463867188e-01
5.766066908836364746e-01
9.736657142639160156e-01
9.775595664978027344e-01
9.777160286903381348e-01
9.718529582023620605e-01
9.888175725936889648e-01
9.879556298255920410e-01
9.534336924552917480e-01
9.162282347679138184e-01
7.855076193809509277e-01
9.304805397987365723e-01
6.583588123321533203e-01
9.518879652023315430e-01
9.497648477554321289e-01
9.767389297485351562e-01
9.231355786323547363e-01
9.324532747268676758e-01
7.526205182075500488e-01
9.795358777046203613e-01
6.337666511535644531e-01
2.530937492847442627e-01
8.400856256484985352e-01
6.854816675186157227e-01
9.238020181655883789e-01
5.696142911911010742e-01
3.334496617317199707e-01
2.347443252801895142e-01
7.126969844102859497e-02
9.650552868843078613e-01
7.987055778503417969e-01
9.570760726928710938e-01
9.600402712821960449e-01
9.571374058723449707e-01
6.145506501197814941e-01
7.546504139900207520e-01
8.545804023742675781e-01
4.763638973236083984e-01
6.980919241905212402e-01
4.365131556987762451e-01
7.437327504158020020e-01
6.374841332435607910e-01
6.649235486984252930e-01
9.272055029869079590e-01
8.456640243530273438e-01
7.111173868179321289e-01
9.660883545875549316e-01
6.387199759483337402e-01
9.496226906776428223e-01
9.478346705436706543e-01
9.712841510772705078e-01
8.269109725952148438e-01
8.095346093177795410e-01
9.406040310859680176e-01
9.652296304702758789e-01
9.600460529327392578e-01
9.637969136238098145e-01
9.562750458717346191e-01
9.727566838264465332e-01
8.874649405479431152e-01
9.270498752593994141e-01
3.139155507087707520e-01
9.880833029747009277e-01
9.223487377166748047e-01
9.163711071014404297e-01
8.900033235549926758e-01
9.188190102577209473e-01
8.075579404830932617e-01
5.276757478713989258e-01
8.751327991485595703e-01
9.062844514846801758e-01
9.522533416748046875e-01
9.196887612342834473e-01
6.317987442016601562e-01
7.255111932754516602e-01
9.424494504928588867e-01
5.826102495193481445e-01
1.544225811958312988e-01
7.797017693519592285e-01
8.969321250915527344e-01
8.671025037765502930e-01
7.227489352226257324e-01
8.938502073287963867e-01
9.785754680633544922e-01
8.253629207611083984e-01
9.469408392906188965e-01
7.833750247955322266e-01
9.279048442840576172e-01
9.234855771064758301e-01
9.555774331092834473e-01
9.786536693572998047e-01
4.775553941726684570e-01
6.611135601997375488e-01
9.404353499412536621e-01
5.721409320831298828e-01
8.294935226440429688e-01
9.245272874832153320e-01
8.025450110435485840e-01
9.018778800964355469e-01
3.093094192445278168e-02
9.260330200195312500e-01
8.354201912879943848e-01
9.150586724281311035e-01
9.808247685432434082e-01
9.055804610252380371e-01
9.172887802124023438e-01
9.392322301864624023e-01
5.101094245910644531e-01
7.868240475654602051e-01
5.907287597656250000e-01
9.548695087432861328e-01
9.320736527442932129e-01
9.137429594993591309e-01
6.644087433815002441e-01
8.846230506896972656e-01
5.159431695938110352e-01
9.361393451690673828e-01
5.640619993209838867e-02
9.110186696052551270e-01
9.425359964370727539e-01
8.987001180648803711e-01
7.796236872673034668e-01
8.370979428291320801e-01
8.828078508377075195e-01
5.610979795455932617e-01
7.597883343696594238e-01
7.182685136795043945e-01
4.398754537105560303e-01
4.862705171108245850e-01
7.049261927604675293e-01
7.636922001838684082e-01
4.967043995857238770e-01
9.317891597747802734e-01
9.236546158790588379e-01
9.465451836585998535e-01
9.515377879142761230e-01
9.002532958984375000e-01
8.800645470619201660e-01
9.027112722396850586e-01
4.933374822139739990e-01
3.707987070083618164e-02
5.673886463046073914e-02
7.447732090950012207e-01
8.844739794731140137e-01
8.186606168746948242e-01
8.177135586738586426e-01
8.150278925895690918e-01
9.687108993530273438e-01
7.029050588607788086e-01
7.296836376190185547e-01
8.392485380172729492e-01
7.269216775894165039e-01
7.665222287178039551e-01
7.828177809715270996e-01
8.818182945251464844e-01
9.454401731491088867e-01
9.061776399612426758e-01
9.737722873687744141e-01
9.821614027023315430e-01
4.908602237701416016e-01
8.672812581062316895e-01
7.143116593360900879e-01
9.358748793601989746e-01
4.077120125293731689e-01
6.915478110313415527e-01
7.655783295631408691e-01
9.678158760070800781e-01
8.643741607666015625e-01
8.528287410736083984e-01
8.703274726867675781e-01
6.395673751831054688e-01
9.352349638938903809e-01
7.157022953033447266e-01
5.787160396575927734e-01
9.341791272163391113e-01
6.134795546531677246e-01
8.064215183258056641e-01
9.725348353385925293e-01
9.032257795333862305e-01
8.633175492286682129e-01
9.865226149559020996e-01
9.926192164421081543e-01
9.597485065460205078e-01
2.448305636644363403e-01
9.715405106544494629e-01
7.946951389312744141e-01
9.741727113723754883e-01
8.912281990051269531e-01
9.483743309974670410e-01
8.875350952148437500e-01
9.237496256828308105e-01
8.210729360580444336e-01
2.419628500938415527e-01
9.268397688865661621e-01
9.503560066223144531e-01
9.633253216743469238e-01
9.070960283279418945e-01
9.511176943778991699e-01
9.855868816375732422e-01
9.045078754425048828e-01
6.039803624153137207e-01
9.583126306533813477e-01
9.473930001258850098e-01
9.116008877754211426e-01
7.348521947860717773e-01
7.463687062263488770e-01
3.210229575634002686e-01
8.784062862396240234e-01
9.351314902305603027e-01
4.317237734794616699e-01
5.865816771984100342e-02
3.297781944274902344e-01
2.398573607206344604e-01
7.770012021064758301e-01
8.828862905502319336e-01
6.387316584587097168e-01
5.152937769889831543e-01
9.257345199584960938e-01
9.492993354797363281e-01
4.557648897171020508e-01
9.411675930023193359e-01
9.221601486206054688e-01
9.600169658660888672e-01
9.754371047019958496e-01
8.033943772315979004e-01
9.609414935111999512e-01
6.090609431266784668e-01
9.139049053192138672e-01
5.972585678100585938e-01
8.678891062736511230e-01
9.433299899101257324e-01
7.834140658378601074e-01
9.029315710067749023e-01
7.325767278671264648e-01
7.839753627777099609e-01
6.813805103302001953e-01
6.997074484825134277e-01
5.615880489349365234e-01
9.518544077873229980e-01
7.255657315254211426e-01
9.708368182182312012e-01
9.292636513710021973e-01
9.649670124053955078e-01
9.370292425155639648e-01
6.162920594215393066e-01
9.482082724571228027e-01
9.721779823303222656e-01
9.753463864326477051e-01
8.391383290290832520e-01
9.916518330574035645e-01
9.921815395355224609e-01
9.576128125190734863e-01
3.370226919651031494e-01
9.873875975608825684e-01
9.603934884071350098e-01
8.741561770439147949e-01
9.778811931610107422e-01
2.268213927745819092e-01
9.515272378921508789e-01
3.025245852768421173e-02
3.746654465794563293e-02
1.899410784244537354e-02
7.883684039115905762e-01
9.253954291343688965e-01
9.649484753608703613e-01
9.295958876609802246e-01
9.413618445396423340e-01
9.443693161010742188e-01
9.810770153999328613e-01
7.471593022346496582e-01
3.165606260299682617e-01
6.193348169326782227e-01
8.888916373252868652e-01
5.175193548202514648e-01
9.658454060554504395e-01
9.708964228630065918e-01
8.777223229408264160e-01
9.213762283325195312e-01
9.509698748588562012e-01
9.737219810485839844e-01
8.912307620048522949e-01
9.934706687927246094e-01
9.906953573226928711e-01
9.178324937820434570e-01
9.834725856781005859e-01
9.761451482772827148e-01
9.922926425933837891e-01
8.881633877754211426e-01
7.843990325927734375e-01
8.759909272193908691e-01
9.782966375350952148e-01
8.762257695198059082e-01
4.485049545764923096e-01
9.274889826774597168e-01
9.941322207450866699e-01
9.851062297821044922e-01
8.603988289833068848e-01
9.884178042411804199e-01
9.593914747238159180e-01
9.887897968292236328e-01
9.811080098152160645e-01
9.700049757957458496e-01
9.732155203819274902e-01
8.239973187446594238e-01
5.453606843948364258e-01
7.750611901283264160e-01
9.215033650398254395e-01
9.814344644546508789e-01
3.978559970855712891e-01
8.405385017395019531e-01
7.004516124725341797e-01
5.927268266677856445e-01
5.473813414573669434e-01
9.642093777656555176e-01
6.383064389228820801e-01
8.493251800537109375e-01
9.430045485496520996e-01
5.909659266471862793e-01
9.660456180572509766e-01
8.619446158409118652e-01
9.051721692085266113e-01
3.889484405517578125e-01
8.331212401390075684e-01
4.207827150821685791e-01
9.779937267303466797e-01
5.522427558898925781e-01
8.179830312728881836e-01
9.271913766860961914e-01
9.265443086624145508e-01
8.579342961311340332e-01
2.535961866378784180e-01
9.483082890510559082e-01
3.743533492088317871e-01
2.018181383609771729e-01
7.500834465026855469e-01
4.750481247901916504e-01
7.177802324295043945e-01
6.552730798721313477e-01
6.584782004356384277e-01
9.274066090583801270e-01
3.898168802261352539e-01
5.405440926551818848e-01
7.067705988883972168e-01
8.668938279151916504e-01
9.022088646888732910e-01
9.295051097869873047e-01
6.796559095382690430e-01
9.663851857185363770e-01
9.813941717147827148e-01
9.794111847877502441e-01
2.151535004377365112e-01
5.157208442687988281e-01
5.784814953804016113e-01
9.685897231101989746e-01
9.296286106109619141e-01
9.449175000190734863e-01
2.656790316104888916e-01
8.970412015914916992e-01
9.242016673088073730e-01
9.213066101074218750e-01
9.164035916328430176e-01
7.859620451927185059e-01
9.883208870887756348e-01
9.881104230880737305e-01
9.764853715896606445e-01
7.978115677833557129e-01
6.326745748519897461e-01
9.265261888504028320e-01
8.488944172859191895e-01
9.407901167869567871e-01
8.957599997520446777e-01
2.450012564659118652e-01
8.874388337135314941e-01
9.704905748367309570e-01
5.713714361190795898e-01
9.525287151336669922e-01
7.196207642555236816e-01
8.733552098274230957e-01
7.087556123733520508e-01
9.558017849922180176e-01
9.674422144889831543e-01
2.130239270627498627e-02
9.180741906166076660e-01
9.362510442733764648e-01
8.989939689636230469e-01
9.647193551063537598e-01
8.154131770133972168e-01
6.215125918388366699e-01
2.916370034217834473e-01
7.837351560592651367e-01
3.596577942371368408e-01
7.529087662696838379e-01
9.083481431007385254e-01
6.488214135169982910e-01
9.333120584487915039e-01
3.854182362556457520e-01
7.651937603950500488e-01
8.801324963569641113e-01
3.171024844050407410e-02
1.335515528917312622e-01
4.232704341411590576e-01
5.192597508430480957e-01
4.676466286182403564e-01
3.465104699134826660e-01
6.831031441688537598e-01
5.764471292495727539e-01
9.933453798294067383e-01
9.574614763259887695e-01
9.084829092025756836e-01
5.316676571965217590e-02
9.813381433486938477e-01
9.895528554916381836e-01
9.769909977912902832e-01
9.721834063529968262e-01
9.773832559585571289e-01
9.903538227081298828e-01
9.894950985908508301e-01
9.493100047111511230e-01
9.875047802925109863e-01
8.980834484100341797e-01
9.104703068733215332e-01
9.901476502418518066e-01
7.952078580856323242e-01
9.061604142189025879e-01
6.938745975494384766e-01
9.775992631912231445e-01
9.813605546951293945e-01
9.140447378158569336e-01
1.300964504480361938e-01
1.035967767238616943e-01
3.204562067985534668e-01
7.398066520690917969e-01
8.492474555969238281e-01
9.520574808120727539e-01
8.349080681800842285e-01
4.479342401027679443e-01
6.591656804084777832e-01
9.473649859428405762e-01
9.510139822959899902e-01
9.569723606109619141e-01
9.223610162734985352e-01
9.586253166198730469e-01
9.467146992683410645e-01
9.527047276496887207e-01
7.591156959533691406e-01
9.405183196067810059e-01
9.631087779998779297e-01
9.483319520950317383e-01
6.951274871826171875e-01
7.328835725784301758e-01
6.194338798522949219e-01
7.315850853919982910e-01
4.798153638839721680e-01
8.375625610351562500e-01
1.334931254386901855e-01
9.302383065223693848e-01
5.044316649436950684e-01
9.132330417633056641e-01
8.499476909637451172e-01
9.361683726310729980e-01
3.868884742259979248e-01
4.845540821552276611e-01
9.330054521560668945e-01
9.457798004150390625e-01
9.777461290359497070e-01
9.538999795913696289e-01
9.754675030708312988e-01
9.766672849655151367e-01
9.800217747688293457e-01
9.112018346786499023e-01
9.414895772933959961e-01
9.217109084129333496e-01
5.644608139991760254e-01
9.205173254013061523e-01
7.656338214874267578e-01
6.156526803970336914e-01
4.703157581388950348e-03
1.458216737955808640e-02
5.921215415000915527e-01
8.436493277549743652e-01
3.895963430404663086e-01
1.923965811729431152e-01
9.248164892196655273e-01
8.113933205604553223e-01
7.697377800941467285e-01
9.338894486427307129e-01
8.892216086387634277e-01
6.971479058265686035e-01
4.702330231666564941e-01
8.887385725975036621e-01
5.842286944389343262e-01
6.353022456169128418e-01
7.695434093475341797e-01
9.481063485145568848e-01
9.329242110252380371e-01
8.246084451675415039e-01
8.304220438003540039e-01
4.491571485996246338e-01
9.163639545440673828e-01
8.120492696762084961e-01
5.660135149955749512e-01
7.433522343635559082e-01
9.831575751304626465e-01
4.593271017074584961e-01
9.848751425743103027e-01
1.346495561301708221e-02
8.389354944229125977e-01
9.180825352668762207e-01
6.953780651092529297e-01
9.633018970489501953e-01
1.171565279364585876e-01
9.701245427131652832e-01
9.885270595550537109e-01
9.932536482810974121e-01
9.836052060127258301e-01
9.710400104522705078e-01
9.970297813415527344e-01
9.111679196357727051e-01
9.971848130226135254e-01
9.273600578308105469e-01
9.925468564033508301e-01
9.861925244331359863e-01
9.702881574630737305e-01
9.883113503456115723e-01
2.016352675855159760e-02
1.056150533258914948e-02
9.778703451156616211e-01
8.937148451805114746e-01
9.532318711280822754e-01
9.784854054450988770e-01
9.661425352096557617e-01
9.833111763000488281e-01
9.844202399253845215e-01
9.370816946029663086e-01
5.532227754592895508e-01
6.824424266815185547e-01
4.917313158512115479e-01
9.665172100067138672e-01
9.186965227127075195e-01
9.134310483932495117e-01
9.277361631393432617e-01
8.944718241691589355e-01
9.567191004753112793e-01
9.762638807296752930e-01
9.674097299575805664e-01
9.393530488014221191e-01
9.296212196350097656e-01
5.554733276367187500e-01
9.558367729187011719e-01
9.251008033752441406e-01
8.836183547973632812e-01
7.800197005271911621e-01
7.795489430427551270e-01
9.280290603637695312e-01
9.601833224296569824e-01
4.954822659492492676e-01
9.314608573913574219e-01
9.095876812934875488e-01
7.432727813720703125e-01
7.478614449501037598e-01
8.250709176063537598e-01
9.177168011665344238e-01
5.827973410487174988e-02
9.015839695930480957e-01
9.337414503097534180e-01
8.155231475830078125e-01
9.570143818855285645e-01
9.469959735870361328e-01
9.108439087867736816e-01
7.883687019348144531e-01
8.208695650100708008e-01
9.432101249694824219e-01
3.614876270294189453e-01
7.647555470466613770e-01
9.059898257255554199e-01
6.140760779380798340e-01
9.098141789436340332e-01
9.303334355354309082e-01
8.609555959701538086e-01
9.303662180900573730e-01
5.899076461791992188e-01
7.503520250320434570e-01
9.404312372207641602e-01
9.151859283447265625e-01
9.518186450004577637e-01
9.530455470085144043e-01
9.530652761459350586e-01
9.097162485122680664e-01
7.922424077987670898e-01
6.885185241699218750e-01
8.232506513595581055e-01
9.459627866744995117e-01
9.349023103713989258e-01
9.596024751663208008e-01
5.854663848876953125e-01
4.299491047859191895e-01
7.037678360939025879e-02
3.228114843368530273e-01
9.535977840423583984e-01
8.488536477088928223e-01
9.059605002403259277e-01
9.172847270965576172e-01
9.104686379432678223e-01
7.859189510345458984e-01
9.460111260414123535e-01
8.819507956504821777e-01
9.277715682983398438e-01
8.765503764152526855e-01
9.399800896644592285e-01
8.450765013694763184e-01
8.953471779823303223e-01
6.648401021957397461e-01
5.185345411300659180e-01
7.243585586547851562e-01
8.041155338287353516e-01
6.787406206130981445e-01
9.625173211097717285e-01
8.082458376884460449e-01
3.477028757333755493e-02
3.957774341106414795e-01
8.440648913383483887e-01
8.101336956024169922e-01
9.471652507781982422e-01
7.605374455451965332e-01
7.314445376396179199e-01
7.302286028861999512e-01
8.956411480903625488e-01
8.604639768600463867e-01
8.677797317504882812e-01
7.030834555625915527e-01
9.013871550559997559e-01
9.083043932914733887e-01
9.453938007354736328e-01
6.338466405868530273e-01
9.794019460678100586e-01
9.733840227127075195e-01
9.798091650009155273e-01
7.053076028823852539e-01
9.669619798660278320e-01
4.917108118534088135e-01
8.700579404830932617e-01
9.518111944198608398e-01
8.991672396659851074e-01
9.305343627929687500e-01
9.153079390525817871e-01
1.279600858688354492e-01
9.701017737388610840e-01
9.866558313369750977e-01
8.966506719589233398e-01
9.890678524971008301e-01
9.131066799163818359e-01
9.867939352989196777e-01
9.947243332862854004e-01
9.870585799217224121e-01
9.963441491127014160e-01
9.747665524482727051e-01
7.876641750335693359e-01
9.865342378616333008e-01
9.787653088569641113e-01
9.798666238784790039e-01
8.870076537132263184e-01
3.549018502235412598e-01
9.705675840377807617e-01
9.927117824554443359e-01
8.120833039283752441e-01
9.938817024230957031e-01
9.899252653121948242e-01
7.312169075012207031e-01
9.716103672981262207e-01
8.963956832885742188e-01
9.183390140533447266e-01
9.071468114852905273e-01
5.016662478446960449e-01
9.456732869148254395e-01
5.819145441055297852e-01
9.667388796806335449e-01
9.126047492027282715e-01
9.055668711662292480e-01
8.051238059997558594e-01
9.746247529983520508e-01
9.469237327575683594e-01
7.622132897377014160e-01
8.195102214813232422e-01
9.563509225845336914e-01
9.589214324951171875e-01
8.041909337043762207e-01
8.331853151321411133e-01
9.218022823333740234e-01
2.595722675323486328e-01
8.548845052719116211e-01
4.969017505645751953e-01
7.581844329833984375e-01
5.954500436782836914e-01
9.570796489715576172e-01
9.721455574035644531e-01
5.604930520057678223e-01
5.252983570098876953e-01
6.352507472038269043e-01
8.813374638557434082e-01
1.882953941822052002e-02
9.381381273269653320e-01
3.507348895072937012e-02
9.099953174591064453e-01
9.798955917358398438e-01
9.656727313995361328e-01
9.873294830322265625e-01
9.929164648056030273e-01
7.825484275817871094e-01
9.643291831016540527e-01
9.817668795585632324e-01
7.460456490516662598e-01
9.943540096282958984e-01
9.276624917984008789e-01
9.856351613998413086e-01
9.729511737823486328e-01
9.671095609664916992e-01
2.996507585048675537e-01
9.814892411231994629e-01
9.777485132217407227e-01
9.112452864646911621e-01
6.621799468994140625e-01
9.243924021720886230e-01
9.272136092185974121e-01
9.531823396682739258e-01
7.520101070404052734e-01
9.094967842102050781e-01
5.748142600059509277e-01
9.237982034683227539e-01
9.237222671508789062e-01
9.207386970520019531e-01
8.394883275032043457e-01
9.525550007820129395e-01
9.557802677154541016e-01
9.127236008644104004e-01
9.599468708038330078e-01
8.285366296768188477e-01
7.094458341598510742e-01
9.124005436897277832e-01
7.982789278030395508e-01
8.285952210426330566e-01
9.663015604019165039e-01
5.785536766052246094e-01
9.790462255477905273e-01
4.496447145938873291e-01
9.588130116462707520e-01
9.032587409019470215e-01
9.734734892845153809e-01
9.568898081779479980e-01
9.484699964523315430e-01
9.455013275146484375e-01
9.890542030334472656e-01
9.619310498237609863e-01
9.912499189376831055e-01
9.909884333610534668e-01
9.912726283073425293e-01
9.645838737487792969e-01
9.470075368881225586e-01
8.631045222282409668e-01
9.914222359657287598e-01
7.914149761199951172e-01
8.599937558174133301e-01
9.846258759498596191e-01
9.627327322959899902e-01
9.498170018196105957e-01
1.887015067040920258e-02
4.953332990407943726e-02
9.547517299652099609e-01
1.866129599511623383e-02
3.995800316333770752e-01
8.841233253479003906e-01
9.791535139083862305e-01
9.444677829742431641e-01
9.739688634872436523e-01
9.779741168022155762e-01
9.819820523262023926e-01
9.734288454055786133e-01
5.885064601898193359e-01
6.384009718894958496e-01
3.764923512935638428e-01
7.834912538528442383e-01
9.738295674324035645e-01
9.709585309028625488e-01
9.513635039329528809e-01
6.696594357490539551e-01
9.581218957901000977e-01
2.906819107010960579e-03
1.398524385876953602e-03
4.566189274191856384e-02
2.162244021892547607e-01
5.999983549118041992e-01
9.447242617607116699e-01
9.471373558044433594e-01
7.290282249450683594e-01
1.731101721525192261e-01
9.273792505264282227e-01
8.728327751159667969e-01
9.039003252983093262e-01
9.699374437332153320e-01
1.899758167564868927e-02
9.444515109062194824e-01
9.727233648300170898e-01
9.453831911087036133e-01
9.342166781425476074e-01
8.835871815681457520e-01
9.635593295097351074e-01
9.445952177047729492e-01
9.706531763076782227e-01
9.879968762397766113e-01
9.621776342391967773e-01
9.566938281059265137e-01
9.684803485870361328e-01
9.579454660415649414e-01
2.922058999538421631e-01
1.859431862831115723e-01
9.443706274032592773e-01
5.976415276527404785e-01
9.507318735122680664e-01
9.224919676780700684e-01
7.117365002632141113e-01
7.496220469474792480e-01
8.936940431594848633e-01
6.436492204666137695e-01
1.521391272544860840e-01
8.671804070472717285e-01
8.561547994613647461e-01
8.127751350402832031e-01
8.541113138198852539e-01
9.307881593704223633e-01
8.742761611938476562e-01
9.357960820198059082e-01
9.112650156021118164e-01
3.640854358673095703e-02
6.570208072662353516e-01
8.403754830360412598e-01
7.989364862442016602e-01
6.107475161552429199e-01
9.331912398338317871e-01
7.218059897422790527e-01
9.723787903785705566e-01
9.378889203071594238e-01
9.412251710891723633e-01
9.667842388153076172e-01
8.967047333717346191e-01
9.759405255317687988e-01
9.759953618049621582e-01
9.392144680023193359e-01
6.670309305191040039e-01
9.888628721237182617e-01
9.937102794647216797e-01
9.941018223762512207e-01
9.359205365180969238e-01
6.619827449321746826e-02
9.853861331939697266e-01
9.425249695777893066e-01
9.849861264228820801e-01
9.762742519378662109e-01
9.551386237144470215e-01
5.539172887802124023e-01
7.936624884605407715e-01
1.797493663616478443e-03
1.996889896690845490e-02
1.469456823542714119e-03
7.907541394233703613e-01
7.855449318885803223e-01
9.314717054367065430e-01
8.347287178039550781e-01
8.723791837692260742e-01
1.119896396994590759e-01
7.551152110099792480e-01
5.288627147674560547e-01
6.784031391143798828e-01
5.435449481010437012e-01
7.759718298912048340e-01
5.165919065475463867e-01
9.341529011726379395e-01
7.555640935897827148e-01
9.158172011375427246e-01
9.280415177345275879e-01
9.561141729354858398e-01
8.640165328979492188e-01
9.188330173492431641e-01
9.463868141174316406e-01
8.614698052406311035e-01
8.940121531486511230e-01
8.314012289047241211e-01
6.538908183574676514e-02
9.344417452812194824e-01
7.203701138496398926e-01
7.575291395187377930e-01
5.476340651512145996e-01
7.303808331489562988e-01
8.099991679191589355e-01
4.358398914337158203e-01
2.204992026090621948e-01
3.100413680076599121e-01
6.152013540267944336e-01
8.166947364807128906e-01
5.386997461318969727e-01
6.724865436553955078e-01
8.576145172119140625e-01
9.013833403587341309e-01
8.534430861473083496e-01
9.794027209281921387e-01
9.173303246498107910e-01
8.874257206916809082e-01
6.597561240196228027e-01
9.694263339042663574e-01
6.888520121574401855e-01
8.630872964859008789e-01
7.995464801788330078e-01
5.346670746803283691e-01
9.438548088073730469e-01
6.094661355018615723e-01
8.292407989501953125e-01
9.281212687492370605e-01
9.475050568580627441e-01
8.699817061424255371e-01
8.568072915077209473e-01
9.332062602043151855e-01
8.955976963043212891e-01
3.640347719192504883e-01
9.292162060737609863e-01
2.861382365226745605e-01
9.167087078094482422e-01
5.694780945777893066e-01
9.155783057212829590e-01
9.516490101814270020e-01
9.467846751213073730e-01
8.979597687721252441e-01
4.978417754173278809e-01
5.613266229629516602e-01
4.677354097366333008e-01
7.304027080535888672e-01
4.196794927120208740e-01
9.080101251602172852e-01
7.779515981674194336e-01
9.738907814025878906e-01
9.238155484199523926e-01
8.103056550025939941e-01
7.816627025604248047e-01
4.844049513339996338e-01
8.616639375686645508e-01
1.987839490175247192e-01
5.746247768402099609e-01
7.377942204475402832e-01
9.348645806312561035e-01
9.473495483398437500e-01
6.149056553840637207e-01
8.747879266738891602e-01
8.868495821952819824e-01
9.243598580360412598e-01
9.384669661521911621e-01
8.558134436607360840e-01
9.266747236251831055e-01
6.185486316680908203e-01
6.507733464241027832e-01
8.704574704170227051e-01
5.925016943365335464e-03
9.786696434020996094e-01
3.856727778911590576e-01
8.855150341987609863e-01
6.199914216995239258e-01
9.510830044746398926e-01
6.901600360870361328e-01
8.661118149757385254e-01
8.398957848548889160e-01
7.452161908149719238e-01
9.145647883415222168e-01
8.009759783744812012e-01
6.557137966156005859e-01
8.869538307189941406e-01
6.704398989677429199e-01
8.494088649749755859e-01
9.436415433883666992e-01
9.211670756340026855e-01
9.428031444549560547e-01
9.321334362030029297e-01
8.758698105812072754e-01
9.627952575683593750e-01
9.447148442268371582e-01
8.798864483833312988e-01
8.205628395080566406e-01
9.765639305114746094e-01
8.997774720191955566e-01
9.120077490806579590e-01
9.420959353446960449e-01
7.746018171310424805e-01
8.240425586700439453e-01
9.099259972572326660e-01
9.338100552558898926e-01
9.152539372444152832e-01
9.759843349456787109e-01
8.877658843994140625e-01
4.912129640579223633e-01
4.728859364986419678e-01
5.373061895370483398e-01
9.041483402252197266e-01
8.761786222457885742e-01
8.519693613052368164e-01
9.043185114860534668e-01
8.492180109024047852e-01
4.870534837245941162e-01
8.297287225723266602e-01
9.582800269126892090e-01
4.050287976861000061e-02
7.055284976959228516e-01
5.652507543563842773e-01
5.507855415344238281e-01
7.092109918594360352e-01
9.264110922813415527e-01
1.726900190114974976e-01
6.806712746620178223e-01
9.558804631233215332e-01
5.551410913467407227e-01
7.899559140205383301e-01
6.292564272880554199e-01
9.168702363967895508e-01
9.200387597084045410e-01
8.711475133895874023e-01
5.446072816848754883e-01
7.948228716850280762e-01
7.104360461235046387e-01
9.669014811515808105e-01
8.034932613372802734e-01
8.644255995750427246e-01
8.787670135498046875e-01
7.948952913284301758e-01
8.388057947158813477e-01
8.482626676559448242e-01
9.491891264915466309e-01
9.472696781158447266e-01
9.718101620674133301e-01
9.651781916618347168e-01
9.504281282424926758e-01
6.665326356887817383e-01
8.638922572135925293e-01
8.563617467880249023e-01
9.420713186264038086e-01
9.223793745040893555e-01
9.555510878562927246e-01
9.296380877494812012e-01
9.444098472595214844e-01
9.272410869598388672e-01
9.690693020820617676e-01
9.573508501052856445e-01
9.370204210281372070e-01
8.928278684616088867e-01
6.805629730224609375e-01
9.195966124534606934e-01
9.304428100585937500e-01
1.914871484041213989e-01
9.612420201301574707e-01
9.442901611328125000e-01
7.035281658172607422e-01
6.863623857498168945e-01
5.479285120964050293e-01
4.414706528186798096e-01
6.846656203269958496e-01
9.020276069641113281e-01
3.768189549446105957e-01
7.655957937240600586e-01
8.013712167739868164e-01
6.897149682044982910e-01
5.970298051834106445e-01
5.388508439064025879e-01
9.140393733978271484e-01
8.203042149543762207e-01
9.510360956192016602e-01
9.530901908874511719e-01
9.365745782852172852e-01
7.764248847961425781e-01
8.789190053939819336e-01
8.278405070304870605e-01
8.278841376304626465e-01
5.431382060050964355e-01
7.750005125999450684e-01
6.501389741897583008e-01
6.912525743246078491e-02
5.364378690719604492e-01
3.662542104721069336e-01
4.784124195575714111e-01
9.541877508163452148e-01
6.237106919288635254e-01
7.709803581237792969e-01
9.699002504348754883e-01
9.048442840576171875e-01
6.216984391212463379e-01
9.419404268264770508e-01
8.761607408523559570e-01
8.369256854057312012e-01
6.842228770256042480e-01
7.187245488166809082e-01
9.660034775733947754e-01
4.573813378810882568e-01
5.979549884796142578e-01
8.704459667205810547e-01
7.870645523071289062e-01
8.427443504333496094e-01
9.054604768753051758e-01
9.113451838493347168e-01
6.099863052368164062e-01
7.708457112312316895e-01
9.437252879142761230e-01
6.901526451110839844e-01
6.522804498672485352e-01
7.039491534233093262e-01
5.115655660629272461e-01
9.256508350372314453e-01
9.485745429992675781e-01
1.627498865127563477e-01
4.305899441242218018e-01
2.055043727159500122e-01
9.835734963417053223e-01
9.311153292655944824e-01
7.410137653350830078e-01
9.090982675552368164e-01
8.343375921249389648e-01
1.799451857805252075e-01
9.265224337577819824e-01
4.554167091846466064e-01
9.640814065933227539e-01
9.106717109680175781e-01
9.421049356460571289e-01
8.201296925544738770e-01
5.318951010704040527e-01
6.939336657524108887e-01
7.658646106719970703e-01
7.159469127655029297e-01
7.867748737335205078e-01
9.095901846885681152e-01
4.806620180606842041e-01
4.656175076961517334e-01
8.344490528106689453e-01
7.135370373725891113e-01
8.717691898345947266e-01
8.929271101951599121e-01
8.989493846893310547e-01
9.422979950904846191e-01
9.332721829414367676e-01
8.319245576858520508e-01
9.394204020500183105e-01
7.979542948305606842e-03
8.184435963630676270e-01
6.519527435302734375e-01
2.890352606773376465e-01
9.332254528999328613e-01
9.177874922752380371e-01
8.377222418785095215e-01
7.903983443975448608e-02
4.564345479011535645e-01
7.592439055442810059e-01
9.012444019317626953e-01
3.755386471748352051e-01
7.262830734252929688e-01
7.797722816467285156e-01
8.183446526527404785e-01
8.165050745010375977e-01
5.411572456359863281e-01
5.630138516426086426e-01
7.610352039337158203e-01
7.858386039733886719e-01
5.460324287414550781e-01
7.930062413215637207e-01
7.361891865730285645e-01
9.264205098152160645e-01
9.739550948143005371e-01
9.738344550132751465e-01
9.400551915168762207e-01
9.330202937126159668e-01
9.111559987068176270e-01
6.363728642463684082e-01
8.757208585739135742e-01
9.345688819885253906e-01
9.927122294902801514e-02
4.617874920368194580e-01
8.409565687179565430e-01
7.632087469100952148e-01
8.714998364448547363e-01
9.003817439079284668e-01
8.265669941902160645e-01
5.599730014801025391e-01
5.019258260726928711e-01
7.152339816093444824e-01
8.008190989494323730e-01
9.744228124618530273e-01
8.238508105278015137e-01
2.206244170665740967e-01
9.368657469749450684e-01
1.897881925106048584e-01
8.667545914649963379e-01
6.334811449050903320e-01
9.101087450981140137e-01
5.280448794364929199e-01
4.875497817993164062e-01
6.844267845153808594e-01
8.403534293174743652e-01
5.581150576472282410e-02
9.251345992088317871e-01
5.333465337753295898e-01
8.122533559799194336e-01
8.346291184425354004e-01
8.459606170654296875e-01
8.555498123168945312e-01
2.458728700876235962e-01
1.480044275522232056e-01
9.029756784439086914e-01
7.839998006820678711e-01
9.234980940818786621e-01
9.705075025558471680e-01
8.877528905868530273e-01
7.218216061592102051e-01
6.947202682495117188e-01
7.182641029357910156e-01
5.286634564399719238e-01
9.350867271423339844e-01
5.834102034568786621e-01
9.647741317749023438e-01
8.144922256469726562e-01
9.467337131500244141e-01
9.594891071319580078e-01
8.012629747390747070e-01
7.495065331459045410e-01
8.714773058891296387e-01
7.844224572181701660e-01
6.905131936073303223e-01
5.063985586166381836e-01
8.874014616012573242e-01
5.473908185958862305e-01
8.483444452285766602e-01
9.404247999191284180e-01
7.804737091064453125e-01
9.428942799568176270e-01
9.840512871742248535e-01
2.559008002281188965e-01
9.284431338310241699e-01
7.712133526802062988e-01
9.294547438621520996e-01
9.322769045829772949e-01
7.088227272033691406e-01
7.858249545097351074e-01
8.841614127159118652e-01
4.885132610797882080e-01
5.239908695220947266e-01
6.598833948373794556e-02
8.472562432289123535e-01
8.500238060951232910e-01
9.838866591453552246e-01
8.518102169036865234e-01
9.393374919891357422e-01
8.272473812103271484e-01
4.765120744705200195e-01
9.324977397918701172e-01
4.278702735900878906e-01
7.151571512222290039e-01
9.179248809814453125e-01
2.587620317935943604e-01
9.747757315635681152e-01
9.349066615104675293e-01
9.481740593910217285e-01
9.147244691848754883e-01
9.605560302734375000e-01
9.372908473014831543e-01
9.613034725189208984e-01
9.369629621505737305e-01
9.504564404487609863e-01
9.034425020217895508e-01
7.063164710998535156e-01
8.039305806159973145e-01
4.595234394073486328e-01
3.845096528530120850e-01
9.924463629722595215e-01
9.077536463737487793e-01
3.290199339389801025e-01
8.925778269767761230e-01
8.005265593528747559e-01
7.611999511718750000e-01
6.548435091972351074e-01
8.374730944633483887e-01
9.183599948883056641e-01
9.717149138450622559e-01
9.871637821197509766e-01
9.868331551551818848e-01
9.839254617691040039e-01
9.602132439613342285e-01
8.612846136093139648e-01
9.792861342430114746e-01
9.196591973304748535e-01
9.774348735809326172e-01
9.412308335304260254e-01
9.856041669845581055e-01
9.575402736663818359e-01
9.322189092636108398e-01
2.624066472053527832e-01
4.434540867805480957e-01
7.445734143257141113e-01
7.414172291755676270e-01
8.068239092826843262e-01
8.701886534690856934e-01
6.758584380149841309e-01
9.103708863258361816e-01
9.352052807807922363e-01
5.705330967903137207e-01
9.456610083580017090e-01
4.346226453781127930e-01
9.307187199592590332e-01
9.385671615600585938e-01
8.467898964881896973e-01
9.521911740303039551e-01
9.562661647796630859e-01
6.766118407249450684e-01
8.373498916625976562e-01
3.091375231742858887e-01
9.742574691772460938e-01
7.744353413581848145e-01
6.039114594459533691e-01
9.669377207756042480e-01
1.161811873316764832e-01
4.503454864025115967e-01
